Node ID,Node Name,Node Role,Org Path,Node Type
Cooling-System-Root-01,Cooling System,,,Cooling System
RACK-R1-Z1-R1-01,Rack 1 in ROW-R1-Z1-R1,,Cooling System / Cooling Plant 01 / Cooling Distribution Loop 01 / Air Cooling Unit ACU-01-A / Air Zone for ROOM-1-1,Rack
RACK-R1-Z1-R1-02,Rack 2 in ROW-R1-Z1-R1,,Cooling System / Cooling Plant 01 / Cooling Distribution Loop 01 / Air Cooling Unit ACU-01-A / Air Zone for ROOM-1-1,Rack
RACK-R1-Z1-R1-03,Rack 3 in ROW-R1-Z1-R1,,Cooling System / Cooling Plant 01 / Cooling Distribution Loop 01 / Air Cooling Unit ACU-01-A / Air Zone for ROOM-1-1,Rack
RACK-R1-Z1-R1-04,Rack 4 in ROW-R1-Z1-R1,,Cooling System / Cooling Plant 01 / Cooling Distribution Loop 01 / Air Cooling Unit ACU-01-A / Air Zone for ROOM-1-1,Rack
RACK-R1-Z1-R1-05,Rack 5 in ROW-R1-Z1-R1,,Cooling System / Cooling Plant 01 / Cooling Distribution Loop 01 / Air Cooling Unit ACU-01-A / Air Zone for ROOM-1-1,Rack
RACK-R1-Z1-R1-06,Rack 6 in ROW-R1-Z1-R1,,Cooling System / Cooling Plant 01 / Cooling Distribution Loop 01 / Air Cooling Unit ACU-01-A / Air Zone for ROOM-1-1,Rack
RACK-R1-Z1-R2-01,Rack 1 in ROW-R1-Z1-R2,,Cooling System / Cooling Plant 01 / Cooling Distribution Loop 01 / Air Cooling Unit ACU-01-A / Air Zone for ROOM-1-1,Rack
RACK-R1-Z1-R2-02,Rack 2 in ROW-R1-Z1-R2,,Cooling System / Cooling Plant 01 / Cooling Distribution Loop 01 / Air Cooling Unit ACU-01-A / Air Zone for ROOM-1-1,Rack
RACK-R1-Z1-R2-03,Rack 3 in ROW-R1-Z1-R2,,Cooling System / Cooling Plant 01 / Cooling Distribution Loop 01 / Air Cooling Unit ACU-01-A / Air Zone for ROOM-1-1,Rack
RACK-R1-Z1-R2-04,Rack 4 in ROW-R1-Z1-R2,,Cooling System / Cooling Plant 01 / Cooling Distribution Loop 01 / Air Cooling Unit ACU-01-A / Air Zone for ROOM-1-1,Rack
RACK-R1-Z1-R2-05,Rack 5 in ROW-R1-Z1-R2,,Cooling System / Cooling Plant 01 / Cooling Distribution Loop 01 / Air Cooling Unit ACU-01-A / Air Zone for ROOM-1-1,Rack
RACK-R1-Z1-R2-06,Rack 6 in ROW-R1-Z1-R2,,Cooling System / Cooling Plant 01 / Cooling Distribution Loop 01 / Air Cooling Unit ACU-01-A / Air Zone for ROOM-1-1,Rack
RACK-R1-Z2-R1-01,Rack 1 in ROW-R1-Z2-R1,,Cooling System / Cooling Plant 01 / Cooling Distribution Loop 01 / Air Cooling Unit ACU-01-A / Air Zone for ROOM-1-1,Rack
RACK-R1-Z2-R1-02,Rack 2 in ROW-R1-Z2-R1,,Cooling System / Cooling Plant 01 / Cooling Distribution Loop 01 / Air Cooling Unit ACU-01-A / Air Zone for ROOM-1-1,Rack
RACK-R1-Z2-R1-03,Rack 3 in ROW-R1-Z2-R1,,Cooling System / Cooling Plant 01 / Cooling Distribution Loop 01 / Air Cooling Unit ACU-01-A / Air Zone for ROOM-1-1,Rack
RACK-R1-Z2-R1-04,Rack 4 in ROW-R1-Z2-R1,,Cooling System / Cooling Plant 01 / Cooling Distribution Loop 01 / Air Cooling Unit ACU-01-A / Air Zone for ROOM-1-1,Rack
RACK-R1-Z2-R1-05,Rack 5 in ROW-R1-Z2-R1,,Cooling System / Cooling Plant 01 / Cooling Distribution Loop 01 / Air Cooling Unit ACU-01-A / Air Zone for ROOM-1-1,Rack
RACK-R1-Z2-R1-06,Rack 6 in ROW-R1-Z2-R1,,Cooling System / Cooling Plant 01 / Cooling Distribution Loop 01 / Air Cooling Unit ACU-01-A / Air Zone for ROOM-1-1,Rack
RACK-R1-Z2-R2-01,Rack 1 in ROW-R1-Z2-R2,,Cooling System / Cooling Plant 01 / Cooling Distribution Loop 01 / Air Cooling Unit ACU-01-A / Air Zone for ROOM-1-1,Rack
RACK-R1-Z2-R2-02,Rack 2 in ROW-R1-Z2-R2,,Cooling System / Cooling Plant 01 / Cooling Distribution Loop 01 / Air Cooling Unit ACU-01-A / Air Zone for ROOM-1-1,Rack
RACK-R1-Z2-R2-03,Rack 3 in ROW-R1-Z2-R2,,Cooling System / Cooling Plant 01 / Cooling Distribution Loop 01 / Air Cooling Unit ACU-01-A / Air Zone for ROOM-1-1,Rack
RACK-R1-Z2-R2-04,Rack 4 in ROW-R1-Z2-R2,,Cooling System / Cooling Plant 01 / Cooling Distribution Loop 01 / Air Cooling Unit ACU-01-A / Air Zone for ROOM-1-1,Rack
RACK-R1-Z2-R2-05,Rack 5 in ROW-R1-Z2-R2,,Cooling System / Cooling Plant 01 / Cooling Distribution Loop 01 / Air Cooling Unit ACU-01-A / Air Zone for ROOM-1-1,Rack
RACK-R1-Z2-R2-06,Rack 6 in ROW-R1-Z2-R2,,Cooling System / Cooling Plant 01 / Cooling Distribution Loop 01 / Air Cooling Unit ACU-01-A / Air Zone for ROOM-1-1,Rack
RACK-R2-Z1-R1-01,Rack 1 in ROW-R2-Z1-R1,,Cooling System / Cooling Plant 01 / Cooling Distribution Loop 01 / Air Cooling Unit ACU-02-A / Air Zone for ROOM-1-2,Rack
RACK-R2-Z1-R1-02,Rack 2 in ROW-R2-Z1-R1,,Cooling System / Cooling Plant 01 / Cooling Distribution Loop 01 / Air Cooling Unit ACU-02-A / Air Zone for ROOM-1-2,Rack
RACK-R2-Z1-R1-03,Rack 3 in ROW-R2-Z1-R1,,Cooling System / Cooling Plant 01 / Cooling Distribution Loop 01 / Air Cooling Unit ACU-02-A / Air Zone for ROOM-1-2,Rack
RACK-R2-Z1-R1-04,Rack 4 in ROW-R2-Z1-R1,,Cooling System / Cooling Plant 01 / Cooling Distribution Loop 01 / Air Cooling Unit ACU-02-A / Air Zone for ROOM-1-2,Rack
RACK-R2-Z1-R1-05,Rack 5 in ROW-R2-Z1-R1,,Cooling System / Cooling Plant 01 / Cooling Distribution Loop 01 / Air Cooling Unit ACU-02-A / Air Zone for ROOM-1-2,Rack
RACK-R2-Z1-R1-06,Rack 6 in ROW-R2-Z1-R1,,Cooling System / Cooling Plant 01 / Cooling Distribution Loop 01 / Air Cooling Unit ACU-02-A / Air Zone for ROOM-1-2,Rack
RACK-R2-Z1-R2-01,Rack 1 in ROW-R2-Z1-R2,,Cooling System / Cooling Plant 01 / Cooling Distribution Loop 01 / Air Cooling Unit ACU-02-A / Air Zone for ROOM-1-2,Rack
RACK-R2-Z1-R2-02,Rack 2 in ROW-R2-Z1-R2,,Cooling System / Cooling Plant 01 / Cooling Distribution Loop 01 / Air Cooling Unit ACU-02-A / Air Zone for ROOM-1-2,Rack
RACK-R2-Z1-R2-03,Rack 3 in ROW-R2-Z1-R2,,Cooling System / Cooling Plant 01 / Cooling Distribution Loop 01 / Air Cooling Unit ACU-02-A / Air Zone for ROOM-1-2,Rack
RACK-R2-Z1-R2-04,Rack 4 in ROW-R2-Z1-R2,,Cooling System / Cooling Plant 01 / Cooling Distribution Loop 01 / Air Cooling Unit ACU-02-A / Air Zone for ROOM-1-2,Rack
RACK-R2-Z1-R2-05,Rack 5 in ROW-R2-Z1-R2,,Cooling System / Cooling Plant 01 / Cooling Distribution Loop 01 / Air Cooling Unit ACU-02-A / Air Zone for ROOM-1-2,Rack
RACK-R2-Z1-R2-06,Rack 6 in ROW-R2-Z1-R2,,Cooling System / Cooling Plant 01 / Cooling Distribution Loop 01 / Air Cooling Unit ACU-02-A / Air Zone for ROOM-1-2,Rack
RACK-R2-Z2-R1-01,Rack 1 in ROW-R2-Z2-R1,,Cooling System / Cooling Plant 01 / Cooling Distribution Loop 01 / Air Cooling Unit ACU-02-A / Air Zone for ROOM-1-2,Rack
RACK-R2-Z2-R1-02,Rack 2 in ROW-R2-Z2-R1,,Cooling System / Cooling Plant 01 / Cooling Distribution Loop 01 / Air Cooling Unit ACU-02-A / Air Zone for ROOM-1-2,Rack
RACK-R2-Z2-R1-03,Rack 3 in ROW-R2-Z2-R1,,Cooling System / Cooling Plant 01 / Cooling Distribution Loop 01 / Air Cooling Unit ACU-02-A / Air Zone for ROOM-1-2,Rack
RACK-R2-Z2-R1-04,Rack 4 in ROW-R2-Z2-R1,,Cooling System / Cooling Plant 01 / Cooling Distribution Loop 01 / Air Cooling Unit ACU-02-A / Air Zone for ROOM-1-2,Rack
RACK-R2-Z2-R1-05,Rack 5 in ROW-R2-Z2-R1,,Cooling System / Cooling Plant 01 / Cooling Distribution Loop 01 / Air Cooling Unit ACU-02-A / Air Zone for ROOM-1-2,Rack
RACK-R2-Z2-R1-06,Rack 6 in ROW-R2-Z2-R1,,Cooling System / Cooling Plant 01 / Cooling Distribution Loop 01 / Air Cooling Unit ACU-02-A / Air Zone for ROOM-1-2,Rack
RACK-R2-Z2-R2-01,Rack 1 in ROW-R2-Z2-R2,,Cooling System / Cooling Plant 01 / Cooling Distribution Loop 01 / Air Cooling Unit ACU-02-A / Air Zone for ROOM-1-2,Rack
RACK-R2-Z2-R2-02,Rack 2 in ROW-R2-Z2-R2,,Cooling System / Cooling Plant 01 / Cooling Distribution Loop 01 / Air Cooling Unit ACU-02-A / Air Zone for ROOM-1-2,Rack
RACK-R2-Z2-R2-03,Rack 3 in ROW-R2-Z2-R2,,Cooling System / Cooling Plant 01 / Cooling Distribution Loop 01 / Air Cooling Unit ACU-02-A / Air Zone for ROOM-1-2,Rack
RACK-R2-Z2-R2-04,Rack 4 in ROW-R2-Z2-R2,,Cooling System / Cooling Plant 01 / Cooling Distribution Loop 01 / Air Cooling Unit ACU-02-A / Air Zone for ROOM-1-2,Rack
RACK-R2-Z2-R2-05,Rack 5 in ROW-R2-Z2-R2,,Cooling System / Cooling Plant 01 / Cooling Distribution Loop 01 / Air Cooling Unit ACU-02-A / Air Zone for ROOM-1-2,Rack
RACK-R2-Z2-R2-06,Rack 6 in ROW-R2-Z2-R2,,Cooling System / Cooling Plant 01 / Cooling Distribution Loop 01 / Air Cooling Unit ACU-02-A / Air Zone for ROOM-1-2,Rack
CP-01,Cooling Plant 01,,Cooling System,Cooling Plant
CDIST-01,Cooling Distribution Loop 01,,Cooling System / Cooling Plant 01,Cooling Distribution
ACU-01-A,Air Cooling Unit ACU-01-A,,Cooling System / Cooling Plant 01 / Cooling Distribution Loop 01,Air Cooling Unit
ACU-01-B,Air Cooling Unit ACU-01-B,,Cooling System / Cooling Plant 01 / Cooling Distribution Loop 01,Air Cooling Unit
AIRZONE-R1,Air Zone for ROOM-1-1,,Cooling System / Cooling Plant 01 / Cooling Distribution Loop 01 / Air Cooling Unit ACU-01-A,Air Zone
ACU-02-A,Air Cooling Unit ACU-02-A,,Cooling System / Cooling Plant 01 / Cooling Distribution Loop 01,Air Cooling Unit
ACU-02-B,Air Cooling Unit ACU-02-B,,Cooling System / Cooling Plant 01 / Cooling Distribution Loop 01,Air Cooling Unit
AIRZONE-R2,Air Zone for ROOM-1-2,,Cooling System / Cooling Plant 01 / Cooling Distribution Loop 01 / Air Cooling Unit ACU-02-A,Air Zone
CDU-R1,CDU for ROOM-1-1,,Cooling System / Cooling Plant 01 / Cooling Distribution Loop 01,CDU
LL-R1,Liquid Loop for ROOM-1-1,,Cooling System / Cooling Plant 01 / Cooling Distribution Loop 01 / CDU for ROOM-1-1,Liquid Loop
CDU-R2,CDU for ROOM-1-2,,Cooling System / Cooling Plant 01 / Cooling Distribution Loop 01,CDU
LL-R2,Liquid Loop for ROOM-1-2,,Cooling System / Cooling Plant 01 / Cooling Distribution Loop 01 / CDU for ROOM-1-2,Liquid Loop
RDHX-RACK-R1-Z1-R1-01,RDHx for RACK-R1-Z1-R1-01,,Cooling System / Cooling Plant 01 / Cooling Distribution Loop 01 / Air Cooling Unit ACU-01-A / Air Zone for ROOM-1-1 / Rack 1 in ROW-R1-Z1-R1,RDHx
RDHX-RACK-R1-Z1-R1-02,RDHx for RACK-R1-Z1-R1-02,,Cooling System / Cooling Plant 01 / Cooling Distribution Loop 01 / Air Cooling Unit ACU-01-A / Air Zone for ROOM-1-1 / Rack 2 in ROW-R1-Z1-R1,RDHx
RDHX-RACK-R1-Z1-R1-03,RDHx for RACK-R1-Z1-R1-03,,Cooling System / Cooling Plant 01 / Cooling Distribution Loop 01 / Air Cooling Unit ACU-01-A / Air Zone for ROOM-1-1 / Rack 3 in ROW-R1-Z1-R1,RDHx
RDHX-RACK-R1-Z1-R1-04,RDHx for RACK-R1-Z1-R1-04,,Cooling System / Cooling Plant 01 / Cooling Distribution Loop 01 / Air Cooling Unit ACU-01-A / Air Zone for ROOM-1-1 / Rack 4 in ROW-R1-Z1-R1,RDHx
RDHX-RACK-R1-Z1-R1-05,RDHx for RACK-R1-Z1-R1-05,,Cooling System / Cooling Plant 01 / Cooling Distribution Loop 01 / Air Cooling Unit ACU-01-A / Air Zone for ROOM-1-1 / Rack 5 in ROW-R1-Z1-R1,RDHx
RDHX-RACK-R1-Z1-R1-06,RDHx for RACK-R1-Z1-R1-06,,Cooling System / Cooling Plant 01 / Cooling Distribution Loop 01 / Air Cooling Unit ACU-01-A / Air Zone for ROOM-1-1 / Rack 6 in ROW-R1-Z1-R1,RDHx
RDHX-RACK-R1-Z1-R2-01,RDHx for RACK-R1-Z1-R2-01,,Cooling System / Cooling Plant 01 / Cooling Distribution Loop 01 / Air Cooling Unit ACU-01-A / Air Zone for ROOM-1-1 / Rack 1 in ROW-R1-Z1-R2,RDHx
RDHX-RACK-R1-Z1-R2-02,RDHx for RACK-R1-Z1-R2-02,,Cooling System / Cooling Plant 01 / Cooling Distribution Loop 01 / Air Cooling Unit ACU-01-A / Air Zone for ROOM-1-1 / Rack 2 in ROW-R1-Z1-R2,RDHx
RDHX-RACK-R1-Z1-R2-03,RDHx for RACK-R1-Z1-R2-03,,Cooling System / Cooling Plant 01 / Cooling Distribution Loop 01 / Air Cooling Unit ACU-01-A / Air Zone for ROOM-1-1 / Rack 3 in ROW-R1-Z1-R2,RDHx
RDHX-RACK-R1-Z1-R2-04,RDHx for RACK-R1-Z1-R2-04,,Cooling System / Cooling Plant 01 / Cooling Distribution Loop 01 / Air Cooling Unit ACU-01-A / Air Zone for ROOM-1-1 / Rack 4 in ROW-R1-Z1-R2,RDHx
RDHX-RACK-R1-Z1-R2-05,RDHx for RACK-R1-Z1-R2-05,,Cooling System / Cooling Plant 01 / Cooling Distribution Loop 01 / Air Cooling Unit ACU-01-A / Air Zone for ROOM-1-1 / Rack 5 in ROW-R1-Z1-R2,RDHx
RDHX-RACK-R1-Z1-R2-06,RDHx for RACK-R1-Z1-R2-06,,Cooling System / Cooling Plant 01 / Cooling Distribution Loop 01 / Air Cooling Unit ACU-01-A / Air Zone for ROOM-1-1 / Rack 6 in ROW-R1-Z1-R2,RDHx
RDHX-RACK-R1-Z2-R1-01,RDHx for RACK-R1-Z2-R1-01,,Cooling System / Cooling Plant 01 / Cooling Distribution Loop 01 / Air Cooling Unit ACU-01-A / Air Zone for ROOM-1-1 / Rack 1 in ROW-R1-Z2-R1,RDHx
RDHX-RACK-R1-Z2-R1-02,RDHx for RACK-R1-Z2-R1-02,,Cooling System / Cooling Plant 01 / Cooling Distribution Loop 01 / Air Cooling Unit ACU-01-A / Air Zone for ROOM-1-1 / Rack 2 in ROW-R1-Z2-R1,RDHx
RDHX-RACK-R1-Z2-R1-03,RDHx for RACK-R1-Z2-R1-03,,Cooling System / Cooling Plant 01 / Cooling Distribution Loop 01 / Air Cooling Unit ACU-01-A / Air Zone for ROOM-1-1 / Rack 3 in ROW-R1-Z2-R1,RDHx
RDHX-RACK-R1-Z2-R1-04,RDHx for RACK-R1-Z2-R1-04,,Cooling System / Cooling Plant 01 / Cooling Distribution Loop 01 / Air Cooling Unit ACU-01-A / Air Zone for ROOM-1-1 / Rack 4 in ROW-R1-Z2-R1,RDHx
RDHX-RACK-R1-Z2-R1-05,RDHx for RACK-R1-Z2-R1-05,,Cooling System / Cooling Plant 01 / Cooling Distribution Loop 01 / Air Cooling Unit ACU-01-A / Air Zone for ROOM-1-1 / Rack 5 in ROW-R1-Z2-R1,RDHx
RDHX-RACK-R1-Z2-R1-06,RDHx for RACK-R1-Z2-R1-06,,Cooling System / Cooling Plant 01 / Cooling Distribution Loop 01 / Air Cooling Unit ACU-01-A / Air Zone for ROOM-1-1 / Rack 6 in ROW-R1-Z2-R1,RDHx
RDHX-RACK-R1-Z2-R2-01,RDHx for RACK-R1-Z2-R2-01,,Cooling System / Cooling Plant 01 / Cooling Distribution Loop 01 / Air Cooling Unit ACU-01-A / Air Zone for ROOM-1-1 / Rack 1 in ROW-R1-Z2-R2,RDHx
RDHX-RACK-R1-Z2-R2-02,RDHx for RACK-R1-Z2-R2-02,,Cooling System / Cooling Plant 01 / Cooling Distribution Loop 01 / Air Cooling Unit ACU-01-A / Air Zone for ROOM-1-1 / Rack 2 in ROW-R1-Z2-R2,RDHx
RDHX-RACK-R1-Z2-R2-03,RDHx for RACK-R1-Z2-R2-03,,Cooling System / Cooling Plant 01 / Cooling Distribution Loop 01 / Air Cooling Unit ACU-01-A / Air Zone for ROOM-1-1 / Rack 3 in ROW-R1-Z2-R2,RDHx
RDHX-RACK-R1-Z2-R2-04,RDHx for RACK-R1-Z2-R2-04,,Cooling System / Cooling Plant 01 / Cooling Distribution Loop 01 / Air Cooling Unit ACU-01-A / Air Zone for ROOM-1-1 / Rack 4 in ROW-R1-Z2-R2,RDHx
RDHX-RACK-R1-Z2-R2-05,RDHx for RACK-R1-Z2-R2-05,,Cooling System / Cooling Plant 01 / Cooling Distribution Loop 01 / Air Cooling Unit ACU-01-A / Air Zone for ROOM-1-1 / Rack 5 in ROW-R1-Z2-R2,RDHx
RDHX-RACK-R1-Z2-R2-06,RDHx for RACK-R1-Z2-R2-06,,Cooling System / Cooling Plant 01 / Cooling Distribution Loop 01 / Air Cooling Unit ACU-01-A / Air Zone for ROOM-1-1 / Rack 6 in ROW-R1-Z2-R2,RDHx
DTC-RACK-R2-Z1-R1-01,DTC for RACK-R2-Z1-R1-01,,Cooling System / Cooling Plant 01 / Cooling Distribution Loop 01 / Air Cooling Unit ACU-02-A / Air Zone for ROOM-1-2 / Rack 1 in ROW-R2-Z1-R1,DTC
DTC-RACK-R2-Z1-R1-02,DTC for RACK-R2-Z1-R1-02,,Cooling System / Cooling Plant 01 / Cooling Distribution Loop 01 / Air Cooling Unit ACU-02-A / Air Zone for ROOM-1-2 / Rack 2 in ROW-R2-Z1-R1,DTC
DTC-RACK-R2-Z1-R1-03,DTC for RACK-R2-Z1-R1-03,,Cooling System / Cooling Plant 01 / Cooling Distribution Loop 01 / Air Cooling Unit ACU-02-A / Air Zone for ROOM-1-2 / Rack 3 in ROW-R2-Z1-R1,DTC
DTC-RACK-R2-Z1-R1-04,DTC for RACK-R2-Z1-R1-04,,Cooling System / Cooling Plant 01 / Cooling Distribution Loop 01 / Air Cooling Unit ACU-02-A / Air Zone for ROOM-1-2 / Rack 4 in ROW-R2-Z1-R1,DTC
DTC-RACK-R2-Z1-R1-05,DTC for RACK-R2-Z1-R1-05,,Cooling System / Cooling Plant 01 / Cooling Distribution Loop 01 / Air Cooling Unit ACU-02-A / Air Zone for ROOM-1-2 / Rack 5 in ROW-R2-Z1-R1,DTC
DTC-RACK-R2-Z1-R1-06,DTC for RACK-R2-Z1-R1-06,,Cooling System / Cooling Plant 01 / Cooling Distribution Loop 01 / Air Cooling Unit ACU-02-A / Air Zone for ROOM-1-2 / Rack 6 in ROW-R2-Z1-R1,DTC
DTC-RACK-R2-Z1-R2-01,DTC for RACK-R2-Z1-R2-01,,Cooling System / Cooling Plant 01 / Cooling Distribution Loop 01 / Air Cooling Unit ACU-02-A / Air Zone for ROOM-1-2 / Rack 1 in ROW-R2-Z1-R2,DTC
DTC-RACK-R2-Z1-R2-02,DTC for RACK-R2-Z1-R2-02,,Cooling System / Cooling Plant 01 / Cooling Distribution Loop 01 / Air Cooling Unit ACU-02-A / Air Zone for ROOM-1-2 / Rack 2 in ROW-R2-Z1-R2,DTC
DTC-RACK-R2-Z1-R2-03,DTC for RACK-R2-Z1-R2-03,,Cooling System / Cooling Plant 01 / Cooling Distribution Loop 01 / Air Cooling Unit ACU-02-A / Air Zone for ROOM-1-2 / Rack 3 in ROW-R2-Z1-R2,DTC
DTC-RACK-R2-Z1-R2-04,DTC for RACK-R2-Z1-R2-04,,Cooling System / Cooling Plant 01 / Cooling Distribution Loop 01 / Air Cooling Unit ACU-02-A / Air Zone for ROOM-1-2 / Rack 4 in ROW-R2-Z1-R2,DTC
DTC-RACK-R2-Z1-R2-05,DTC for RACK-R2-Z1-R2-05,,Cooling System / Cooling Plant 01 / Cooling Distribution Loop 01 / Air Cooling Unit ACU-02-A / Air Zone for ROOM-1-2 / Rack 5 in ROW-R2-Z1-R2,DTC
DTC-RACK-R2-Z1-R2-06,DTC for RACK-R2-Z1-R2-06,,Cooling System / Cooling Plant 01 / Cooling Distribution Loop 01 / Air Cooling Unit ACU-02-A / Air Zone for ROOM-1-2 / Rack 6 in ROW-R2-Z1-R2,DTC
DTC-RACK-R2-Z2-R1-01,DTC for RACK-R2-Z2-R1-01,,Cooling System / Cooling Plant 01 / Cooling Distribution Loop 01 / Air Cooling Unit ACU-02-A / Air Zone for ROOM-1-2 / Rack 1 in ROW-R2-Z2-R1,DTC
DTC-RACK-R2-Z2-R1-02,DTC for RACK-R2-Z2-R1-02,,Cooling System / Cooling Plant 01 / Cooling Distribution Loop 01 / Air Cooling Unit ACU-02-A / Air Zone for ROOM-1-2 / Rack 2 in ROW-R2-Z2-R1,DTC
DTC-RACK-R2-Z2-R1-03,DTC for RACK-R2-Z2-R1-03,,Cooling System / Cooling Plant 01 / Cooling Distribution Loop 01 / Air Cooling Unit ACU-02-A / Air Zone for ROOM-1-2 / Rack 3 in ROW-R2-Z2-R1,DTC
DTC-RACK-R2-Z2-R1-04,DTC for RACK-R2-Z2-R1-04,,Cooling System / Cooling Plant 01 / Cooling Distribution Loop 01 / Air Cooling Unit ACU-02-A / Air Zone for ROOM-1-2 / Rack 4 in ROW-R2-Z2-R1,DTC
DTC-RACK-R2-Z2-R1-05,DTC for RACK-R2-Z2-R1-05,,Cooling System / Cooling Plant 01 / Cooling Distribution Loop 01 / Air Cooling Unit ACU-02-A / Air Zone for ROOM-1-2 / Rack 5 in ROW-R2-Z2-R1,DTC
DTC-RACK-R2-Z2-R1-06,DTC for RACK-R2-Z2-R1-06,,Cooling System / Cooling Plant 01 / Cooling Distribution Loop 01 / Air Cooling Unit ACU-02-A / Air Zone for ROOM-1-2 / Rack 6 in ROW-R2-Z2-R1,DTC
DTC-RACK-R2-Z2-R2-01,DTC for RACK-R2-Z2-R2-01,,Cooling System / Cooling Plant 01 / Cooling Distribution Loop 01 / Air Cooling Unit ACU-02-A / Air Zone for ROOM-1-2 / Rack 1 in ROW-R2-Z2-R2,DTC
DTC-RACK-R2-Z2-R2-02,DTC for RACK-R2-Z2-R2-02,,Cooling System / Cooling Plant 01 / Cooling Distribution Loop 01 / Air Cooling Unit ACU-02-A / Air Zone for ROOM-1-2 / Rack 2 in ROW-R2-Z2-R2,DTC
DTC-RACK-R2-Z2-R2-03,DTC for RACK-R2-Z2-R2-03,,Cooling System / Cooling Plant 01 / Cooling Distribution Loop 01 / Air Cooling Unit ACU-02-A / Air Zone for ROOM-1-2 / Rack 3 in ROW-R2-Z2-R2,DTC
DTC-RACK-R2-Z2-R2-04,DTC for RACK-R2-Z2-R2-04,,Cooling System / Cooling Plant 01 / Cooling Distribution Loop 01 / Air Cooling Unit ACU-02-A / Air Zone for ROOM-1-2 / Rack 4 in ROW-R2-Z2-R2,DTC
DTC-RACK-R2-Z2-R2-05,DTC for RACK-R2-Z2-R2-05,,Cooling System / Cooling Plant 01 / Cooling Distribution Loop 01 / Air Cooling Unit ACU-02-A / Air Zone for ROOM-1-2 / Rack 5 in ROW-R2-Z2-R2,DTC
DTC-RACK-R2-Z2-R2-06,DTC for RACK-R2-Z2-R2-06,,Cooling System / Cooling Plant 01 / Cooling Distribution Loop 01 / Air Cooling Unit ACU-02-A / Air Zone for ROOM-1-2 / Rack 6 in ROW-R2-Z2-R2,DTC
CHLR-01,Chiller 01,,Cooling System / Cooling Plant 01,Chiller
CT-01,Cooling Tower Cell 01,,Cooling System / Cooling Plant 01,Cooling Tower Cell
CWP-01,Condenser Water Pump 01,,Cooling System / Cooling Plant 01,Condenser Water Pump
CCWP-01,Condenser Chilled Water Pump 01,,Cooling System / Cooling Plant 01,Condenser Chilled Water Pump
RACK-R3-Z1W-R1-01,RACK-R3-Z1W-R1-01,,Cooling System / Cooling Plant 01 / CDIST-A-02 / CRAH-AZ-R3-W1-01 / AIRZONE-R3-W1,Rack
RACK-R3-Z1W-R1-02,RACK-R3-Z1W-R1-02,,Cooling System / Cooling Plant 01 / CDIST-A-02 / CRAH-AZ-R3-W1-01 / AIRZONE-R3-W1,Rack
RACK-R3-Z1W-R1-03,RACK-R3-Z1W-R1-03,,Cooling System / Cooling Plant 01 / CDIST-A-02 / CRAH-AZ-R3-W1-01 / AIRZONE-R3-W1,Rack
RACK-R3-Z1W-R1-04,RACK-R3-Z1W-R1-04,,Cooling System / Cooling Plant 01 / CDIST-A-02 / CRAH-AZ-R3-W1-01 / AIRZONE-R3-W1,Rack
RACK-R3-Z1W-R1-05,RACK-R3-Z1W-R1-05,,Cooling System / Cooling Plant 01 / CDIST-A-02 / CRAH-AZ-R3-W1-01 / AIRZONE-R3-W1,Rack
RACK-R3-Z1W-R1-06,RACK-R3-Z1W-R1-06,,Cooling System / Cooling Plant 01 / CDIST-A-02 / CRAH-AZ-R3-W1-01 / AIRZONE-R3-W1,Rack
RACK-R3-Z1W-R1-07,RACK-R3-Z1W-R1-07,,Cooling System / Cooling Plant 01 / CDIST-A-02 / CRAH-AZ-R3-W1-01 / AIRZONE-R3-W1,Rack
RACK-R3-Z1W-R1-08,RACK-R3-Z1W-R1-08,,Cooling System / Cooling Plant 01 / CDIST-A-02 / CRAH-AZ-R3-W1-01 / AIRZONE-R3-W1,Rack
RACK-R3-Z1W-R1-09,RACK-R3-Z1W-R1-09,,Cooling System / Cooling Plant 01 / CDIST-A-02 / CRAH-AZ-R3-W1-01 / AIRZONE-R3-W1,Rack
RACK-R3-Z1W-R1-10,RACK-R3-Z1W-R1-10,,Cooling System / Cooling Plant 01 / CDIST-A-02 / CRAH-AZ-R3-W1-01 / AIRZONE-R3-W1,Rack
RACK-R3-Z1W-R1-11,RACK-R3-Z1W-R1-11,,Cooling System / Cooling Plant 01 / CDIST-A-02 / CRAH-AZ-R3-W1-01 / AIRZONE-R3-W1,Rack
RACK-R3-Z1W-R1-12,RACK-R3-Z1W-R1-12,,Cooling System / Cooling Plant 01 / CDIST-A-02 / CRAH-AZ-R3-W1-01 / AIRZONE-R3-W1,Rack
RACK-R3-Z1W-R2-01,RACK-R3-Z1W-R2-01,,Cooling System / Cooling Plant 01 / CDIST-A-02 / CRAH-AZ-R3-W1-01 / AIRZONE-R3-W1,Rack
RACK-R3-Z1W-R2-02,RACK-R3-Z1W-R2-02,,Cooling System / Cooling Plant 01 / CDIST-A-02 / CRAH-AZ-R3-W1-01 / AIRZONE-R3-W1,Rack
RACK-R3-Z1W-R2-03,RACK-R3-Z1W-R2-03,,Cooling System / Cooling Plant 01 / CDIST-A-02 / CRAH-AZ-R3-W1-01 / AIRZONE-R3-W1,Rack
RACK-R3-Z1W-R2-04,RACK-R3-Z1W-R2-04,,Cooling System / Cooling Plant 01 / CDIST-A-02 / CRAH-AZ-R3-W1-01 / AIRZONE-R3-W1,Rack
RACK-R3-Z1W-R2-05,RACK-R3-Z1W-R2-05,,Cooling System / Cooling Plant 01 / CDIST-A-02 / CRAH-AZ-R3-W1-01 / AIRZONE-R3-W1,Rack
RACK-R3-Z1W-R2-06,RACK-R3-Z1W-R2-06,,Cooling System / Cooling Plant 01 / CDIST-A-02 / CRAH-AZ-R3-W1-01 / AIRZONE-R3-W1,Rack
RACK-R3-Z1W-R2-07,RACK-R3-Z1W-R2-07,,Cooling System / Cooling Plant 01 / CDIST-A-02 / CRAH-AZ-R3-W1-01 / AIRZONE-R3-W1,Rack
RACK-R3-Z1W-R2-08,RACK-R3-Z1W-R2-08,,Cooling System / Cooling Plant 01 / CDIST-A-02 / CRAH-AZ-R3-W1-01 / AIRZONE-R3-W1,Rack
RACK-R3-Z1W-R2-09,RACK-R3-Z1W-R2-09,,Cooling System / Cooling Plant 01 / CDIST-A-02 / CRAH-AZ-R3-W1-01 / AIRZONE-R3-W1,Rack
RACK-R3-Z1W-R2-10,RACK-R3-Z1W-R2-10,,Cooling System / Cooling Plant 01 / CDIST-A-02 / CRAH-AZ-R3-W1-01 / AIRZONE-R3-W1,Rack
RACK-R3-Z1W-R2-11,RACK-R3-Z1W-R2-11,,Cooling System / Cooling Plant 01 / CDIST-A-02 / CRAH-AZ-R3-W1-01 / AIRZONE-R3-W1,Rack
RACK-R3-Z1W-R2-12,RACK-R3-Z1W-R2-12,,Cooling System / Cooling Plant 01 / CDIST-A-02 / CRAH-AZ-R3-W1-01 / AIRZONE-R3-W1,Rack
RACK-R3-Z2W-R1-01,RACK-R3-Z2W-R1-01,,Cooling System / Cooling Plant 01 / CDIST-A-02 / CRAH-AZ-R3-W1-01 / AIRZONE-R3-W1,Rack
RACK-R3-Z2W-R1-02,RACK-R3-Z2W-R1-02,,Cooling System / Cooling Plant 01 / CDIST-A-02 / CRAH-AZ-R3-W1-01 / AIRZONE-R3-W1,Rack
RACK-R3-Z2W-R1-03,RACK-R3-Z2W-R1-03,,Cooling System / Cooling Plant 01 / CDIST-A-02 / CRAH-AZ-R3-W1-01 / AIRZONE-R3-W1,Rack
RACK-R3-Z2W-R1-04,RACK-R3-Z2W-R1-04,,Cooling System / Cooling Plant 01 / CDIST-A-02 / CRAH-AZ-R3-W1-01 / AIRZONE-R3-W1,Rack
RACK-R3-Z2W-R1-05,RACK-R3-Z2W-R1-05,,Cooling System / Cooling Plant 01 / CDIST-A-02 / CRAH-AZ-R3-W1-01 / AIRZONE-R3-W1,Rack
RACK-R3-Z2W-R1-06,RACK-R3-Z2W-R1-06,,Cooling System / Cooling Plant 01 / CDIST-A-02 / CRAH-AZ-R3-W1-01 / AIRZONE-R3-W1,Rack
RACK-R3-Z2W-R1-07,RACK-R3-Z2W-R1-07,,Cooling System / Cooling Plant 01 / CDIST-A-02 / CRAH-AZ-R3-W1-01 / AIRZONE-R3-W1,Rack
RACK-R3-Z2W-R1-08,RACK-R3-Z2W-R1-08,,Cooling System / Cooling Plant 01 / CDIST-A-02 / CRAH-AZ-R3-W1-01 / AIRZONE-R3-W1,Rack
RACK-R3-Z2W-R1-09,RACK-R3-Z2W-R1-09,,Cooling System / Cooling Plant 01 / CDIST-A-02 / CRAH-AZ-R3-W1-01 / AIRZONE-R3-W1,Rack
RACK-R3-Z2W-R1-10,RACK-R3-Z2W-R1-10,,Cooling System / Cooling Plant 01 / CDIST-A-02 / CRAH-AZ-R3-W1-01 / AIRZONE-R3-W1,Rack
RACK-R3-Z2W-R1-11,RACK-R3-Z2W-R1-11,,Cooling System / Cooling Plant 01 / CDIST-A-02 / CRAH-AZ-R3-W1-01 / AIRZONE-R3-W1,Rack
RACK-R3-Z2W-R1-12,RACK-R3-Z2W-R1-12,,Cooling System / Cooling Plant 01 / CDIST-A-02 / CRAH-AZ-R3-W1-01 / AIRZONE-R3-W1,Rack
RACK-R3-Z2W-R2-01,RACK-R3-Z2W-R2-01,,Cooling System / Cooling Plant 01 / CDIST-A-02 / CRAH-AZ-R3-W1-01 / AIRZONE-R3-W1,Rack
RACK-R3-Z2W-R2-02,RACK-R3-Z2W-R2-02,,Cooling System / Cooling Plant 01 / CDIST-A-02 / CRAH-AZ-R3-W1-01 / AIRZONE-R3-W1,Rack
RACK-R3-Z2W-R2-03,RACK-R3-Z2W-R2-03,,Cooling System / Cooling Plant 01 / CDIST-A-02 / CRAH-AZ-R3-W1-01 / AIRZONE-R3-W1,Rack
RACK-R3-Z2W-R2-04,RACK-R3-Z2W-R2-04,,Cooling System / Cooling Plant 01 / CDIST-A-02 / CRAH-AZ-R3-W1-01 / AIRZONE-R3-W1,Rack
RACK-R3-Z2W-R2-05,RACK-R3-Z2W-R2-05,,Cooling System / Cooling Plant 01 / CDIST-A-02 / CRAH-AZ-R3-W1-01 / AIRZONE-R3-W1,Rack
RACK-R3-Z2W-R2-06,RACK-R3-Z2W-R2-06,,Cooling System / Cooling Plant 01 / CDIST-A-02 / CRAH-AZ-R3-W1-01 / AIRZONE-R3-W1,Rack
RACK-R3-Z2W-R2-07,RACK-R3-Z2W-R2-07,,Cooling System / Cooling Plant 01 / CDIST-A-02 / CRAH-AZ-R3-W1-01 / AIRZONE-R3-W1,Rack
RACK-R3-Z2W-R2-08,RACK-R3-Z2W-R2-08,,Cooling System / Cooling Plant 01 / CDIST-A-02 / CRAH-AZ-R3-W1-01 / AIRZONE-R3-W1,Rack
RACK-R3-Z2W-R2-09,RACK-R3-Z2W-R2-09,,Cooling System / Cooling Plant 01 / CDIST-A-02 / CRAH-AZ-R3-W1-01 / AIRZONE-R3-W1,Rack
RACK-R3-Z2W-R2-10,RACK-R3-Z2W-R2-10,,Cooling System / Cooling Plant 01 / CDIST-A-02 / CRAH-AZ-R3-W1-01 / AIRZONE-R3-W1,Rack
RACK-R3-Z2W-R2-11,RACK-R3-Z2W-R2-11,,Cooling System / Cooling Plant 01 / CDIST-A-02 / CRAH-AZ-R3-W1-01 / AIRZONE-R3-W1,Rack
RACK-R3-Z2W-R2-12,RACK-R3-Z2W-R2-12,,Cooling System / Cooling Plant 01 / CDIST-A-02 / CRAH-AZ-R3-W1-01 / AIRZONE-R3-W1,Rack
RACK-R3-Z3W-R1-01,RACK-R3-Z3W-R1-01,,Cooling System / Cooling Plant 01 / CDIST-A-02 / CRAH-AZ-R3-W2-01 / AIRZONE-R3-W2,Rack
RACK-R3-Z3W-R1-02,RACK-R3-Z3W-R1-02,,Cooling System / Cooling Plant 01 / CDIST-A-02 / CRAH-AZ-R3-W2-01 / AIRZONE-R3-W2,Rack
RACK-R3-Z3W-R1-03,RACK-R3-Z3W-R1-03,,Cooling System / Cooling Plant 01 / CDIST-A-02 / CRAH-AZ-R3-W2-01 / AIRZONE-R3-W2,Rack
RACK-R3-Z3W-R1-04,RACK-R3-Z3W-R1-04,,Cooling System / Cooling Plant 01 / CDIST-A-02 / CRAH-AZ-R3-W2-01 / AIRZONE-R3-W2,Rack
RACK-R3-Z3W-R1-05,RACK-R3-Z3W-R1-05,,Cooling System / Cooling Plant 01 / CDIST-A-02 / CRAH-AZ-R3-W2-01 / AIRZONE-R3-W2,Rack
RACK-R3-Z3W-R1-06,RACK-R3-Z3W-R1-06,,Cooling System / Cooling Plant 01 / CDIST-A-02 / CRAH-AZ-R3-W2-01 / AIRZONE-R3-W2,Rack
RACK-R3-Z3W-R1-07,RACK-R3-Z3W-R1-07,,Cooling System / Cooling Plant 01 / CDIST-A-02 / CRAH-AZ-R3-W2-01 / AIRZONE-R3-W2,Rack
RACK-R3-Z3W-R1-08,RACK-R3-Z3W-R1-08,,Cooling System / Cooling Plant 01 / CDIST-A-02 / CRAH-AZ-R3-W2-01 / AIRZONE-R3-W2,Rack
RACK-R3-Z3W-R1-09,RACK-R3-Z3W-R1-09,,Cooling System / Cooling Plant 01 / CDIST-A-02 / CRAH-AZ-R3-W2-01 / AIRZONE-R3-W2,Rack
RACK-R3-Z3W-R1-10,RACK-R3-Z3W-R1-10,,Cooling System / Cooling Plant 01 / CDIST-A-02 / CRAH-AZ-R3-W2-01 / AIRZONE-R3-W2,Rack
RACK-R3-Z3W-R1-11,RACK-R3-Z3W-R1-11,,Cooling System / Cooling Plant 01 / CDIST-A-02 / CRAH-AZ-R3-W2-01 / AIRZONE-R3-W2,Rack
RACK-R3-Z3W-R1-12,RACK-R3-Z3W-R1-12,,Cooling System / Cooling Plant 01 / CDIST-A-02 / CRAH-AZ-R3-W2-01 / AIRZONE-R3-W2,Rack
RACK-R3-Z3W-R2-01,RACK-R3-Z3W-R2-01,,Cooling System / Cooling Plant 01 / CDIST-A-02 / CRAH-AZ-R3-W2-01 / AIRZONE-R3-W2,Rack
RACK-R3-Z3W-R2-02,RACK-R3-Z3W-R2-02,,Cooling System / Cooling Plant 01 / CDIST-A-02 / CRAH-AZ-R3-W2-01 / AIRZONE-R3-W2,Rack
RACK-R3-Z3W-R2-03,RACK-R3-Z3W-R2-03,,Cooling System / Cooling Plant 01 / CDIST-A-02 / CRAH-AZ-R3-W2-01 / AIRZONE-R3-W2,Rack
RACK-R3-Z3W-R2-04,RACK-R3-Z3W-R2-04,,Cooling System / Cooling Plant 01 / CDIST-A-02 / CRAH-AZ-R3-W2-01 / AIRZONE-R3-W2,Rack
RACK-R3-Z3W-R2-05,RACK-R3-Z3W-R2-05,,Cooling System / Cooling Plant 01 / CDIST-A-02 / CRAH-AZ-R3-W2-01 / AIRZONE-R3-W2,Rack
RACK-R3-Z3W-R2-06,RACK-R3-Z3W-R2-06,,Cooling System / Cooling Plant 01 / CDIST-A-02 / CRAH-AZ-R3-W2-01 / AIRZONE-R3-W2,Rack
RACK-R3-Z3W-R2-07,RACK-R3-Z3W-R2-07,,Cooling System / Cooling Plant 01 / CDIST-A-02 / CRAH-AZ-R3-W2-01 / AIRZONE-R3-W2,Rack
RACK-R3-Z3W-R2-08,RACK-R3-Z3W-R2-08,,Cooling System / Cooling Plant 01 / CDIST-A-02 / CRAH-AZ-R3-W2-01 / AIRZONE-R3-W2,Rack
RACK-R3-Z3W-R2-09,RACK-R3-Z3W-R2-09,,Cooling System / Cooling Plant 01 / CDIST-A-02 / CRAH-AZ-R3-W2-01 / AIRZONE-R3-W2,Rack
RACK-R3-Z3W-R2-10,RACK-R3-Z3W-R2-10,,Cooling System / Cooling Plant 01 / CDIST-A-02 / CRAH-AZ-R3-W2-01 / AIRZONE-R3-W2,Rack
RACK-R3-Z3W-R2-11,RACK-R3-Z3W-R2-11,,Cooling System / Cooling Plant 01 / CDIST-A-02 / CRAH-AZ-R3-W2-01 / AIRZONE-R3-W2,Rack
RACK-R3-Z3W-R2-12,RACK-R3-Z3W-R2-12,,Cooling System / Cooling Plant 01 / CDIST-A-02 / CRAH-AZ-R3-W2-01 / AIRZONE-R3-W2,Rack
RACK-R3-Z4E-R1-01,RACK-R3-Z4E-R1-01,,Cooling System / Cooling Plant 01 / CDIST-A-02 / CRAH-AZ-R3-E1-01 / AIRZONE-R3-E1,Rack
RACK-R3-Z4E-R1-02,RACK-R3-Z4E-R1-02,,Cooling System / Cooling Plant 01 / CDIST-A-02 / CRAH-AZ-R3-E1-01 / AIRZONE-R3-E1,Rack
RACK-R3-Z4E-R1-03,RACK-R3-Z4E-R1-03,,Cooling System / Cooling Plant 01 / CDIST-A-02 / CRAH-AZ-R3-E1-01 / AIRZONE-R3-E1,Rack
RACK-R3-Z4E-R1-04,RACK-R3-Z4E-R1-04,,Cooling System / Cooling Plant 01 / CDIST-A-02 / CRAH-AZ-R3-E1-01 / AIRZONE-R3-E1,Rack
RACK-R3-Z4E-R1-05,RACK-R3-Z4E-R1-05,,Cooling System / Cooling Plant 01 / CDIST-A-02 / CRAH-AZ-R3-E1-01 / AIRZONE-R3-E1,Rack
RACK-R3-Z4E-R1-06,RACK-R3-Z4E-R1-06,,Cooling System / Cooling Plant 01 / CDIST-A-02 / CRAH-AZ-R3-E1-01 / AIRZONE-R3-E1,Rack
RACK-R3-Z4E-R1-07,RACK-R3-Z4E-R1-07,,Cooling System / Cooling Plant 01 / CDIST-A-02 / CRAH-AZ-R3-E1-01 / AIRZONE-R3-E1,Rack
RACK-R3-Z4E-R1-08,RACK-R3-Z4E-R1-08,,Cooling System / Cooling Plant 01 / CDIST-A-02 / CRAH-AZ-R3-E1-01 / AIRZONE-R3-E1,Rack
RACK-R3-Z4E-R1-09,RACK-R3-Z4E-R1-09,,Cooling System / Cooling Plant 01 / CDIST-A-02 / CRAH-AZ-R3-E1-01 / AIRZONE-R3-E1,Rack
RACK-R3-Z4E-R1-10,RACK-R3-Z4E-R1-10,,Cooling System / Cooling Plant 01 / CDIST-A-02 / CRAH-AZ-R3-E1-01 / AIRZONE-R3-E1,Rack
RACK-R3-Z4E-R1-11,RACK-R3-Z4E-R1-11,,Cooling System / Cooling Plant 01 / CDIST-A-02 / CRAH-AZ-R3-E1-01 / AIRZONE-R3-E1,Rack
RACK-R3-Z4E-R1-12,RACK-R3-Z4E-R1-12,,Cooling System / Cooling Plant 01 / CDIST-A-02 / CRAH-AZ-R3-E1-01 / AIRZONE-R3-E1,Rack
RACK-R3-Z4E-R2-01,RACK-R3-Z4E-R2-01,,Cooling System / Cooling Plant 01 / CDIST-A-02 / CRAH-AZ-R3-E1-01 / AIRZONE-R3-E1,Rack
RACK-R3-Z4E-R2-02,RACK-R3-Z4E-R2-02,,Cooling System / Cooling Plant 01 / CDIST-A-02 / CRAH-AZ-R3-E1-01 / AIRZONE-R3-E1,Rack
RACK-R3-Z4E-R2-03,RACK-R3-Z4E-R2-03,,Cooling System / Cooling Plant 01 / CDIST-A-02 / CRAH-AZ-R3-E1-01 / AIRZONE-R3-E1,Rack
RACK-R3-Z4E-R2-04,RACK-R3-Z4E-R2-04,,Cooling System / Cooling Plant 01 / CDIST-A-02 / CRAH-AZ-R3-E1-01 / AIRZONE-R3-E1,Rack
RACK-R3-Z4E-R2-05,RACK-R3-Z4E-R2-05,,Cooling System / Cooling Plant 01 / CDIST-A-02 / CRAH-AZ-R3-E1-01 / AIRZONE-R3-E1,Rack
RACK-R3-Z4E-R2-06,RACK-R3-Z4E-R2-06,,Cooling System / Cooling Plant 01 / CDIST-A-02 / CRAH-AZ-R3-E1-01 / AIRZONE-R3-E1,Rack
RACK-R3-Z4E-R2-07,RACK-R3-Z4E-R2-07,,Cooling System / Cooling Plant 01 / CDIST-A-02 / CRAH-AZ-R3-E1-01 / AIRZONE-R3-E1,Rack
RACK-R3-Z4E-R2-08,RACK-R3-Z4E-R2-08,,Cooling System / Cooling Plant 01 / CDIST-A-02 / CRAH-AZ-R3-E1-01 / AIRZONE-R3-E1,Rack
RACK-R3-Z4E-R2-09,RACK-R3-Z4E-R2-09,,Cooling System / Cooling Plant 01 / CDIST-A-02 / CRAH-AZ-R3-E1-01 / AIRZONE-R3-E1,Rack
RACK-R3-Z4E-R2-10,RACK-R3-Z4E-R2-10,,Cooling System / Cooling Plant 01 / CDIST-A-02 / CRAH-AZ-R3-E1-01 / AIRZONE-R3-E1,Rack
RACK-R3-Z4E-R2-11,RACK-R3-Z4E-R2-11,,Cooling System / Cooling Plant 01 / CDIST-A-02 / CRAH-AZ-R3-E1-01 / AIRZONE-R3-E1,Rack
RACK-R3-Z4E-R2-12,RACK-R3-Z4E-R2-12,,Cooling System / Cooling Plant 01 / CDIST-A-02 / CRAH-AZ-R3-E1-01 / AIRZONE-R3-E1,Rack
RACK-R3-Z5E-R1-01,RACK-R3-Z5E-R1-01,,Cooling System / Cooling Plant 01 / CDIST-A-02 / CRAH-AZ-R3-E1-01 / AIRZONE-R3-E1,Rack
RACK-R3-Z5E-R1-02,RACK-R3-Z5E-R1-02,,Cooling System / Cooling Plant 01 / CDIST-A-02 / CRAH-AZ-R3-E1-01 / AIRZONE-R3-E1,Rack
RACK-R3-Z5E-R1-03,RACK-R3-Z5E-R1-03,,Cooling System / Cooling Plant 01 / CDIST-A-02 / CRAH-AZ-R3-E1-01 / AIRZONE-R3-E1,Rack
RACK-R3-Z5E-R1-04,RACK-R3-Z5E-R1-04,,Cooling System / Cooling Plant 01 / CDIST-A-02 / CRAH-AZ-R3-E1-01 / AIRZONE-R3-E1,Rack
RACK-R3-Z5E-R1-05,RACK-R3-Z5E-R1-05,,Cooling System / Cooling Plant 01 / CDIST-A-02 / CRAH-AZ-R3-E1-01 / AIRZONE-R3-E1,Rack
RACK-R3-Z5E-R1-06,RACK-R3-Z5E-R1-06,,Cooling System / Cooling Plant 01 / CDIST-A-02 / CRAH-AZ-R3-E1-01 / AIRZONE-R3-E1,Rack
RACK-R3-Z5E-R1-07,RACK-R3-Z5E-R1-07,,Cooling System / Cooling Plant 01 / CDIST-A-02 / CRAH-AZ-R3-E1-01 / AIRZONE-R3-E1,Rack
RACK-R3-Z5E-R1-08,RACK-R3-Z5E-R1-08,,Cooling System / Cooling Plant 01 / CDIST-A-02 / CRAH-AZ-R3-E1-01 / AIRZONE-R3-E1,Rack
RACK-R3-Z5E-R1-09,RACK-R3-Z5E-R1-09,,Cooling System / Cooling Plant 01 / CDIST-A-02 / CRAH-AZ-R3-E1-01 / AIRZONE-R3-E1,Rack
RACK-R3-Z5E-R1-10,RACK-R3-Z5E-R1-10,,Cooling System / Cooling Plant 01 / CDIST-A-02 / CRAH-AZ-R3-E1-01 / AIRZONE-R3-E1,Rack
RACK-R3-Z5E-R1-11,RACK-R3-Z5E-R1-11,,Cooling System / Cooling Plant 01 / CDIST-A-02 / CRAH-AZ-R3-E1-01 / AIRZONE-R3-E1,Rack
RACK-R3-Z5E-R1-12,RACK-R3-Z5E-R1-12,,Cooling System / Cooling Plant 01 / CDIST-A-02 / CRAH-AZ-R3-E1-01 / AIRZONE-R3-E1,Rack
RACK-R3-Z5E-R2-01,RACK-R3-Z5E-R2-01,,Cooling System / Cooling Plant 01 / CDIST-A-02 / CRAH-AZ-R3-E1-01 / AIRZONE-R3-E1,Rack
RACK-R3-Z5E-R2-02,RACK-R3-Z5E-R2-02,,Cooling System / Cooling Plant 01 / CDIST-A-02 / CRAH-AZ-R3-E1-01 / AIRZONE-R3-E1,Rack
RACK-R3-Z5E-R2-03,RACK-R3-Z5E-R2-03,,Cooling System / Cooling Plant 01 / CDIST-A-02 / CRAH-AZ-R3-E1-01 / AIRZONE-R3-E1,Rack
RACK-R3-Z5E-R2-04,RACK-R3-Z5E-R2-04,,Cooling System / Cooling Plant 01 / CDIST-A-02 / CRAH-AZ-R3-E1-01 / AIRZONE-R3-E1,Rack
RACK-R3-Z5E-R2-05,RACK-R3-Z5E-R2-05,,Cooling System / Cooling Plant 01 / CDIST-A-02 / CRAH-AZ-R3-E1-01 / AIRZONE-R3-E1,Rack
RACK-R3-Z5E-R2-06,RACK-R3-Z5E-R2-06,,Cooling System / Cooling Plant 01 / CDIST-A-02 / CRAH-AZ-R3-E1-01 / AIRZONE-R3-E1,Rack
RACK-R3-Z5E-R2-07,RACK-R3-Z5E-R2-07,,Cooling System / Cooling Plant 01 / CDIST-A-02 / CRAH-AZ-R3-E1-01 / AIRZONE-R3-E1,Rack
RACK-R3-Z5E-R2-08,RACK-R3-Z5E-R2-08,,Cooling System / Cooling Plant 01 / CDIST-A-02 / CRAH-AZ-R3-E1-01 / AIRZONE-R3-E1,Rack
RACK-R3-Z5E-R2-09,RACK-R3-Z5E-R2-09,,Cooling System / Cooling Plant 01 / CDIST-A-02 / CRAH-AZ-R3-E1-01 / AIRZONE-R3-E1,Rack
RACK-R3-Z5E-R2-10,RACK-R3-Z5E-R2-10,,Cooling System / Cooling Plant 01 / CDIST-A-02 / CRAH-AZ-R3-E1-01 / AIRZONE-R3-E1,Rack
RACK-R3-Z5E-R2-11,RACK-R3-Z5E-R2-11,,Cooling System / Cooling Plant 01 / CDIST-A-02 / CRAH-AZ-R3-E1-01 / AIRZONE-R3-E1,Rack
RACK-R3-Z5E-R2-12,RACK-R3-Z5E-R2-12,,Cooling System / Cooling Plant 01 / CDIST-A-02 / CRAH-AZ-R3-E1-01 / AIRZONE-R3-E1,Rack
RACK-R3-Z6E-R1-01,RACK-R3-Z6E-R1-01,,Cooling System / Cooling Plant 01 / CDIST-A-02 / CRAH-AZ-R3-E2-01 / AIRZONE-R3-E2,Rack
RACK-R3-Z6E-R1-02,RACK-R3-Z6E-R1-02,,Cooling System / Cooling Plant 01 / CDIST-A-02 / CRAH-AZ-R3-E2-01 / AIRZONE-R3-E2,Rack
RACK-R3-Z6E-R1-03,RACK-R3-Z6E-R1-03,,Cooling System / Cooling Plant 01 / CDIST-A-02 / CRAH-AZ-R3-E2-01 / AIRZONE-R3-E2,Rack
RACK-R3-Z6E-R1-04,RACK-R3-Z6E-R1-04,,Cooling System / Cooling Plant 01 / CDIST-A-02 / CRAH-AZ-R3-E2-01 / AIRZONE-R3-E2,Rack
RACK-R3-Z6E-R1-05,RACK-R3-Z6E-R1-05,,Cooling System / Cooling Plant 01 / CDIST-A-02 / CRAH-AZ-R3-E2-01 / AIRZONE-R3-E2,Rack
RACK-R3-Z6E-R1-06,RACK-R3-Z6E-R1-06,,Cooling System / Cooling Plant 01 / CDIST-A-02 / CRAH-AZ-R3-E2-01 / AIRZONE-R3-E2,Rack
RACK-R3-Z6E-R1-07,RACK-R3-Z6E-R1-07,,Cooling System / Cooling Plant 01 / CDIST-A-02 / CRAH-AZ-R3-E2-01 / AIRZONE-R3-E2,Rack
RACK-R3-Z6E-R1-08,RACK-R3-Z6E-R1-08,,Cooling System / Cooling Plant 01 / CDIST-A-02 / CRAH-AZ-R3-E2-01 / AIRZONE-R3-E2,Rack
RACK-R3-Z6E-R1-09,RACK-R3-Z6E-R1-09,,Cooling System / Cooling Plant 01 / CDIST-A-02 / CRAH-AZ-R3-E2-01 / AIRZONE-R3-E2,Rack
RACK-R3-Z6E-R1-10,RACK-R3-Z6E-R1-10,,Cooling System / Cooling Plant 01 / CDIST-A-02 / CRAH-AZ-R3-E2-01 / AIRZONE-R3-E2,Rack
RACK-R3-Z6E-R1-11,RACK-R3-Z6E-R1-11,,Cooling System / Cooling Plant 01 / CDIST-A-02 / CRAH-AZ-R3-E2-01 / AIRZONE-R3-E2,Rack
RACK-R3-Z6E-R1-12,RACK-R3-Z6E-R1-12,,Cooling System / Cooling Plant 01 / CDIST-A-02 / CRAH-AZ-R3-E2-01 / AIRZONE-R3-E2,Rack
RACK-R3-Z6E-R2-01,RACK-R3-Z6E-R2-01,,Cooling System / Cooling Plant 01 / CDIST-A-02 / CRAH-AZ-R3-E2-01 / AIRZONE-R3-E2,Rack
RACK-R3-Z6E-R2-02,RACK-R3-Z6E-R2-02,,Cooling System / Cooling Plant 01 / CDIST-A-02 / CRAH-AZ-R3-E2-01 / AIRZONE-R3-E2,Rack
RACK-R3-Z6E-R2-03,RACK-R3-Z6E-R2-03,,Cooling System / Cooling Plant 01 / CDIST-A-02 / CRAH-AZ-R3-E2-01 / AIRZONE-R3-E2,Rack
RACK-R3-Z6E-R2-04,RACK-R3-Z6E-R2-04,,Cooling System / Cooling Plant 01 / CDIST-A-02 / CRAH-AZ-R3-E2-01 / AIRZONE-R3-E2,Rack
RACK-R3-Z6E-R2-05,RACK-R3-Z6E-R2-05,,Cooling System / Cooling Plant 01 / CDIST-A-02 / CRAH-AZ-R3-E2-01 / AIRZONE-R3-E2,Rack
RACK-R3-Z6E-R2-06,RACK-R3-Z6E-R2-06,,Cooling System / Cooling Plant 01 / CDIST-A-02 / CRAH-AZ-R3-E2-01 / AIRZONE-R3-E2,Rack
RACK-R3-Z6E-R2-07,RACK-R3-Z6E-R2-07,,Cooling System / Cooling Plant 01 / CDIST-A-02 / CRAH-AZ-R3-E2-01 / AIRZONE-R3-E2,Rack
RACK-R3-Z6E-R2-08,RACK-R3-Z6E-R2-08,,Cooling System / Cooling Plant 01 / CDIST-A-02 / CRAH-AZ-R3-E2-01 / AIRZONE-R3-E2,Rack
RACK-R3-Z6E-R2-09,RACK-R3-Z6E-R2-09,,Cooling System / Cooling Plant 01 / CDIST-A-02 / CRAH-AZ-R3-E2-01 / AIRZONE-R3-E2,Rack
RACK-R3-Z6E-R2-10,RACK-R3-Z6E-R2-10,,Cooling System / Cooling Plant 01 / CDIST-A-02 / CRAH-AZ-R3-E2-01 / AIRZONE-R3-E2,Rack
RACK-R3-Z6E-R2-11,RACK-R3-Z6E-R2-11,,Cooling System / Cooling Plant 01 / CDIST-A-02 / CRAH-AZ-R3-E2-01 / AIRZONE-R3-E2,Rack
RACK-R3-Z6E-R2-12,RACK-R3-Z6E-R2-12,,Cooling System / Cooling Plant 01 / CDIST-A-02 / CRAH-AZ-R3-E2-01 / AIRZONE-R3-E2,Rack
RACK-R4-Z1-R1-01,RACK-R4-Z1-R1-01,,Cooling System / Cooling Plant 01 / CDIST-A-02 / CRAH-AZ-R4-01 / AIRZONE-R4,Rack
RACK-R4-Z1-R1-02,RACK-R4-Z1-R1-02,,Cooling System / Cooling Plant 01 / CDIST-A-02 / CRAH-AZ-R4-01 / AIRZONE-R4,Rack
RACK-R4-Z1-R1-03,RACK-R4-Z1-R1-03,,Cooling System / Cooling Plant 01 / CDIST-A-02 / CRAH-AZ-R4-01 / AIRZONE-R4,Rack
RACK-R4-Z1-R1-04,RACK-R4-Z1-R1-04,,Cooling System / Cooling Plant 01 / CDIST-A-02 / CRAH-AZ-R4-01 / AIRZONE-R4,Rack
RACK-R4-Z1-R1-05,RACK-R4-Z1-R1-05,,Cooling System / Cooling Plant 01 / CDIST-A-02 / CRAH-AZ-R4-01 / AIRZONE-R4,Rack
RACK-R4-Z1-R1-06,RACK-R4-Z1-R1-06,,Cooling System / Cooling Plant 01 / CDIST-A-02 / CRAH-AZ-R4-01 / AIRZONE-R4,Rack
RACK-R4-Z1-R1-07,RACK-R4-Z1-R1-07,,Cooling System / Cooling Plant 01 / CDIST-A-02 / CRAH-AZ-R4-01 / AIRZONE-R4,Rack
RACK-R4-Z1-R1-08,RACK-R4-Z1-R1-08,,Cooling System / Cooling Plant 01 / CDIST-A-02 / CRAH-AZ-R4-01 / AIRZONE-R4,Rack
RACK-R4-Z1-R1-09,RACK-R4-Z1-R1-09,,Cooling System / Cooling Plant 01 / CDIST-A-02 / CRAH-AZ-R4-01 / AIRZONE-R4,Rack
RACK-R4-Z1-R1-10,RACK-R4-Z1-R1-10,,Cooling System / Cooling Plant 01 / CDIST-A-02 / CRAH-AZ-R4-01 / AIRZONE-R4,Rack
RACK-R4-Z1-R1-11,RACK-R4-Z1-R1-11,,Cooling System / Cooling Plant 01 / CDIST-A-02 / CRAH-AZ-R4-01 / AIRZONE-R4,Rack
RACK-R4-Z1-R1-12,RACK-R4-Z1-R1-12,,Cooling System / Cooling Plant 01 / CDIST-A-02 / CRAH-AZ-R4-01 / AIRZONE-R4,Rack
RACK-R4-Z1-R2-01,RACK-R4-Z1-R2-01,,Cooling System / Cooling Plant 01 / CDIST-A-02 / CRAH-AZ-R4-01 / AIRZONE-R4,Rack
RACK-R4-Z1-R2-02,RACK-R4-Z1-R2-02,,Cooling System / Cooling Plant 01 / CDIST-A-02 / CRAH-AZ-R4-01 / AIRZONE-R4,Rack
RACK-R4-Z1-R2-03,RACK-R4-Z1-R2-03,,Cooling System / Cooling Plant 01 / CDIST-A-02 / CRAH-AZ-R4-01 / AIRZONE-R4,Rack
RACK-R4-Z1-R2-04,RACK-R4-Z1-R2-04,,Cooling System / Cooling Plant 01 / CDIST-A-02 / CRAH-AZ-R4-01 / AIRZONE-R4,Rack
RACK-R4-Z1-R2-05,RACK-R4-Z1-R2-05,,Cooling System / Cooling Plant 01 / CDIST-A-02 / CRAH-AZ-R4-01 / AIRZONE-R4,Rack
RACK-R4-Z1-R2-06,RACK-R4-Z1-R2-06,,Cooling System / Cooling Plant 01 / CDIST-A-02 / CRAH-AZ-R4-01 / AIRZONE-R4,Rack
RACK-R4-Z1-R2-07,RACK-R4-Z1-R2-07,,Cooling System / Cooling Plant 01 / CDIST-A-02 / CRAH-AZ-R4-01 / AIRZONE-R4,Rack
RACK-R4-Z1-R2-08,RACK-R4-Z1-R2-08,,Cooling System / Cooling Plant 01 / CDIST-A-02 / CRAH-AZ-R4-01 / AIRZONE-R4,Rack
RACK-R4-Z1-R2-09,RACK-R4-Z1-R2-09,,Cooling System / Cooling Plant 01 / CDIST-A-02 / CRAH-AZ-R4-01 / AIRZONE-R4,Rack
RACK-R4-Z1-R2-10,RACK-R4-Z1-R2-10,,Cooling System / Cooling Plant 01 / CDIST-A-02 / CRAH-AZ-R4-01 / AIRZONE-R4,Rack
RACK-R4-Z1-R2-11,RACK-R4-Z1-R2-11,,Cooling System / Cooling Plant 01 / CDIST-A-02 / CRAH-AZ-R4-01 / AIRZONE-R4,Rack
RACK-R4-Z1-R2-12,RACK-R4-Z1-R2-12,,Cooling System / Cooling Plant 01 / CDIST-A-02 / CRAH-AZ-R4-01 / AIRZONE-R4,Rack
RACK-R5-Z1W-R1-01,RACK-R5-Z1W-R1-01,,Cooling System / Cooling Plant 01 / CDIST-A-02 / CRAH-AZ-R5-W-01 / AIRZONE-R5-W,Rack
RACK-R5-Z1W-R1-02,RACK-R5-Z1W-R1-02,,Cooling System / Cooling Plant 01 / CDIST-A-02 / CRAH-AZ-R5-W-01 / AIRZONE-R5-W,Rack
RACK-R5-Z1W-R1-03,RACK-R5-Z1W-R1-03,,Cooling System / Cooling Plant 01 / CDIST-A-02 / CRAH-AZ-R5-W-01 / AIRZONE-R5-W,Rack
RACK-R5-Z1W-R1-04,RACK-R5-Z1W-R1-04,,Cooling System / Cooling Plant 01 / CDIST-A-02 / CRAH-AZ-R5-W-01 / AIRZONE-R5-W,Rack
RACK-R5-Z1W-R1-05,RACK-R5-Z1W-R1-05,,Cooling System / Cooling Plant 01 / CDIST-A-02 / CRAH-AZ-R5-W-01 / AIRZONE-R5-W,Rack
RACK-R5-Z1W-R1-06,RACK-R5-Z1W-R1-06,,Cooling System / Cooling Plant 01 / CDIST-A-02 / CRAH-AZ-R5-W-01 / AIRZONE-R5-W,Rack
RACK-R5-Z1W-R1-07,RACK-R5-Z1W-R1-07,,Cooling System / Cooling Plant 01 / CDIST-A-02 / CRAH-AZ-R5-W-01 / AIRZONE-R5-W,Rack
RACK-R5-Z1W-R1-08,RACK-R5-Z1W-R1-08,,Cooling System / Cooling Plant 01 / CDIST-A-02 / CRAH-AZ-R5-W-01 / AIRZONE-R5-W,Rack
RACK-R5-Z1W-R1-09,RACK-R5-Z1W-R1-09,,Cooling System / Cooling Plant 01 / CDIST-A-02 / CRAH-AZ-R5-W-01 / AIRZONE-R5-W,Rack
RACK-R5-Z1W-R1-10,RACK-R5-Z1W-R1-10,,Cooling System / Cooling Plant 01 / CDIST-A-02 / CRAH-AZ-R5-W-01 / AIRZONE-R5-W,Rack
RACK-R5-Z1W-R1-11,RACK-R5-Z1W-R1-11,,Cooling System / Cooling Plant 01 / CDIST-A-02 / CRAH-AZ-R5-W-01 / AIRZONE-R5-W,Rack
RACK-R5-Z1W-R1-12,RACK-R5-Z1W-R1-12,,Cooling System / Cooling Plant 01 / CDIST-A-02 / CRAH-AZ-R5-W-01 / AIRZONE-R5-W,Rack
RACK-R5-Z1W-R2-01,RACK-R5-Z1W-R2-01,,Cooling System / Cooling Plant 01 / CDIST-A-02 / CRAH-AZ-R5-W-01 / AIRZONE-R5-W,Rack
RACK-R5-Z1W-R2-02,RACK-R5-Z1W-R2-02,,Cooling System / Cooling Plant 01 / CDIST-A-02 / CRAH-AZ-R5-W-01 / AIRZONE-R5-W,Rack
RACK-R5-Z1W-R2-03,RACK-R5-Z1W-R2-03,,Cooling System / Cooling Plant 01 / CDIST-A-02 / CRAH-AZ-R5-W-01 / AIRZONE-R5-W,Rack
RACK-R5-Z1W-R2-04,RACK-R5-Z1W-R2-04,,Cooling System / Cooling Plant 01 / CDIST-A-02 / CRAH-AZ-R5-W-01 / AIRZONE-R5-W,Rack
RACK-R5-Z1W-R2-05,RACK-R5-Z1W-R2-05,,Cooling System / Cooling Plant 01 / CDIST-A-02 / CRAH-AZ-R5-W-01 / AIRZONE-R5-W,Rack
RACK-R5-Z1W-R2-06,RACK-R5-Z1W-R2-06,,Cooling System / Cooling Plant 01 / CDIST-A-02 / CRAH-AZ-R5-W-01 / AIRZONE-R5-W,Rack
RACK-R5-Z1W-R2-07,RACK-R5-Z1W-R2-07,,Cooling System / Cooling Plant 01 / CDIST-A-02 / CRAH-AZ-R5-W-01 / AIRZONE-R5-W,Rack
RACK-R5-Z1W-R2-08,RACK-R5-Z1W-R2-08,,Cooling System / Cooling Plant 01 / CDIST-A-02 / CRAH-AZ-R5-W-01 / AIRZONE-R5-W,Rack
RACK-R5-Z1W-R2-09,RACK-R5-Z1W-R2-09,,Cooling System / Cooling Plant 01 / CDIST-A-02 / CRAH-AZ-R5-W-01 / AIRZONE-R5-W,Rack
RACK-R5-Z1W-R2-10,RACK-R5-Z1W-R2-10,,Cooling System / Cooling Plant 01 / CDIST-A-02 / CRAH-AZ-R5-W-01 / AIRZONE-R5-W,Rack
RACK-R5-Z1W-R2-11,RACK-R5-Z1W-R2-11,,Cooling System / Cooling Plant 01 / CDIST-A-02 / CRAH-AZ-R5-W-01 / AIRZONE-R5-W,Rack
RACK-R5-Z1W-R2-12,RACK-R5-Z1W-R2-12,,Cooling System / Cooling Plant 01 / CDIST-A-02 / CRAH-AZ-R5-W-01 / AIRZONE-R5-W,Rack
RACK-R5-Z2E-R1-01,RACK-R5-Z2E-R1-01,,Cooling System / Cooling Plant 01 / CDIST-A-02 / CRAH-AZ-R5-E-05 / AIRZONE-R5-E,Rack
RACK-R5-Z2E-R1-02,RACK-R5-Z2E-R1-02,,Cooling System / Cooling Plant 01 / CDIST-A-02 / CRAH-AZ-R5-E-05 / AIRZONE-R5-E,Rack
RACK-R5-Z2E-R1-03,RACK-R5-Z2E-R1-03,,Cooling System / Cooling Plant 01 / CDIST-A-02 / CRAH-AZ-R5-E-05 / AIRZONE-R5-E,Rack
RACK-R5-Z2E-R1-04,RACK-R5-Z2E-R1-04,,Cooling System / Cooling Plant 01 / CDIST-A-02 / CRAH-AZ-R5-E-05 / AIRZONE-R5-E,Rack
RACK-R5-Z2E-R1-05,RACK-R5-Z2E-R1-05,,Cooling System / Cooling Plant 01 / CDIST-A-02 / CRAH-AZ-R5-E-05 / AIRZONE-R5-E,Rack
RACK-R5-Z2E-R1-06,RACK-R5-Z2E-R1-06,,Cooling System / Cooling Plant 01 / CDIST-A-02 / CRAH-AZ-R5-E-05 / AIRZONE-R5-E,Rack
RACK-R5-Z2E-R1-07,RACK-R5-Z2E-R1-07,,Cooling System / Cooling Plant 01 / CDIST-A-02 / CRAH-AZ-R5-E-05 / AIRZONE-R5-E,Rack
RACK-R5-Z2E-R1-08,RACK-R5-Z2E-R1-08,,Cooling System / Cooling Plant 01 / CDIST-A-02 / CRAH-AZ-R5-E-05 / AIRZONE-R5-E,Rack
RACK-R5-Z2E-R1-09,RACK-R5-Z2E-R1-09,,Cooling System / Cooling Plant 01 / CDIST-A-02 / CRAH-AZ-R5-E-05 / AIRZONE-R5-E,Rack
RACK-R5-Z2E-R1-10,RACK-R5-Z2E-R1-10,,Cooling System / Cooling Plant 01 / CDIST-A-02 / CRAH-AZ-R5-E-05 / AIRZONE-R5-E,Rack
RACK-R5-Z2E-R1-11,RACK-R5-Z2E-R1-11,,Cooling System / Cooling Plant 01 / CDIST-A-02 / CRAH-AZ-R5-E-05 / AIRZONE-R5-E,Rack
RACK-R5-Z2E-R1-12,RACK-R5-Z2E-R1-12,,Cooling System / Cooling Plant 01 / CDIST-A-02 / CRAH-AZ-R5-E-05 / AIRZONE-R5-E,Rack
RACK-R5-Z2E-R2-01,RACK-R5-Z2E-R2-01,,Cooling System / Cooling Plant 01 / CDIST-A-02 / CRAH-AZ-R5-E-05 / AIRZONE-R5-E,Rack
RACK-R5-Z2E-R2-02,RACK-R5-Z2E-R2-02,,Cooling System / Cooling Plant 01 / CDIST-A-02 / CRAH-AZ-R5-E-05 / AIRZONE-R5-E,Rack
RACK-R5-Z2E-R2-03,RACK-R5-Z2E-R2-03,,Cooling System / Cooling Plant 01 / CDIST-A-02 / CRAH-AZ-R5-E-05 / AIRZONE-R5-E,Rack
RACK-R5-Z2E-R2-04,RACK-R5-Z2E-R2-04,,Cooling System / Cooling Plant 01 / CDIST-A-02 / CRAH-AZ-R5-E-05 / AIRZONE-R5-E,Rack
RACK-R5-Z2E-R2-05,RACK-R5-Z2E-R2-05,,Cooling System / Cooling Plant 01 / CDIST-A-02 / CRAH-AZ-R5-E-05 / AIRZONE-R5-E,Rack
RACK-R5-Z2E-R2-06,RACK-R5-Z2E-R2-06,,Cooling System / Cooling Plant 01 / CDIST-A-02 / CRAH-AZ-R5-E-05 / AIRZONE-R5-E,Rack
RACK-R5-Z2E-R2-07,RACK-R5-Z2E-R2-07,,Cooling System / Cooling Plant 01 / CDIST-A-02 / CRAH-AZ-R5-E-05 / AIRZONE-R5-E,Rack
RACK-R5-Z2E-R2-08,RACK-R5-Z2E-R2-08,,Cooling System / Cooling Plant 01 / CDIST-A-02 / CRAH-AZ-R5-E-05 / AIRZONE-R5-E,Rack
RACK-R5-Z2E-R2-09,RACK-R5-Z2E-R2-09,,Cooling System / Cooling Plant 01 / CDIST-A-02 / CRAH-AZ-R5-E-05 / AIRZONE-R5-E,Rack
RACK-R5-Z2E-R2-10,RACK-R5-Z2E-R2-10,,Cooling System / Cooling Plant 01 / CDIST-A-02 / CRAH-AZ-R5-E-05 / AIRZONE-R5-E,Rack
RACK-R5-Z2E-R2-11,RACK-R5-Z2E-R2-11,,Cooling System / Cooling Plant 01 / CDIST-A-02 / CRAH-AZ-R5-E-05 / AIRZONE-R5-E,Rack
RACK-R5-Z2E-R2-12,RACK-R5-Z2E-R2-12,,Cooling System / Cooling Plant 01 / CDIST-A-02 / CRAH-AZ-R5-E-05 / AIRZONE-R5-E,Rack
AIRZONE-R3-E1,AIRZONE-R3-E1,,Cooling System / Cooling Plant 01 / CDIST-A-02 / CRAH-AZ-R3-E1-01,Air Zone
AIRZONE-R3-E2,AIRZONE-R3-E2,,Cooling System / Cooling Plant 01 / CDIST-A-02 / CRAH-AZ-R3-E2-01,Air Zone
AIRZONE-R3-W1,AIRZONE-R3-W1,,Cooling System / Cooling Plant 01 / CDIST-A-02 / CRAH-AZ-R3-W1-01,Air Zone
AIRZONE-R3-W2,AIRZONE-R3-W2,,Cooling System / Cooling Plant 01 / CDIST-A-02 / CRAH-AZ-R3-W2-01,Air Zone
AIRZONE-R4,AIRZONE-R4,,Cooling System / Cooling Plant 01 / CDIST-A-02 / CRAH-AZ-R4-01,Air Zone
AIRZONE-R5-W,AIRZONE-R5-W,,Cooling System / Cooling Plant 01 / CDIST-A-02 / CRAH-AZ-R5-W-01,Air Zone
AIRZONE-R5-E,AIRZONE-R5-E,,Cooling System / Cooling Plant 01 / CDIST-A-02 / CRAH-AZ-R5-E-05,Air Zone
LL-R3-E,LL-R3-E,,Cooling System / Cooling Plant 01 / CDIST-L-02 / CDU-R3-E,Liquid Loop
LL-R3-W,LL-R3-W,,Cooling System / Cooling Plant 01 / CDIST-L-02 / CDU-R3-W,Liquid Loop
LL-R4,LL-R4,,Cooling System / Cooling Plant 01 / CDIST-L-02 / CDU-R4,Liquid Loop
LL-R5-W,LL-R5-W,,Cooling System / Cooling Plant 01 / CDIST-L-02 / CDU-R5-W,Liquid Loop
LL-R5-E,LL-R5-E,,Cooling System / Cooling Plant 01 / CDIST-L-02 / CDU-R5-E,Liquid Loop
CDU-R3-E,CDU-R3-E,,Cooling System / Cooling Plant 01 / CDIST-L-02,CDU
CDU-R3-W,CDU-R3-W,,Cooling System / Cooling Plant 01 / CDIST-L-02,CDU
CDU-R4,CDU-R4,,Cooling System / Cooling Plant 01 / CDIST-L-02,CDU
CDU-R5-W,CDU-R5-W,,Cooling System / Cooling Plant 01 / CDIST-L-02,CDU
CDU-R5-E,CDU-R5-E,,Cooling System / Cooling Plant 01 / CDIST-L-02,CDU
CRAH-AZ-R3-E1-01,CRAH-AZ-R3-E1-01,,Cooling System / Cooling Plant 01 / CDIST-A-02,Air Cooling Unit
CRAH-AZ-R3-E1-02,CRAH-AZ-R3-E1-02,,Cooling System / Cooling Plant 01 / CDIST-A-02,Air Cooling Unit
CRAH-AZ-R3-E1-03,CRAH-AZ-R3-E1-03,,Cooling System / Cooling Plant 01 / CDIST-A-02,Air Cooling Unit
CRAH-AZ-R3-E1-04,CRAH-AZ-R3-E1-04,,Cooling System / Cooling Plant 01 / CDIST-A-02,Air Cooling Unit
CRAH-AZ-R3-E1-05,CRAH-AZ-R3-E1-05,,Cooling System / Cooling Plant 01 / CDIST-A-02,Air Cooling Unit
CRAH-AZ-R3-E2-01,CRAH-AZ-R3-E2-01,,Cooling System / Cooling Plant 01 / CDIST-A-02,Air Cooling Unit
CRAH-AZ-R3-E2-02,CRAH-AZ-R3-E2-02,,Cooling System / Cooling Plant 01 / CDIST-A-02,Air Cooling Unit
CRAH-AZ-R3-E2-03,CRAH-AZ-R3-E2-03,,Cooling System / Cooling Plant 01 / CDIST-A-02,Air Cooling Unit
CRAH-AZ-R3-W1-01,CRAH-AZ-R3-W1-01,,Cooling System / Cooling Plant 01 / CDIST-A-02,Air Cooling Unit
CRAH-AZ-R3-W1-02,CRAH-AZ-R3-W1-02,,Cooling System / Cooling Plant 01 / CDIST-A-02,Air Cooling Unit
CRAH-AZ-R3-W1-03,CRAH-AZ-R3-W1-03,,Cooling System / Cooling Plant 01 / CDIST-A-02,Air Cooling Unit
CRAH-AZ-R3-W1-04,CRAH-AZ-R3-W1-04,,Cooling System / Cooling Plant 01 / CDIST-A-02,Air Cooling Unit
CRAH-AZ-R3-W1-05,CRAH-AZ-R3-W1-05,,Cooling System / Cooling Plant 01 / CDIST-A-02,Air Cooling Unit
CRAH-AZ-R3-W2-01,CRAH-AZ-R3-W2-01,,Cooling System / Cooling Plant 01 / CDIST-A-02,Air Cooling Unit
CRAH-AZ-R3-W2-02,CRAH-AZ-R3-W2-02,,Cooling System / Cooling Plant 01 / CDIST-A-02,Air Cooling Unit
CRAH-AZ-R3-W2-03,CRAH-AZ-R3-W2-03,,Cooling System / Cooling Plant 01 / CDIST-A-02,Air Cooling Unit
CRAH-AZ-R4-01,CRAH-AZ-R4-01,,Cooling System / Cooling Plant 01 / CDIST-A-02,Air Cooling Unit
CRAH-AZ-R4-02,CRAH-AZ-R4-02,,Cooling System / Cooling Plant 01 / CDIST-A-02,Air Cooling Unit
CRAH-AZ-R4-03,CRAH-AZ-R4-03,,Cooling System / Cooling Plant 01 / CDIST-A-02,Air Cooling Unit
CRAH-AZ-R5-W-01,CRAH-AZ-R5-W-01,,Cooling System / Cooling Plant 01 / CDIST-A-02,Air Cooling Unit
CRAH-AZ-R5-W-02,CRAH-AZ-R5-W-02,,Cooling System / Cooling Plant 01 / CDIST-A-02,Air Cooling Unit
CRAH-AZ-R5-W-03,CRAH-AZ-R5-W-03,,Cooling System / Cooling Plant 01 / CDIST-A-02,Air Cooling Unit
CRAH-AZ-R5-W-04,CRAH-AZ-R5-W-04,,Cooling System / Cooling Plant 01 / CDIST-A-02,Air Cooling Unit
CRAH-AZ-R5-E-05,CRAH-AZ-R5-E-05,,Cooling System / Cooling Plant 01 / CDIST-A-02,Air Cooling Unit
CRAH-AZ-R5-E-06,CRAH-AZ-R5-E-06,,Cooling System / Cooling Plant 01 / CDIST-A-02,Air Cooling Unit
CRAH-AZ-R5-E-07,CRAH-AZ-R5-E-07,,Cooling System / Cooling Plant 01 / CDIST-A-02,Air Cooling Unit
CRAH-AZ-R5-E-08,CRAH-AZ-R5-E-08,,Cooling System / Cooling Plant 01 / CDIST-A-02,Air Cooling Unit
CDIST-A-02,CDIST-A-02,,Cooling System / Cooling Plant 01,Cooling Distribution
CDIST-L-02,CDIST-L-02,,Cooling System / Cooling Plant 01,Cooling Distribution
DTC-RACK-R3-Z1W-R1-01,DTC-RACK-R3-Z1W-R1-01,,Cooling System / Cooling Plant 01 / CDIST-A-02 / CRAH-AZ-R3-W1-01 / AIRZONE-R3-W1 / RACK-R3-Z1W-R1-01,DTC
DTC-RACK-R3-Z1W-R1-02,DTC-RACK-R3-Z1W-R1-02,,Cooling System / Cooling Plant 01 / CDIST-A-02 / CRAH-AZ-R3-W1-01 / AIRZONE-R3-W1 / RACK-R3-Z1W-R1-02,DTC
DTC-RACK-R3-Z1W-R1-03,DTC-RACK-R3-Z1W-R1-03,,Cooling System / Cooling Plant 01 / CDIST-A-02 / CRAH-AZ-R3-W1-01 / AIRZONE-R3-W1 / RACK-R3-Z1W-R1-03,DTC
DTC-RACK-R3-Z1W-R1-04,DTC-RACK-R3-Z1W-R1-04,,Cooling System / Cooling Plant 01 / CDIST-A-02 / CRAH-AZ-R3-W1-01 / AIRZONE-R3-W1 / RACK-R3-Z1W-R1-04,DTC
DTC-RACK-R3-Z1W-R1-05,DTC-RACK-R3-Z1W-R1-05,,Cooling System / Cooling Plant 01 / CDIST-A-02 / CRAH-AZ-R3-W1-01 / AIRZONE-R3-W1 / RACK-R3-Z1W-R1-05,DTC
DTC-RACK-R3-Z1W-R1-06,DTC-RACK-R3-Z1W-R1-06,,Cooling System / Cooling Plant 01 / CDIST-A-02 / CRAH-AZ-R3-W1-01 / AIRZONE-R3-W1 / RACK-R3-Z1W-R1-06,DTC
DTC-RACK-R3-Z1W-R1-07,DTC-RACK-R3-Z1W-R1-07,,Cooling System / Cooling Plant 01 / CDIST-A-02 / CRAH-AZ-R3-W1-01 / AIRZONE-R3-W1 / RACK-R3-Z1W-R1-07,DTC
DTC-RACK-R3-Z1W-R1-08,DTC-RACK-R3-Z1W-R1-08,,Cooling System / Cooling Plant 01 / CDIST-A-02 / CRAH-AZ-R3-W1-01 / AIRZONE-R3-W1 / RACK-R3-Z1W-R1-08,DTC
DTC-RACK-R3-Z1W-R1-09,DTC-RACK-R3-Z1W-R1-09,,Cooling System / Cooling Plant 01 / CDIST-A-02 / CRAH-AZ-R3-W1-01 / AIRZONE-R3-W1 / RACK-R3-Z1W-R1-09,DTC
DTC-RACK-R3-Z1W-R1-10,DTC-RACK-R3-Z1W-R1-10,,Cooling System / Cooling Plant 01 / CDIST-A-02 / CRAH-AZ-R3-W1-01 / AIRZONE-R3-W1 / RACK-R3-Z1W-R1-10,DTC
DTC-RACK-R3-Z1W-R1-11,DTC-RACK-R3-Z1W-R1-11,,Cooling System / Cooling Plant 01 / CDIST-A-02 / CRAH-AZ-R3-W1-01 / AIRZONE-R3-W1 / RACK-R3-Z1W-R1-11,DTC
DTC-RACK-R3-Z1W-R1-12,DTC-RACK-R3-Z1W-R1-12,,Cooling System / Cooling Plant 01 / CDIST-A-02 / CRAH-AZ-R3-W1-01 / AIRZONE-R3-W1 / RACK-R3-Z1W-R1-12,DTC
DTC-RACK-R3-Z1W-R2-01,DTC-RACK-R3-Z1W-R2-01,,Cooling System / Cooling Plant 01 / CDIST-A-02 / CRAH-AZ-R3-W1-01 / AIRZONE-R3-W1 / RACK-R3-Z1W-R2-01,DTC
DTC-RACK-R3-Z1W-R2-02,DTC-RACK-R3-Z1W-R2-02,,Cooling System / Cooling Plant 01 / CDIST-A-02 / CRAH-AZ-R3-W1-01 / AIRZONE-R3-W1 / RACK-R3-Z1W-R2-02,DTC
DTC-RACK-R3-Z1W-R2-03,DTC-RACK-R3-Z1W-R2-03,,Cooling System / Cooling Plant 01 / CDIST-A-02 / CRAH-AZ-R3-W1-01 / AIRZONE-R3-W1 / RACK-R3-Z1W-R2-03,DTC
DTC-RACK-R3-Z1W-R2-04,DTC-RACK-R3-Z1W-R2-04,,Cooling System / Cooling Plant 01 / CDIST-A-02 / CRAH-AZ-R3-W1-01 / AIRZONE-R3-W1 / RACK-R3-Z1W-R2-04,DTC
DTC-RACK-R3-Z1W-R2-05,DTC-RACK-R3-Z1W-R2-05,,Cooling System / Cooling Plant 01 / CDIST-A-02 / CRAH-AZ-R3-W1-01 / AIRZONE-R3-W1 / RACK-R3-Z1W-R2-05,DTC
DTC-RACK-R3-Z1W-R2-06,DTC-RACK-R3-Z1W-R2-06,,Cooling System / Cooling Plant 01 / CDIST-A-02 / CRAH-AZ-R3-W1-01 / AIRZONE-R3-W1 / RACK-R3-Z1W-R2-06,DTC
DTC-RACK-R3-Z1W-R2-07,DTC-RACK-R3-Z1W-R2-07,,Cooling System / Cooling Plant 01 / CDIST-A-02 / CRAH-AZ-R3-W1-01 / AIRZONE-R3-W1 / RACK-R3-Z1W-R2-07,DTC
DTC-RACK-R3-Z1W-R2-08,DTC-RACK-R3-Z1W-R2-08,,Cooling System / Cooling Plant 01 / CDIST-A-02 / CRAH-AZ-R3-W1-01 / AIRZONE-R3-W1 / RACK-R3-Z1W-R2-08,DTC
DTC-RACK-R3-Z1W-R2-09,DTC-RACK-R3-Z1W-R2-09,,Cooling System / Cooling Plant 01 / CDIST-A-02 / CRAH-AZ-R3-W1-01 / AIRZONE-R3-W1 / RACK-R3-Z1W-R2-09,DTC
DTC-RACK-R3-Z1W-R2-10,DTC-RACK-R3-Z1W-R2-10,,Cooling System / Cooling Plant 01 / CDIST-A-02 / CRAH-AZ-R3-W1-01 / AIRZONE-R3-W1 / RACK-R3-Z1W-R2-10,DTC
DTC-RACK-R3-Z1W-R2-11,DTC-RACK-R3-Z1W-R2-11,,Cooling System / Cooling Plant 01 / CDIST-A-02 / CRAH-AZ-R3-W1-01 / AIRZONE-R3-W1 / RACK-R3-Z1W-R2-11,DTC
DTC-RACK-R3-Z1W-R2-12,DTC-RACK-R3-Z1W-R2-12,,Cooling System / Cooling Plant 01 / CDIST-A-02 / CRAH-AZ-R3-W1-01 / AIRZONE-R3-W1 / RACK-R3-Z1W-R2-12,DTC
DTC-RACK-R3-Z2W-R1-01,DTC-RACK-R3-Z2W-R1-01,,Cooling System / Cooling Plant 01 / CDIST-A-02 / CRAH-AZ-R3-W1-01 / AIRZONE-R3-W1 / RACK-R3-Z2W-R1-01,DTC
DTC-RACK-R3-Z2W-R1-02,DTC-RACK-R3-Z2W-R1-02,,Cooling System / Cooling Plant 01 / CDIST-A-02 / CRAH-AZ-R3-W1-01 / AIRZONE-R3-W1 / RACK-R3-Z2W-R1-02,DTC
DTC-RACK-R3-Z2W-R1-03,DTC-RACK-R3-Z2W-R1-03,,Cooling System / Cooling Plant 01 / CDIST-A-02 / CRAH-AZ-R3-W1-01 / AIRZONE-R3-W1 / RACK-R3-Z2W-R1-03,DTC
DTC-RACK-R3-Z2W-R1-04,DTC-RACK-R3-Z2W-R1-04,,Cooling System / Cooling Plant 01 / CDIST-A-02 / CRAH-AZ-R3-W1-01 / AIRZONE-R3-W1 / RACK-R3-Z2W-R1-04,DTC
DTC-RACK-R3-Z2W-R1-05,DTC-RACK-R3-Z2W-R1-05,,Cooling System / Cooling Plant 01 / CDIST-A-02 / CRAH-AZ-R3-W1-01 / AIRZONE-R3-W1 / RACK-R3-Z2W-R1-05,DTC
DTC-RACK-R3-Z2W-R1-06,DTC-RACK-R3-Z2W-R1-06,,Cooling System / Cooling Plant 01 / CDIST-A-02 / CRAH-AZ-R3-W1-01 / AIRZONE-R3-W1 / RACK-R3-Z2W-R1-06,DTC
DTC-RACK-R3-Z2W-R1-07,DTC-RACK-R3-Z2W-R1-07,,Cooling System / Cooling Plant 01 / CDIST-A-02 / CRAH-AZ-R3-W1-01 / AIRZONE-R3-W1 / RACK-R3-Z2W-R1-07,DTC
DTC-RACK-R3-Z2W-R1-08,DTC-RACK-R3-Z2W-R1-08,,Cooling System / Cooling Plant 01 / CDIST-A-02 / CRAH-AZ-R3-W1-01 / AIRZONE-R3-W1 / RACK-R3-Z2W-R1-08,DTC
DTC-RACK-R3-Z2W-R1-09,DTC-RACK-R3-Z2W-R1-09,,Cooling System / Cooling Plant 01 / CDIST-A-02 / CRAH-AZ-R3-W1-01 / AIRZONE-R3-W1 / RACK-R3-Z2W-R1-09,DTC
DTC-RACK-R3-Z2W-R1-10,DTC-RACK-R3-Z2W-R1-10,,Cooling System / Cooling Plant 01 / CDIST-A-02 / CRAH-AZ-R3-W1-01 / AIRZONE-R3-W1 / RACK-R3-Z2W-R1-10,DTC
DTC-RACK-R3-Z2W-R1-11,DTC-RACK-R3-Z2W-R1-11,,Cooling System / Cooling Plant 01 / CDIST-A-02 / CRAH-AZ-R3-W1-01 / AIRZONE-R3-W1 / RACK-R3-Z2W-R1-11,DTC
DTC-RACK-R3-Z2W-R1-12,DTC-RACK-R3-Z2W-R1-12,,Cooling System / Cooling Plant 01 / CDIST-A-02 / CRAH-AZ-R3-W1-01 / AIRZONE-R3-W1 / RACK-R3-Z2W-R1-12,DTC
DTC-RACK-R3-Z2W-R2-01,DTC-RACK-R3-Z2W-R2-01,,Cooling System / Cooling Plant 01 / CDIST-A-02 / CRAH-AZ-R3-W1-01 / AIRZONE-R3-W1 / RACK-R3-Z2W-R2-01,DTC
DTC-RACK-R3-Z2W-R2-02,DTC-RACK-R3-Z2W-R2-02,,Cooling System / Cooling Plant 01 / CDIST-A-02 / CRAH-AZ-R3-W1-01 / AIRZONE-R3-W1 / RACK-R3-Z2W-R2-02,DTC
DTC-RACK-R3-Z2W-R2-03,DTC-RACK-R3-Z2W-R2-03,,Cooling System / Cooling Plant 01 / CDIST-A-02 / CRAH-AZ-R3-W1-01 / AIRZONE-R3-W1 / RACK-R3-Z2W-R2-03,DTC
DTC-RACK-R3-Z2W-R2-04,DTC-RACK-R3-Z2W-R2-04,,Cooling System / Cooling Plant 01 / CDIST-A-02 / CRAH-AZ-R3-W1-01 / AIRZONE-R3-W1 / RACK-R3-Z2W-R2-04,DTC
DTC-RACK-R3-Z2W-R2-05,DTC-RACK-R3-Z2W-R2-05,,Cooling System / Cooling Plant 01 / CDIST-A-02 / CRAH-AZ-R3-W1-01 / AIRZONE-R3-W1 / RACK-R3-Z2W-R2-05,DTC
DTC-RACK-R3-Z2W-R2-06,DTC-RACK-R3-Z2W-R2-06,,Cooling System / Cooling Plant 01 / CDIST-A-02 / CRAH-AZ-R3-W1-01 / AIRZONE-R3-W1 / RACK-R3-Z2W-R2-06,DTC
DTC-RACK-R3-Z2W-R2-07,DTC-RACK-R3-Z2W-R2-07,,Cooling System / Cooling Plant 01 / CDIST-A-02 / CRAH-AZ-R3-W1-01 / AIRZONE-R3-W1 / RACK-R3-Z2W-R2-07,DTC
DTC-RACK-R3-Z2W-R2-08,DTC-RACK-R3-Z2W-R2-08,,Cooling System / Cooling Plant 01 / CDIST-A-02 / CRAH-AZ-R3-W1-01 / AIRZONE-R3-W1 / RACK-R3-Z2W-R2-08,DTC
DTC-RACK-R3-Z2W-R2-09,DTC-RACK-R3-Z2W-R2-09,,Cooling System / Cooling Plant 01 / CDIST-A-02 / CRAH-AZ-R3-W1-01 / AIRZONE-R3-W1 / RACK-R3-Z2W-R2-09,DTC
DTC-RACK-R3-Z2W-R2-10,DTC-RACK-R3-Z2W-R2-10,,Cooling System / Cooling Plant 01 / CDIST-A-02 / CRAH-AZ-R3-W1-01 / AIRZONE-R3-W1 / RACK-R3-Z2W-R2-10,DTC
DTC-RACK-R3-Z2W-R2-11,DTC-RACK-R3-Z2W-R2-11,,Cooling System / Cooling Plant 01 / CDIST-A-02 / CRAH-AZ-R3-W1-01 / AIRZONE-R3-W1 / RACK-R3-Z2W-R2-11,DTC
DTC-RACK-R3-Z2W-R2-12,DTC-RACK-R3-Z2W-R2-12,,Cooling System / Cooling Plant 01 / CDIST-A-02 / CRAH-AZ-R3-W1-01 / AIRZONE-R3-W1 / RACK-R3-Z2W-R2-12,DTC
DTC-RACK-R3-Z3W-R1-01,DTC-RACK-R3-Z3W-R1-01,,Cooling System / Cooling Plant 01 / CDIST-A-02 / CRAH-AZ-R3-W2-01 / AIRZONE-R3-W2 / RACK-R3-Z3W-R1-01,DTC
DTC-RACK-R3-Z3W-R1-02,DTC-RACK-R3-Z3W-R1-02,,Cooling System / Cooling Plant 01 / CDIST-A-02 / CRAH-AZ-R3-W2-01 / AIRZONE-R3-W2 / RACK-R3-Z3W-R1-02,DTC
DTC-RACK-R3-Z3W-R1-03,DTC-RACK-R3-Z3W-R1-03,,Cooling System / Cooling Plant 01 / CDIST-A-02 / CRAH-AZ-R3-W2-01 / AIRZONE-R3-W2 / RACK-R3-Z3W-R1-03,DTC
DTC-RACK-R3-Z3W-R1-04,DTC-RACK-R3-Z3W-R1-04,,Cooling System / Cooling Plant 01 / CDIST-A-02 / CRAH-AZ-R3-W2-01 / AIRZONE-R3-W2 / RACK-R3-Z3W-R1-04,DTC
DTC-RACK-R3-Z3W-R1-05,DTC-RACK-R3-Z3W-R1-05,,Cooling System / Cooling Plant 01 / CDIST-A-02 / CRAH-AZ-R3-W2-01 / AIRZONE-R3-W2 / RACK-R3-Z3W-R1-05,DTC
DTC-RACK-R3-Z3W-R1-06,DTC-RACK-R3-Z3W-R1-06,,Cooling System / Cooling Plant 01 / CDIST-A-02 / CRAH-AZ-R3-W2-01 / AIRZONE-R3-W2 / RACK-R3-Z3W-R1-06,DTC
DTC-RACK-R3-Z3W-R1-07,DTC-RACK-R3-Z3W-R1-07,,Cooling System / Cooling Plant 01 / CDIST-A-02 / CRAH-AZ-R3-W2-01 / AIRZONE-R3-W2 / RACK-R3-Z3W-R1-07,DTC
DTC-RACK-R3-Z3W-R1-08,DTC-RACK-R3-Z3W-R1-08,,Cooling System / Cooling Plant 01 / CDIST-A-02 / CRAH-AZ-R3-W2-01 / AIRZONE-R3-W2 / RACK-R3-Z3W-R1-08,DTC
DTC-RACK-R3-Z3W-R1-09,DTC-RACK-R3-Z3W-R1-09,,Cooling System / Cooling Plant 01 / CDIST-A-02 / CRAH-AZ-R3-W2-01 / AIRZONE-R3-W2 / RACK-R3-Z3W-R1-09,DTC
DTC-RACK-R3-Z3W-R1-10,DTC-RACK-R3-Z3W-R1-10,,Cooling System / Cooling Plant 01 / CDIST-A-02 / CRAH-AZ-R3-W2-01 / AIRZONE-R3-W2 / RACK-R3-Z3W-R1-10,DTC
DTC-RACK-R3-Z3W-R1-11,DTC-RACK-R3-Z3W-R1-11,,Cooling System / Cooling Plant 01 / CDIST-A-02 / CRAH-AZ-R3-W2-01 / AIRZONE-R3-W2 / RACK-R3-Z3W-R1-11,DTC
DTC-RACK-R3-Z3W-R1-12,DTC-RACK-R3-Z3W-R1-12,,Cooling System / Cooling Plant 01 / CDIST-A-02 / CRAH-AZ-R3-W2-01 / AIRZONE-R3-W2 / RACK-R3-Z3W-R1-12,DTC
DTC-RACK-R3-Z3W-R2-01,DTC-RACK-R3-Z3W-R2-01,,Cooling System / Cooling Plant 01 / CDIST-A-02 / CRAH-AZ-R3-W2-01 / AIRZONE-R3-W2 / RACK-R3-Z3W-R2-01,DTC
DTC-RACK-R3-Z3W-R2-02,DTC-RACK-R3-Z3W-R2-02,,Cooling System / Cooling Plant 01 / CDIST-A-02 / CRAH-AZ-R3-W2-01 / AIRZONE-R3-W2 / RACK-R3-Z3W-R2-02,DTC
DTC-RACK-R3-Z3W-R2-03,DTC-RACK-R3-Z3W-R2-03,,Cooling System / Cooling Plant 01 / CDIST-A-02 / CRAH-AZ-R3-W2-01 / AIRZONE-R3-W2 / RACK-R3-Z3W-R2-03,DTC
DTC-RACK-R3-Z3W-R2-04,DTC-RACK-R3-Z3W-R2-04,,Cooling System / Cooling Plant 01 / CDIST-A-02 / CRAH-AZ-R3-W2-01 / AIRZONE-R3-W2 / RACK-R3-Z3W-R2-04,DTC
DTC-RACK-R3-Z3W-R2-05,DTC-RACK-R3-Z3W-R2-05,,Cooling System / Cooling Plant 01 / CDIST-A-02 / CRAH-AZ-R3-W2-01 / AIRZONE-R3-W2 / RACK-R3-Z3W-R2-05,DTC
DTC-RACK-R3-Z3W-R2-06,DTC-RACK-R3-Z3W-R2-06,,Cooling System / Cooling Plant 01 / CDIST-A-02 / CRAH-AZ-R3-W2-01 / AIRZONE-R3-W2 / RACK-R3-Z3W-R2-06,DTC
DTC-RACK-R3-Z3W-R2-07,DTC-RACK-R3-Z3W-R2-07,,Cooling System / Cooling Plant 01 / CDIST-A-02 / CRAH-AZ-R3-W2-01 / AIRZONE-R3-W2 / RACK-R3-Z3W-R2-07,DTC
DTC-RACK-R3-Z3W-R2-08,DTC-RACK-R3-Z3W-R2-08,,Cooling System / Cooling Plant 01 / CDIST-A-02 / CRAH-AZ-R3-W2-01 / AIRZONE-R3-W2 / RACK-R3-Z3W-R2-08,DTC
DTC-RACK-R3-Z3W-R2-09,DTC-RACK-R3-Z3W-R2-09,,Cooling System / Cooling Plant 01 / CDIST-A-02 / CRAH-AZ-R3-W2-01 / AIRZONE-R3-W2 / RACK-R3-Z3W-R2-09,DTC
DTC-RACK-R3-Z3W-R2-10,DTC-RACK-R3-Z3W-R2-10,,Cooling System / Cooling Plant 01 / CDIST-A-02 / CRAH-AZ-R3-W2-01 / AIRZONE-R3-W2 / RACK-R3-Z3W-R2-10,DTC
DTC-RACK-R3-Z3W-R2-11,DTC-RACK-R3-Z3W-R2-11,,Cooling System / Cooling Plant 01 / CDIST-A-02 / CRAH-AZ-R3-W2-01 / AIRZONE-R3-W2 / RACK-R3-Z3W-R2-11,DTC
DTC-RACK-R3-Z3W-R2-12,DTC-RACK-R3-Z3W-R2-12,,Cooling System / Cooling Plant 01 / CDIST-A-02 / CRAH-AZ-R3-W2-01 / AIRZONE-R3-W2 / RACK-R3-Z3W-R2-12,DTC
DTC-RACK-R3-Z4E-R1-01,DTC-RACK-R3-Z4E-R1-01,,Cooling System / Cooling Plant 01 / CDIST-A-02 / CRAH-AZ-R3-E1-01 / AIRZONE-R3-E1 / RACK-R3-Z4E-R1-01,DTC
DTC-RACK-R3-Z4E-R1-02,DTC-RACK-R3-Z4E-R1-02,,Cooling System / Cooling Plant 01 / CDIST-A-02 / CRAH-AZ-R3-E1-01 / AIRZONE-R3-E1 / RACK-R3-Z4E-R1-02,DTC
DTC-RACK-R3-Z4E-R1-03,DTC-RACK-R3-Z4E-R1-03,,Cooling System / Cooling Plant 01 / CDIST-A-02 / CRAH-AZ-R3-E1-01 / AIRZONE-R3-E1 / RACK-R3-Z4E-R1-03,DTC
DTC-RACK-R3-Z4E-R1-04,DTC-RACK-R3-Z4E-R1-04,,Cooling System / Cooling Plant 01 / CDIST-A-02 / CRAH-AZ-R3-E1-01 / AIRZONE-R3-E1 / RACK-R3-Z4E-R1-04,DTC
DTC-RACK-R3-Z4E-R1-05,DTC-RACK-R3-Z4E-R1-05,,Cooling System / Cooling Plant 01 / CDIST-A-02 / CRAH-AZ-R3-E1-01 / AIRZONE-R3-E1 / RACK-R3-Z4E-R1-05,DTC
DTC-RACK-R3-Z4E-R1-06,DTC-RACK-R3-Z4E-R1-06,,Cooling System / Cooling Plant 01 / CDIST-A-02 / CRAH-AZ-R3-E1-01 / AIRZONE-R3-E1 / RACK-R3-Z4E-R1-06,DTC
DTC-RACK-R3-Z4E-R1-07,DTC-RACK-R3-Z4E-R1-07,,Cooling System / Cooling Plant 01 / CDIST-A-02 / CRAH-AZ-R3-E1-01 / AIRZONE-R3-E1 / RACK-R3-Z4E-R1-07,DTC
DTC-RACK-R3-Z4E-R1-08,DTC-RACK-R3-Z4E-R1-08,,Cooling System / Cooling Plant 01 / CDIST-A-02 / CRAH-AZ-R3-E1-01 / AIRZONE-R3-E1 / RACK-R3-Z4E-R1-08,DTC
DTC-RACK-R3-Z4E-R1-09,DTC-RACK-R3-Z4E-R1-09,,Cooling System / Cooling Plant 01 / CDIST-A-02 / CRAH-AZ-R3-E1-01 / AIRZONE-R3-E1 / RACK-R3-Z4E-R1-09,DTC
DTC-RACK-R3-Z4E-R1-10,DTC-RACK-R3-Z4E-R1-10,,Cooling System / Cooling Plant 01 / CDIST-A-02 / CRAH-AZ-R3-E1-01 / AIRZONE-R3-E1 / RACK-R3-Z4E-R1-10,DTC
DTC-RACK-R3-Z4E-R1-11,DTC-RACK-R3-Z4E-R1-11,,Cooling System / Cooling Plant 01 / CDIST-A-02 / CRAH-AZ-R3-E1-01 / AIRZONE-R3-E1 / RACK-R3-Z4E-R1-11,DTC
DTC-RACK-R3-Z4E-R1-12,DTC-RACK-R3-Z4E-R1-12,,Cooling System / Cooling Plant 01 / CDIST-A-02 / CRAH-AZ-R3-E1-01 / AIRZONE-R3-E1 / RACK-R3-Z4E-R1-12,DTC
DTC-RACK-R3-Z4E-R2-01,DTC-RACK-R3-Z4E-R2-01,,Cooling System / Cooling Plant 01 / CDIST-A-02 / CRAH-AZ-R3-E1-01 / AIRZONE-R3-E1 / RACK-R3-Z4E-R2-01,DTC
DTC-RACK-R3-Z4E-R2-02,DTC-RACK-R3-Z4E-R2-02,,Cooling System / Cooling Plant 01 / CDIST-A-02 / CRAH-AZ-R3-E1-01 / AIRZONE-R3-E1 / RACK-R3-Z4E-R2-02,DTC
DTC-RACK-R3-Z4E-R2-03,DTC-RACK-R3-Z4E-R2-03,,Cooling System / Cooling Plant 01 / CDIST-A-02 / CRAH-AZ-R3-E1-01 / AIRZONE-R3-E1 / RACK-R3-Z4E-R2-03,DTC
DTC-RACK-R3-Z4E-R2-04,DTC-RACK-R3-Z4E-R2-04,,Cooling System / Cooling Plant 01 / CDIST-A-02 / CRAH-AZ-R3-E1-01 / AIRZONE-R3-E1 / RACK-R3-Z4E-R2-04,DTC
DTC-RACK-R3-Z4E-R2-05,DTC-RACK-R3-Z4E-R2-05,,Cooling System / Cooling Plant 01 / CDIST-A-02 / CRAH-AZ-R3-E1-01 / AIRZONE-R3-E1 / RACK-R3-Z4E-R2-05,DTC
DTC-RACK-R3-Z4E-R2-06,DTC-RACK-R3-Z4E-R2-06,,Cooling System / Cooling Plant 01 / CDIST-A-02 / CRAH-AZ-R3-E1-01 / AIRZONE-R3-E1 / RACK-R3-Z4E-R2-06,DTC
DTC-RACK-R3-Z4E-R2-07,DTC-RACK-R3-Z4E-R2-07,,Cooling System / Cooling Plant 01 / CDIST-A-02 / CRAH-AZ-R3-E1-01 / AIRZONE-R3-E1 / RACK-R3-Z4E-R2-07,DTC
DTC-RACK-R3-Z4E-R2-08,DTC-RACK-R3-Z4E-R2-08,,Cooling System / Cooling Plant 01 / CDIST-A-02 / CRAH-AZ-R3-E1-01 / AIRZONE-R3-E1 / RACK-R3-Z4E-R2-08,DTC
DTC-RACK-R3-Z4E-R2-09,DTC-RACK-R3-Z4E-R2-09,,Cooling System / Cooling Plant 01 / CDIST-A-02 / CRAH-AZ-R3-E1-01 / AIRZONE-R3-E1 / RACK-R3-Z4E-R2-09,DTC
DTC-RACK-R3-Z4E-R2-10,DTC-RACK-R3-Z4E-R2-10,,Cooling System / Cooling Plant 01 / CDIST-A-02 / CRAH-AZ-R3-E1-01 / AIRZONE-R3-E1 / RACK-R3-Z4E-R2-10,DTC
DTC-RACK-R3-Z4E-R2-11,DTC-RACK-R3-Z4E-R2-11,,Cooling System / Cooling Plant 01 / CDIST-A-02 / CRAH-AZ-R3-E1-01 / AIRZONE-R3-E1 / RACK-R3-Z4E-R2-11,DTC
DTC-RACK-R3-Z4E-R2-12,DTC-RACK-R3-Z4E-R2-12,,Cooling System / Cooling Plant 01 / CDIST-A-02 / CRAH-AZ-R3-E1-01 / AIRZONE-R3-E1 / RACK-R3-Z4E-R2-12,DTC
DTC-RACK-R3-Z5E-R1-01,DTC-RACK-R3-Z5E-R1-01,,Cooling System / Cooling Plant 01 / CDIST-A-02 / CRAH-AZ-R3-E1-01 / AIRZONE-R3-E1 / RACK-R3-Z5E-R1-01,DTC
DTC-RACK-R3-Z5E-R1-02,DTC-RACK-R3-Z5E-R1-02,,Cooling System / Cooling Plant 01 / CDIST-A-02 / CRAH-AZ-R3-E1-01 / AIRZONE-R3-E1 / RACK-R3-Z5E-R1-02,DTC
DTC-RACK-R3-Z5E-R1-03,DTC-RACK-R3-Z5E-R1-03,,Cooling System / Cooling Plant 01 / CDIST-A-02 / CRAH-AZ-R3-E1-01 / AIRZONE-R3-E1 / RACK-R3-Z5E-R1-03,DTC
DTC-RACK-R3-Z5E-R1-04,DTC-RACK-R3-Z5E-R1-04,,Cooling System / Cooling Plant 01 / CDIST-A-02 / CRAH-AZ-R3-E1-01 / AIRZONE-R3-E1 / RACK-R3-Z5E-R1-04,DTC
DTC-RACK-R3-Z5E-R1-05,DTC-RACK-R3-Z5E-R1-05,,Cooling System / Cooling Plant 01 / CDIST-A-02 / CRAH-AZ-R3-E1-01 / AIRZONE-R3-E1 / RACK-R3-Z5E-R1-05,DTC
DTC-RACK-R3-Z5E-R1-06,DTC-RACK-R3-Z5E-R1-06,,Cooling System / Cooling Plant 01 / CDIST-A-02 / CRAH-AZ-R3-E1-01 / AIRZONE-R3-E1 / RACK-R3-Z5E-R1-06,DTC
DTC-RACK-R3-Z5E-R1-07,DTC-RACK-R3-Z5E-R1-07,,Cooling System / Cooling Plant 01 / CDIST-A-02 / CRAH-AZ-R3-E1-01 / AIRZONE-R3-E1 / RACK-R3-Z5E-R1-07,DTC
DTC-RACK-R3-Z5E-R1-08,DTC-RACK-R3-Z5E-R1-08,,Cooling System / Cooling Plant 01 / CDIST-A-02 / CRAH-AZ-R3-E1-01 / AIRZONE-R3-E1 / RACK-R3-Z5E-R1-08,DTC
DTC-RACK-R3-Z5E-R1-09,DTC-RACK-R3-Z5E-R1-09,,Cooling System / Cooling Plant 01 / CDIST-A-02 / CRAH-AZ-R3-E1-01 / AIRZONE-R3-E1 / RACK-R3-Z5E-R1-09,DTC
DTC-RACK-R3-Z5E-R1-10,DTC-RACK-R3-Z5E-R1-10,,Cooling System / Cooling Plant 01 / CDIST-A-02 / CRAH-AZ-R3-E1-01 / AIRZONE-R3-E1 / RACK-R3-Z5E-R1-10,DTC
DTC-RACK-R3-Z5E-R1-11,DTC-RACK-R3-Z5E-R1-11,,Cooling System / Cooling Plant 01 / CDIST-A-02 / CRAH-AZ-R3-E1-01 / AIRZONE-R3-E1 / RACK-R3-Z5E-R1-11,DTC
DTC-RACK-R3-Z5E-R1-12,DTC-RACK-R3-Z5E-R1-12,,Cooling System / Cooling Plant 01 / CDIST-A-02 / CRAH-AZ-R3-E1-01 / AIRZONE-R3-E1 / RACK-R3-Z5E-R1-12,DTC
DTC-RACK-R3-Z5E-R2-01,DTC-RACK-R3-Z5E-R2-01,,Cooling System / Cooling Plant 01 / CDIST-A-02 / CRAH-AZ-R3-E1-01 / AIRZONE-R3-E1 / RACK-R3-Z5E-R2-01,DTC
DTC-RACK-R3-Z5E-R2-02,DTC-RACK-R3-Z5E-R2-02,,Cooling System / Cooling Plant 01 / CDIST-A-02 / CRAH-AZ-R3-E1-01 / AIRZONE-R3-E1 / RACK-R3-Z5E-R2-02,DTC
DTC-RACK-R3-Z5E-R2-03,DTC-RACK-R3-Z5E-R2-03,,Cooling System / Cooling Plant 01 / CDIST-A-02 / CRAH-AZ-R3-E1-01 / AIRZONE-R3-E1 / RACK-R3-Z5E-R2-03,DTC
DTC-RACK-R3-Z5E-R2-04,DTC-RACK-R3-Z5E-R2-04,,Cooling System / Cooling Plant 01 / CDIST-A-02 / CRAH-AZ-R3-E1-01 / AIRZONE-R3-E1 / RACK-R3-Z5E-R2-04,DTC
DTC-RACK-R3-Z5E-R2-05,DTC-RACK-R3-Z5E-R2-05,,Cooling System / Cooling Plant 01 / CDIST-A-02 / CRAH-AZ-R3-E1-01 / AIRZONE-R3-E1 / RACK-R3-Z5E-R2-05,DTC
DTC-RACK-R3-Z5E-R2-06,DTC-RACK-R3-Z5E-R2-06,,Cooling System / Cooling Plant 01 / CDIST-A-02 / CRAH-AZ-R3-E1-01 / AIRZONE-R3-E1 / RACK-R3-Z5E-R2-06,DTC
DTC-RACK-R3-Z5E-R2-07,DTC-RACK-R3-Z5E-R2-07,,Cooling System / Cooling Plant 01 / CDIST-A-02 / CRAH-AZ-R3-E1-01 / AIRZONE-R3-E1 / RACK-R3-Z5E-R2-07,DTC
DTC-RACK-R3-Z5E-R2-08,DTC-RACK-R3-Z5E-R2-08,,Cooling System / Cooling Plant 01 / CDIST-A-02 / CRAH-AZ-R3-E1-01 / AIRZONE-R3-E1 / RACK-R3-Z5E-R2-08,DTC
DTC-RACK-R3-Z5E-R2-09,DTC-RACK-R3-Z5E-R2-09,,Cooling System / Cooling Plant 01 / CDIST-A-02 / CRAH-AZ-R3-E1-01 / AIRZONE-R3-E1 / RACK-R3-Z5E-R2-09,DTC
DTC-RACK-R3-Z5E-R2-10,DTC-RACK-R3-Z5E-R2-10,,Cooling System / Cooling Plant 01 / CDIST-A-02 / CRAH-AZ-R3-E1-01 / AIRZONE-R3-E1 / RACK-R3-Z5E-R2-10,DTC
DTC-RACK-R3-Z5E-R2-11,DTC-RACK-R3-Z5E-R2-11,,Cooling System / Cooling Plant 01 / CDIST-A-02 / CRAH-AZ-R3-E1-01 / AIRZONE-R3-E1 / RACK-R3-Z5E-R2-11,DTC
DTC-RACK-R3-Z5E-R2-12,DTC-RACK-R3-Z5E-R2-12,,Cooling System / Cooling Plant 01 / CDIST-A-02 / CRAH-AZ-R3-E1-01 / AIRZONE-R3-E1 / RACK-R3-Z5E-R2-12,DTC
DTC-RACK-R3-Z6E-R1-01,DTC-RACK-R3-Z6E-R1-01,,Cooling System / Cooling Plant 01 / CDIST-A-02 / CRAH-AZ-R3-E2-01 / AIRZONE-R3-E2 / RACK-R3-Z6E-R1-01,DTC
DTC-RACK-R3-Z6E-R1-02,DTC-RACK-R3-Z6E-R1-02,,Cooling System / Cooling Plant 01 / CDIST-A-02 / CRAH-AZ-R3-E2-01 / AIRZONE-R3-E2 / RACK-R3-Z6E-R1-02,DTC
DTC-RACK-R3-Z6E-R1-03,DTC-RACK-R3-Z6E-R1-03,,Cooling System / Cooling Plant 01 / CDIST-A-02 / CRAH-AZ-R3-E2-01 / AIRZONE-R3-E2 / RACK-R3-Z6E-R1-03,DTC
DTC-RACK-R3-Z6E-R1-04,DTC-RACK-R3-Z6E-R1-04,,Cooling System / Cooling Plant 01 / CDIST-A-02 / CRAH-AZ-R3-E2-01 / AIRZONE-R3-E2 / RACK-R3-Z6E-R1-04,DTC
DTC-RACK-R3-Z6E-R1-05,DTC-RACK-R3-Z6E-R1-05,,Cooling System / Cooling Plant 01 / CDIST-A-02 / CRAH-AZ-R3-E2-01 / AIRZONE-R3-E2 / RACK-R3-Z6E-R1-05,DTC
DTC-RACK-R3-Z6E-R1-06,DTC-RACK-R3-Z6E-R1-06,,Cooling System / Cooling Plant 01 / CDIST-A-02 / CRAH-AZ-R3-E2-01 / AIRZONE-R3-E2 / RACK-R3-Z6E-R1-06,DTC
DTC-RACK-R3-Z6E-R1-07,DTC-RACK-R3-Z6E-R1-07,,Cooling System / Cooling Plant 01 / CDIST-A-02 / CRAH-AZ-R3-E2-01 / AIRZONE-R3-E2 / RACK-R3-Z6E-R1-07,DTC
DTC-RACK-R3-Z6E-R1-08,DTC-RACK-R3-Z6E-R1-08,,Cooling System / Cooling Plant 01 / CDIST-A-02 / CRAH-AZ-R3-E2-01 / AIRZONE-R3-E2 / RACK-R3-Z6E-R1-08,DTC
DTC-RACK-R3-Z6E-R1-09,DTC-RACK-R3-Z6E-R1-09,,Cooling System / Cooling Plant 01 / CDIST-A-02 / CRAH-AZ-R3-E2-01 / AIRZONE-R3-E2 / RACK-R3-Z6E-R1-09,DTC
DTC-RACK-R3-Z6E-R1-10,DTC-RACK-R3-Z6E-R1-10,,Cooling System / Cooling Plant 01 / CDIST-A-02 / CRAH-AZ-R3-E2-01 / AIRZONE-R3-E2 / RACK-R3-Z6E-R1-10,DTC
DTC-RACK-R3-Z6E-R1-11,DTC-RACK-R3-Z6E-R1-11,,Cooling System / Cooling Plant 01 / CDIST-A-02 / CRAH-AZ-R3-E2-01 / AIRZONE-R3-E2 / RACK-R3-Z6E-R1-11,DTC
DTC-RACK-R3-Z6E-R1-12,DTC-RACK-R3-Z6E-R1-12,,Cooling System / Cooling Plant 01 / CDIST-A-02 / CRAH-AZ-R3-E2-01 / AIRZONE-R3-E2 / RACK-R3-Z6E-R1-12,DTC
DTC-RACK-R3-Z6E-R2-01,DTC-RACK-R3-Z6E-R2-01,,Cooling System / Cooling Plant 01 / CDIST-A-02 / CRAH-AZ-R3-E2-01 / AIRZONE-R3-E2 / RACK-R3-Z6E-R2-01,DTC
DTC-RACK-R3-Z6E-R2-02,DTC-RACK-R3-Z6E-R2-02,,Cooling System / Cooling Plant 01 / CDIST-A-02 / CRAH-AZ-R3-E2-01 / AIRZONE-R3-E2 / RACK-R3-Z6E-R2-02,DTC
DTC-RACK-R3-Z6E-R2-03,DTC-RACK-R3-Z6E-R2-03,,Cooling System / Cooling Plant 01 / CDIST-A-02 / CRAH-AZ-R3-E2-01 / AIRZONE-R3-E2 / RACK-R3-Z6E-R2-03,DTC
DTC-RACK-R3-Z6E-R2-04,DTC-RACK-R3-Z6E-R2-04,,Cooling System / Cooling Plant 01 / CDIST-A-02 / CRAH-AZ-R3-E2-01 / AIRZONE-R3-E2 / RACK-R3-Z6E-R2-04,DTC
DTC-RACK-R3-Z6E-R2-05,DTC-RACK-R3-Z6E-R2-05,,Cooling System / Cooling Plant 01 / CDIST-A-02 / CRAH-AZ-R3-E2-01 / AIRZONE-R3-E2 / RACK-R3-Z6E-R2-05,DTC
DTC-RACK-R3-Z6E-R2-06,DTC-RACK-R3-Z6E-R2-06,,Cooling System / Cooling Plant 01 / CDIST-A-02 / CRAH-AZ-R3-E2-01 / AIRZONE-R3-E2 / RACK-R3-Z6E-R2-06,DTC
DTC-RACK-R3-Z6E-R2-07,DTC-RACK-R3-Z6E-R2-07,,Cooling System / Cooling Plant 01 / CDIST-A-02 / CRAH-AZ-R3-E2-01 / AIRZONE-R3-E2 / RACK-R3-Z6E-R2-07,DTC
DTC-RACK-R3-Z6E-R2-08,DTC-RACK-R3-Z6E-R2-08,,Cooling System / Cooling Plant 01 / CDIST-A-02 / CRAH-AZ-R3-E2-01 / AIRZONE-R3-E2 / RACK-R3-Z6E-R2-08,DTC
DTC-RACK-R3-Z6E-R2-09,DTC-RACK-R3-Z6E-R2-09,,Cooling System / Cooling Plant 01 / CDIST-A-02 / CRAH-AZ-R3-E2-01 / AIRZONE-R3-E2 / RACK-R3-Z6E-R2-09,DTC
DTC-RACK-R3-Z6E-R2-10,DTC-RACK-R3-Z6E-R2-10,,Cooling System / Cooling Plant 01 / CDIST-A-02 / CRAH-AZ-R3-E2-01 / AIRZONE-R3-E2 / RACK-R3-Z6E-R2-10,DTC
DTC-RACK-R3-Z6E-R2-11,DTC-RACK-R3-Z6E-R2-11,,Cooling System / Cooling Plant 01 / CDIST-A-02 / CRAH-AZ-R3-E2-01 / AIRZONE-R3-E2 / RACK-R3-Z6E-R2-11,DTC
DTC-RACK-R3-Z6E-R2-12,DTC-RACK-R3-Z6E-R2-12,,Cooling System / Cooling Plant 01 / CDIST-A-02 / CRAH-AZ-R3-E2-01 / AIRZONE-R3-E2 / RACK-R3-Z6E-R2-12,DTC
DTC-RACK-R4-Z1-R1-01,DTC-RACK-R4-Z1-R1-01,,Cooling System / Cooling Plant 01 / CDIST-A-02 / CRAH-AZ-R4-01 / AIRZONE-R4 / RACK-R4-Z1-R1-01,DTC
DTC-RACK-R4-Z1-R1-02,DTC-RACK-R4-Z1-R1-02,,Cooling System / Cooling Plant 01 / CDIST-A-02 / CRAH-AZ-R4-01 / AIRZONE-R4 / RACK-R4-Z1-R1-02,DTC
DTC-RACK-R4-Z1-R1-03,DTC-RACK-R4-Z1-R1-03,,Cooling System / Cooling Plant 01 / CDIST-A-02 / CRAH-AZ-R4-01 / AIRZONE-R4 / RACK-R4-Z1-R1-03,DTC
DTC-RACK-R4-Z1-R1-04,DTC-RACK-R4-Z1-R1-04,,Cooling System / Cooling Plant 01 / CDIST-A-02 / CRAH-AZ-R4-01 / AIRZONE-R4 / RACK-R4-Z1-R1-04,DTC
DTC-RACK-R4-Z1-R1-05,DTC-RACK-R4-Z1-R1-05,,Cooling System / Cooling Plant 01 / CDIST-A-02 / CRAH-AZ-R4-01 / AIRZONE-R4 / RACK-R4-Z1-R1-05,DTC
DTC-RACK-R4-Z1-R1-06,DTC-RACK-R4-Z1-R1-06,,Cooling System / Cooling Plant 01 / CDIST-A-02 / CRAH-AZ-R4-01 / AIRZONE-R4 / RACK-R4-Z1-R1-06,DTC
DTC-RACK-R4-Z1-R1-07,DTC-RACK-R4-Z1-R1-07,,Cooling System / Cooling Plant 01 / CDIST-A-02 / CRAH-AZ-R4-01 / AIRZONE-R4 / RACK-R4-Z1-R1-07,DTC
DTC-RACK-R4-Z1-R1-08,DTC-RACK-R4-Z1-R1-08,,Cooling System / Cooling Plant 01 / CDIST-A-02 / CRAH-AZ-R4-01 / AIRZONE-R4 / RACK-R4-Z1-R1-08,DTC
DTC-RACK-R4-Z1-R1-09,DTC-RACK-R4-Z1-R1-09,,Cooling System / Cooling Plant 01 / CDIST-A-02 / CRAH-AZ-R4-01 / AIRZONE-R4 / RACK-R4-Z1-R1-09,DTC
DTC-RACK-R4-Z1-R1-10,DTC-RACK-R4-Z1-R1-10,,Cooling System / Cooling Plant 01 / CDIST-A-02 / CRAH-AZ-R4-01 / AIRZONE-R4 / RACK-R4-Z1-R1-10,DTC
DTC-RACK-R4-Z1-R1-11,DTC-RACK-R4-Z1-R1-11,,Cooling System / Cooling Plant 01 / CDIST-A-02 / CRAH-AZ-R4-01 / AIRZONE-R4 / RACK-R4-Z1-R1-11,DTC
DTC-RACK-R4-Z1-R1-12,DTC-RACK-R4-Z1-R1-12,,Cooling System / Cooling Plant 01 / CDIST-A-02 / CRAH-AZ-R4-01 / AIRZONE-R4 / RACK-R4-Z1-R1-12,DTC
DTC-RACK-R4-Z1-R2-01,DTC-RACK-R4-Z1-R2-01,,Cooling System / Cooling Plant 01 / CDIST-A-02 / CRAH-AZ-R4-01 / AIRZONE-R4 / RACK-R4-Z1-R2-01,DTC
DTC-RACK-R4-Z1-R2-02,DTC-RACK-R4-Z1-R2-02,,Cooling System / Cooling Plant 01 / CDIST-A-02 / CRAH-AZ-R4-01 / AIRZONE-R4 / RACK-R4-Z1-R2-02,DTC
DTC-RACK-R4-Z1-R2-03,DTC-RACK-R4-Z1-R2-03,,Cooling System / Cooling Plant 01 / CDIST-A-02 / CRAH-AZ-R4-01 / AIRZONE-R4 / RACK-R4-Z1-R2-03,DTC
DTC-RACK-R4-Z1-R2-04,DTC-RACK-R4-Z1-R2-04,,Cooling System / Cooling Plant 01 / CDIST-A-02 / CRAH-AZ-R4-01 / AIRZONE-R4 / RACK-R4-Z1-R2-04,DTC
DTC-RACK-R4-Z1-R2-05,DTC-RACK-R4-Z1-R2-05,,Cooling System / Cooling Plant 01 / CDIST-A-02 / CRAH-AZ-R4-01 / AIRZONE-R4 / RACK-R4-Z1-R2-05,DTC
DTC-RACK-R4-Z1-R2-06,DTC-RACK-R4-Z1-R2-06,,Cooling System / Cooling Plant 01 / CDIST-A-02 / CRAH-AZ-R4-01 / AIRZONE-R4 / RACK-R4-Z1-R2-06,DTC
DTC-RACK-R4-Z1-R2-07,DTC-RACK-R4-Z1-R2-07,,Cooling System / Cooling Plant 01 / CDIST-A-02 / CRAH-AZ-R4-01 / AIRZONE-R4 / RACK-R4-Z1-R2-07,DTC
DTC-RACK-R4-Z1-R2-08,DTC-RACK-R4-Z1-R2-08,,Cooling System / Cooling Plant 01 / CDIST-A-02 / CRAH-AZ-R4-01 / AIRZONE-R4 / RACK-R4-Z1-R2-08,DTC
DTC-RACK-R4-Z1-R2-09,DTC-RACK-R4-Z1-R2-09,,Cooling System / Cooling Plant 01 / CDIST-A-02 / CRAH-AZ-R4-01 / AIRZONE-R4 / RACK-R4-Z1-R2-09,DTC
DTC-RACK-R4-Z1-R2-10,DTC-RACK-R4-Z1-R2-10,,Cooling System / Cooling Plant 01 / CDIST-A-02 / CRAH-AZ-R4-01 / AIRZONE-R4 / RACK-R4-Z1-R2-10,DTC
DTC-RACK-R4-Z1-R2-11,DTC-RACK-R4-Z1-R2-11,,Cooling System / Cooling Plant 01 / CDIST-A-02 / CRAH-AZ-R4-01 / AIRZONE-R4 / RACK-R4-Z1-R2-11,DTC
DTC-RACK-R4-Z1-R2-12,DTC-RACK-R4-Z1-R2-12,,Cooling System / Cooling Plant 01 / CDIST-A-02 / CRAH-AZ-R4-01 / AIRZONE-R4 / RACK-R4-Z1-R2-12,DTC
DTC-RACK-R5-Z1W-R1-01,DTC-RACK-R5-Z1W-R1-01,,Cooling System / Cooling Plant 01 / CDIST-A-02 / CRAH-AZ-R5-W-01 / AIRZONE-R5-W / RACK-R5-Z1W-R1-01,DTC
DTC-RACK-R5-Z1W-R1-02,DTC-RACK-R5-Z1W-R1-02,,Cooling System / Cooling Plant 01 / CDIST-A-02 / CRAH-AZ-R5-W-01 / AIRZONE-R5-W / RACK-R5-Z1W-R1-02,DTC
DTC-RACK-R5-Z1W-R1-03,DTC-RACK-R5-Z1W-R1-03,,Cooling System / Cooling Plant 01 / CDIST-A-02 / CRAH-AZ-R5-W-01 / AIRZONE-R5-W / RACK-R5-Z1W-R1-03,DTC
DTC-RACK-R5-Z1W-R1-04,DTC-RACK-R5-Z1W-R1-04,,Cooling System / Cooling Plant 01 / CDIST-A-02 / CRAH-AZ-R5-W-01 / AIRZONE-R5-W / RACK-R5-Z1W-R1-04,DTC
DTC-RACK-R5-Z1W-R1-05,DTC-RACK-R5-Z1W-R1-05,,Cooling System / Cooling Plant 01 / CDIST-A-02 / CRAH-AZ-R5-W-01 / AIRZONE-R5-W / RACK-R5-Z1W-R1-05,DTC
DTC-RACK-R5-Z1W-R1-06,DTC-RACK-R5-Z1W-R1-06,,Cooling System / Cooling Plant 01 / CDIST-A-02 / CRAH-AZ-R5-W-01 / AIRZONE-R5-W / RACK-R5-Z1W-R1-06,DTC
DTC-RACK-R5-Z1W-R1-07,DTC-RACK-R5-Z1W-R1-07,,Cooling System / Cooling Plant 01 / CDIST-A-02 / CRAH-AZ-R5-W-01 / AIRZONE-R5-W / RACK-R5-Z1W-R1-07,DTC
DTC-RACK-R5-Z1W-R1-08,DTC-RACK-R5-Z1W-R1-08,,Cooling System / Cooling Plant 01 / CDIST-A-02 / CRAH-AZ-R5-W-01 / AIRZONE-R5-W / RACK-R5-Z1W-R1-08,DTC
DTC-RACK-R5-Z1W-R1-09,DTC-RACK-R5-Z1W-R1-09,,Cooling System / Cooling Plant 01 / CDIST-A-02 / CRAH-AZ-R5-W-01 / AIRZONE-R5-W / RACK-R5-Z1W-R1-09,DTC
DTC-RACK-R5-Z1W-R1-10,DTC-RACK-R5-Z1W-R1-10,,Cooling System / Cooling Plant 01 / CDIST-A-02 / CRAH-AZ-R5-W-01 / AIRZONE-R5-W / RACK-R5-Z1W-R1-10,DTC
DTC-RACK-R5-Z1W-R1-11,DTC-RACK-R5-Z1W-R1-11,,Cooling System / Cooling Plant 01 / CDIST-A-02 / CRAH-AZ-R5-W-01 / AIRZONE-R5-W / RACK-R5-Z1W-R1-11,DTC
DTC-RACK-R5-Z1W-R1-12,DTC-RACK-R5-Z1W-R1-12,,Cooling System / Cooling Plant 01 / CDIST-A-02 / CRAH-AZ-R5-W-01 / AIRZONE-R5-W / RACK-R5-Z1W-R1-12,DTC
DTC-RACK-R5-Z1W-R2-01,DTC-RACK-R5-Z1W-R2-01,,Cooling System / Cooling Plant 01 / CDIST-A-02 / CRAH-AZ-R5-W-01 / AIRZONE-R5-W / RACK-R5-Z1W-R2-01,DTC
DTC-RACK-R5-Z1W-R2-02,DTC-RACK-R5-Z1W-R2-02,,Cooling System / Cooling Plant 01 / CDIST-A-02 / CRAH-AZ-R5-W-01 / AIRZONE-R5-W / RACK-R5-Z1W-R2-02,DTC
DTC-RACK-R5-Z1W-R2-03,DTC-RACK-R5-Z1W-R2-03,,Cooling System / Cooling Plant 01 / CDIST-A-02 / CRAH-AZ-R5-W-01 / AIRZONE-R5-W / RACK-R5-Z1W-R2-03,DTC
DTC-RACK-R5-Z1W-R2-04,DTC-RACK-R5-Z1W-R2-04,,Cooling System / Cooling Plant 01 / CDIST-A-02 / CRAH-AZ-R5-W-01 / AIRZONE-R5-W / RACK-R5-Z1W-R2-04,DTC
DTC-RACK-R5-Z1W-R2-05,DTC-RACK-R5-Z1W-R2-05,,Cooling System / Cooling Plant 01 / CDIST-A-02 / CRAH-AZ-R5-W-01 / AIRZONE-R5-W / RACK-R5-Z1W-R2-05,DTC
DTC-RACK-R5-Z1W-R2-06,DTC-RACK-R5-Z1W-R2-06,,Cooling System / Cooling Plant 01 / CDIST-A-02 / CRAH-AZ-R5-W-01 / AIRZONE-R5-W / RACK-R5-Z1W-R2-06,DTC
DTC-RACK-R5-Z1W-R2-07,DTC-RACK-R5-Z1W-R2-07,,Cooling System / Cooling Plant 01 / CDIST-A-02 / CRAH-AZ-R5-W-01 / AIRZONE-R5-W / RACK-R5-Z1W-R2-07,DTC
DTC-RACK-R5-Z1W-R2-08,DTC-RACK-R5-Z1W-R2-08,,Cooling System / Cooling Plant 01 / CDIST-A-02 / CRAH-AZ-R5-W-01 / AIRZONE-R5-W / RACK-R5-Z1W-R2-08,DTC
DTC-RACK-R5-Z1W-R2-09,DTC-RACK-R5-Z1W-R2-09,,Cooling System / Cooling Plant 01 / CDIST-A-02 / CRAH-AZ-R5-W-01 / AIRZONE-R5-W / RACK-R5-Z1W-R2-09,DTC
DTC-RACK-R5-Z1W-R2-10,DTC-RACK-R5-Z1W-R2-10,,Cooling System / Cooling Plant 01 / CDIST-A-02 / CRAH-AZ-R5-W-01 / AIRZONE-R5-W / RACK-R5-Z1W-R2-10,DTC
DTC-RACK-R5-Z1W-R2-11,DTC-RACK-R5-Z1W-R2-11,,Cooling System / Cooling Plant 01 / CDIST-A-02 / CRAH-AZ-R5-W-01 / AIRZONE-R5-W / RACK-R5-Z1W-R2-11,DTC
DTC-RACK-R5-Z1W-R2-12,DTC-RACK-R5-Z1W-R2-12,,Cooling System / Cooling Plant 01 / CDIST-A-02 / CRAH-AZ-R5-W-01 / AIRZONE-R5-W / RACK-R5-Z1W-R2-12,DTC
DTC-RACK-R5-Z2E-R1-01,DTC-RACK-R5-Z2E-R1-01,,Cooling System / Cooling Plant 01 / CDIST-A-02 / CRAH-AZ-R5-E-05 / AIRZONE-R5-E / RACK-R5-Z2E-R1-01,DTC
DTC-RACK-R5-Z2E-R1-02,DTC-RACK-R5-Z2E-R1-02,,Cooling System / Cooling Plant 01 / CDIST-A-02 / CRAH-AZ-R5-E-05 / AIRZONE-R5-E / RACK-R5-Z2E-R1-02,DTC
DTC-RACK-R5-Z2E-R1-03,DTC-RACK-R5-Z2E-R1-03,,Cooling System / Cooling Plant 01 / CDIST-A-02 / CRAH-AZ-R5-E-05 / AIRZONE-R5-E / RACK-R5-Z2E-R1-03,DTC
DTC-RACK-R5-Z2E-R1-04,DTC-RACK-R5-Z2E-R1-04,,Cooling System / Cooling Plant 01 / CDIST-A-02 / CRAH-AZ-R5-E-05 / AIRZONE-R5-E / RACK-R5-Z2E-R1-04,DTC
DTC-RACK-R5-Z2E-R1-05,DTC-RACK-R5-Z2E-R1-05,,Cooling System / Cooling Plant 01 / CDIST-A-02 / CRAH-AZ-R5-E-05 / AIRZONE-R5-E / RACK-R5-Z2E-R1-05,DTC
DTC-RACK-R5-Z2E-R1-06,DTC-RACK-R5-Z2E-R1-06,,Cooling System / Cooling Plant 01 / CDIST-A-02 / CRAH-AZ-R5-E-05 / AIRZONE-R5-E / RACK-R5-Z2E-R1-06,DTC
DTC-RACK-R5-Z2E-R1-07,DTC-RACK-R5-Z2E-R1-07,,Cooling System / Cooling Plant 01 / CDIST-A-02 / CRAH-AZ-R5-E-05 / AIRZONE-R5-E / RACK-R5-Z2E-R1-07,DTC
DTC-RACK-R5-Z2E-R1-08,DTC-RACK-R5-Z2E-R1-08,,Cooling System / Cooling Plant 01 / CDIST-A-02 / CRAH-AZ-R5-E-05 / AIRZONE-R5-E / RACK-R5-Z2E-R1-08,DTC
DTC-RACK-R5-Z2E-R1-09,DTC-RACK-R5-Z2E-R1-09,,Cooling System / Cooling Plant 01 / CDIST-A-02 / CRAH-AZ-R5-E-05 / AIRZONE-R5-E / RACK-R5-Z2E-R1-09,DTC
DTC-RACK-R5-Z2E-R1-10,DTC-RACK-R5-Z2E-R1-10,,Cooling System / Cooling Plant 01 / CDIST-A-02 / CRAH-AZ-R5-E-05 / AIRZONE-R5-E / RACK-R5-Z2E-R1-10,DTC
DTC-RACK-R5-Z2E-R1-11,DTC-RACK-R5-Z2E-R1-11,,Cooling System / Cooling Plant 01 / CDIST-A-02 / CRAH-AZ-R5-E-05 / AIRZONE-R5-E / RACK-R5-Z2E-R1-11,DTC
DTC-RACK-R5-Z2E-R1-12,DTC-RACK-R5-Z2E-R1-12,,Cooling System / Cooling Plant 01 / CDIST-A-02 / CRAH-AZ-R5-E-05 / AIRZONE-R5-E / RACK-R5-Z2E-R1-12,DTC
DTC-RACK-R5-Z2E-R2-01,DTC-RACK-R5-Z2E-R2-01,,Cooling System / Cooling Plant 01 / CDIST-A-02 / CRAH-AZ-R5-E-05 / AIRZONE-R5-E / RACK-R5-Z2E-R2-01,DTC
DTC-RACK-R5-Z2E-R2-02,DTC-RACK-R5-Z2E-R2-02,,Cooling System / Cooling Plant 01 / CDIST-A-02 / CRAH-AZ-R5-E-05 / AIRZONE-R5-E / RACK-R5-Z2E-R2-02,DTC
DTC-RACK-R5-Z2E-R2-03,DTC-RACK-R5-Z2E-R2-03,,Cooling System / Cooling Plant 01 / CDIST-A-02 / CRAH-AZ-R5-E-05 / AIRZONE-R5-E / RACK-R5-Z2E-R2-03,DTC
DTC-RACK-R5-Z2E-R2-04,DTC-RACK-R5-Z2E-R2-04,,Cooling System / Cooling Plant 01 / CDIST-A-02 / CRAH-AZ-R5-E-05 / AIRZONE-R5-E / RACK-R5-Z2E-R2-04,DTC
DTC-RACK-R5-Z2E-R2-05,DTC-RACK-R5-Z2E-R2-05,,Cooling System / Cooling Plant 01 / CDIST-A-02 / CRAH-AZ-R5-E-05 / AIRZONE-R5-E / RACK-R5-Z2E-R2-05,DTC
DTC-RACK-R5-Z2E-R2-06,DTC-RACK-R5-Z2E-R2-06,,Cooling System / Cooling Plant 01 / CDIST-A-02 / CRAH-AZ-R5-E-05 / AIRZONE-R5-E / RACK-R5-Z2E-R2-06,DTC
DTC-RACK-R5-Z2E-R2-07,DTC-RACK-R5-Z2E-R2-07,,Cooling System / Cooling Plant 01 / CDIST-A-02 / CRAH-AZ-R5-E-05 / AIRZONE-R5-E / RACK-R5-Z2E-R2-07,DTC
DTC-RACK-R5-Z2E-R2-08,DTC-RACK-R5-Z2E-R2-08,,Cooling System / Cooling Plant 01 / CDIST-A-02 / CRAH-AZ-R5-E-05 / AIRZONE-R5-E / RACK-R5-Z2E-R2-08,DTC
DTC-RACK-R5-Z2E-R2-09,DTC-RACK-R5-Z2E-R2-09,,Cooling System / Cooling Plant 01 / CDIST-A-02 / CRAH-AZ-R5-E-05 / AIRZONE-R5-E / RACK-R5-Z2E-R2-09,DTC
DTC-RACK-R5-Z2E-R2-10,DTC-RACK-R5-Z2E-R2-10,,Cooling System / Cooling Plant 01 / CDIST-A-02 / CRAH-AZ-R5-E-05 / AIRZONE-R5-E / RACK-R5-Z2E-R2-10,DTC
DTC-RACK-R5-Z2E-R2-11,DTC-RACK-R5-Z2E-R2-11,,Cooling System / Cooling Plant 01 / CDIST-A-02 / CRAH-AZ-R5-E-05 / AIRZONE-R5-E / RACK-R5-Z2E-R2-11,DTC
DTC-RACK-R5-Z2E-R2-12,DTC-RACK-R5-Z2E-R2-12,,Cooling System / Cooling Plant 01 / CDIST-A-02 / CRAH-AZ-R5-E-05 / AIRZONE-R5-E / RACK-R5-Z2E-R2-12,DTC
