node_id,node_type,name,Rack_Circuit_Capacity_(rated),Rack_Circuit_Capacity_(design),Allocated_ITLoad,TheorMax_ITLoad,Allocated_AirCool_Load,Allocated_LiquidCool_Load,Rack_AirCool_Fraction,Rack_LiquidCool_Fraction,Local_Capacity_Margin,Local_Capacity_Margin_Pct,Upstream_Capacity_Margin,Upstream_Capacity_Margin_Pct,Rack_Count,Rated_Cooling_Capacity,Pump_Capacity,RPP_Panel_Capacity_(rated),RPP_Panel_Capacity_(design),RPP_BreakerPole_Capacity,Device_Capacity_Margin,Device_Capacity_Margin_Pct,AirZone_Cooling_Capacity,Maximum_Air_Flow,TheorMax_AirCool_Load,Rack_Inlet_Setpoint,ColdAisle_Supply_Temp,Rack_DeltaT_(design),LL_Cooling_Capacity,Maximum_Flow_Rate,TheorMax_LiquidCool_Load,Loop_Supply_Setpoint,Loop_DeltaT_(design),RPDU_Transformer_Rating,RPDU_Design_Capacity,RPDU_Operational_Cap,UPS_Rated_Capacity,UPS_Design_Capacity,UPS_Operational_Cap,RDHx_MaxHeat_Removal,DTC_MaxCool_Capacity,Capacity_Envelope,Power_Capacity,Thermal_Capacity,Cell_Margin,Cell_Margin_Pct,Cell_Utilization_Pct,Power_Margin,Power_Margin_Pct,Thermal_Margin,Thermal_Margin_Pct,Bundle_Margin,Bundle_Margin_Pct,Bundle_Utilization_Pct
ACU-01-A,Air Cooling Unit,Air Cooling Unit ACU-01-A,,,,,,,,,,,,,,10.27,,,,,,,,1850,,,,,,,,,,,,,,,,,,,,,,,,,,,,,,
ACU-01-B,Air Cooling Unit,Air Cooling Unit ACU-01-B,,,,,,,,,,,,,,205.47,,,,,,,,34247,,,,,,,,,,,,,,,,,,,,,,,,,,,,,,
ACU-02-A,Air Cooling Unit,Air Cooling Unit ACU-02-A,,,,,,,,,,,,,,58.76,,,,,,,,10581,,,,,,,,,,,,,,,,,,,,,,,,,,,,,,
ACU-02-B,Air Cooling Unit,Air Cooling Unit ACU-02-B,,,,,,,,,,,,,,133.74,,,,,,,,23504,,,,,,,,,,,,,,,,,,,,,,,,,,,,,,
CRAH-AZ-R3-E1-01,Air Cooling Unit,CRAH-AZ-R3-E1-01,,,,,,,,,,,,,,10.27,,,,,,,,1850,,,,,,,,,,,,,,,,,,,,,,,,,,,,,,
CRAH-AZ-R3-E1-02,Air Cooling Unit,CRAH-AZ-R3-E1-02,,,,,,,,,,,,,,205.47,,,,,,,,34247,,,,,,,,,,,,,,,,,,,,,,,,,,,,,,
CRAH-AZ-R3-E1-03,Air Cooling Unit,CRAH-AZ-R3-E1-03,,,,,,,,,,,,,,58.76,,,,,,,,10581,,,,,,,,,,,,,,,,,,,,,,,,,,,,,,
CRAH-AZ-R3-E1-04,Air Cooling Unit,CRAH-AZ-R3-E1-04,,,,,,,,,,,,,,133.74,,,,,,,,23504,,,,,,,,,,,,,,,,,,,,,,,,,,,,,,
CRAH-AZ-R3-E1-05,Air Cooling Unit,CRAH-AZ-R3-E1-05,,,,,,,,,,,,,,10.27,,,,,,,,1850,,,,,,,,,,,,,,,,,,,,,,,,,,,,,,
CRAH-AZ-R3-E2-01,Air Cooling Unit,CRAH-AZ-R3-E2-01,,,,,,,,,,,,,,205.47,,,,,,,,34247,,,,,,,,,,,,,,,,,,,,,,,,,,,,,,
CRAH-AZ-R3-E2-02,Air Cooling Unit,CRAH-AZ-R3-E2-02,,,,,,,,,,,,,,58.76,,,,,,,,10581,,,,,,,,,,,,,,,,,,,,,,,,,,,,,,
CRAH-AZ-R3-E2-03,Air Cooling Unit,CRAH-AZ-R3-E2-03,,,,,,,,,,,,,,133.74,,,,,,,,23504,,,,,,,,,,,,,,,,,,,,,,,,,,,,,,
CRAH-AZ-R3-W1-01,Air Cooling Unit,CRAH-AZ-R3-W1-01,,,,,,,,,,,,,,10.27,,,,,,,,1850,,,,,,,,,,,,,,,,,,,,,,,,,,,,,,
CRAH-AZ-R3-W1-02,Air Cooling Unit,CRAH-AZ-R3-W1-02,,,,,,,,,,,,,,205.47,,,,,,,,34247,,,,,,,,,,,,,,,,,,,,,,,,,,,,,,
CRAH-AZ-R3-W1-03,Air Cooling Unit,CRAH-AZ-R3-W1-03,,,,,,,,,,,,,,58.76,,,,,,,,10581,,,,,,,,,,,,,,,,,,,,,,,,,,,,,,
CRAH-AZ-R3-W1-04,Air Cooling Unit,CRAH-AZ-R3-W1-04,,,,,,,,,,,,,,133.74,,,,,,,,23504,,,,,,,,,,,,,,,,,,,,,,,,,,,,,,
CRAH-AZ-R3-W1-05,Air Cooling Unit,CRAH-AZ-R3-W1-05,,,,,,,,,,,,,,10.27,,,,,,,,1850,,,,,,,,,,,,,,,,,,,,,,,,,,,,,,
CRAH-AZ-R3-W2-01,Air Cooling Unit,CRAH-AZ-R3-W2-01,,,,,,,,,,,,,,205.47,,,,,,,,34247,,,,,,,,,,,,,,,,,,,,,,,,,,,,,,
CRAH-AZ-R3-W2-02,Air Cooling Unit,CRAH-AZ-R3-W2-02,,,,,,,,,,,,,,58.76,,,,,,,,10581,,,,,,,,,,,,,,,,,,,,,,,,,,,,,,
CRAH-AZ-R3-W2-03,Air Cooling Unit,CRAH-AZ-R3-W2-03,,,,,,,,,,,,,,133.74,,,,,,,,23504,,,,,,,,,,,,,,,,,,,,,,,,,,,,,,
CRAH-AZ-R4-01,Air Cooling Unit,CRAH-AZ-R4-01,,,,,,,,,,,,,,10.27,,,,,,,,1850,,,,,,,,,,,,,,,,,,,,,,,,,,,,,,
CRAH-AZ-R4-02,Air Cooling Unit,CRAH-AZ-R4-02,,,,,,,,,,,,,,205.47,,,,,,,,34247,,,,,,,,,,,,,,,,,,,,,,,,,,,,,,
CRAH-AZ-R4-03,Air Cooling Unit,CRAH-AZ-R4-03,,,,,,,,,,,,,,58.76,,,,,,,,10581,,,,,,,,,,,,,,,,,,,,,,,,,,,,,,
CRAH-AZ-R5-W-01,Air Cooling Unit,CRAH-AZ-R5-W-01,,,,,,,,,,,,,,133.74,,,,,,,,23504,,,,,,,,,,,,,,,,,,,,,,,,,,,,,,
CRAH-AZ-R5-W-02,Air Cooling Unit,CRAH-AZ-R5-W-02,,,,,,,,,,,,,,10.27,,,,,,,,1850,,,,,,,,,,,,,,,,,,,,,,,,,,,,,,
CRAH-AZ-R5-W-03,Air Cooling Unit,CRAH-AZ-R5-W-03,,,,,,,,,,,,,,205.47,,,,,,,,34247,,,,,,,,,,,,,,,,,,,,,,,,,,,,,,
CRAH-AZ-R5-W-04,Air Cooling Unit,CRAH-AZ-R5-W-04,,,,,,,,,,,,,,58.76,,,,,,,,10581,,,,,,,,,,,,,,,,,,,,,,,,,,,,,,
CRAH-AZ-R5-E-05,Air Cooling Unit,CRAH-AZ-R5-E-05,,,,,,,,,,,,,,133.74,,,,,,,,23504,,,,,,,,,,,,,,,,,,,,,,,,,,,,,,
CRAH-AZ-R5-E-06,Air Cooling Unit,CRAH-AZ-R5-E-06,,,,,,,,,,,,,,10.27,,,,,,,,34247,,,,,,,,,,,,,,,,,,,,,,,,,,,,,,
CRAH-AZ-R5-E-07,Air Cooling Unit,CRAH-AZ-R5-E-07,,,,,,,,,,,,,,205.47,,,,,,,,10581,,,,,,,,,,,,,,,,,,,,,,,,,,,,,,
CRAH-AZ-R5-E-08,Air Cooling Unit,CRAH-AZ-R5-E-08,,,,,,,,,,,,,,58.76,,,,,,,,23504,,,,,,,,,,,,,,,,,,,,,,,,,,,,,,
AIRZONE-R1,Air Zone,Air Zone for ROOM-1-1,,,172.23,326.4,154.03,,,,45.25,0.2271,61.71,0.286,24,,,,,,,,199.28,34885,188.51,23.9,19.5,4.4,,,,,,,,,,,,,,,,,,,,,,,,,,
AIRZONE-R2,Air Zone,Air Zone for ROOM-1-2,,,244.45,419.74,133.26,,,,50.01,0.2729,59.24,0.3077,24,,,,,,,,183.27,31927,173.13,23.2,19,4.2,,,,,,,,,,,,,,,,,,,,,,,,,,
AIRZONE-R3-E1,Air Zone,AIRZONE-R3-E1,,,2156.32,3760.8,672.14,,,,246.78,0.2686,246.78,0.2686,144,,,,,,,,918.92,140636,845.66,26.9,22.5,4.4,,,,,,,,,,,,,,,,,,,,,,,,,,
AIRZONE-R3-E2,Air Zone,AIRZONE-R3-E2,,,2156.32,3760.8,672.14,,,,233.03,0.2574,233.03,0.2574,144,,,,,,,,905.17,164608,893.33,26.1,21.9,4.2,,,,,,,,,,,,,,,,,,,,,,,,,,
AIRZONE-R3-W1,Air Zone,AIRZONE-R3-W1,,,2156.32,3760.8,672.14,,,,302.83,0.3106,302.83,0.3106,144,,,,,,,,974.97,157399,959.55,24.5,19.5,5,,,,,,,,,,,,,,,,,,,,,,,,,,
AIRZONE-R3-W2,Air Zone,AIRZONE-R3-W2,,,2156.32,3760.8,672.14,,,,308.1,0.3143,308.1,0.3143,144,,,,,,,,980.24,182811,926.42,25.6,22.4,3.2,,,,,,,,,,,,,,,,,,,,,,,,,,
AIRZONE-R4,Air Zone,AIRZONE-R4,,,224.83,385.75,98.25,,,,55.27,0.36,55.27,0.36,24,,,,,,,,153.52,26770,150.87,22.1,18.9,3.2,,,,,,,,,,,,,,,,,,,,,,,,,,
AIRZONE-R5-W,Air Zone,AIRZONE-R5-W,,,638.16,1092.8,233.12,,,,71.22,0.234,71.22,0.234,48,,,,,,,,304.34,45630,283.2,26.4,22.5,3.9,,,,,,,,,,,,,,,,,,,,,,,,,,
AIRZONE-R5-E,Air Zone,AIRZONE-R5-E,,,638.16,1092.8,233.12,,,,60.65,0.2065,60.65,0.2065,48,,,,,,,,293.77,51667,287.21,23.1,17.6,5.5,,,,,,,,,,,,,,,,,,,,,,,,,,
CC-R1R2,Capacity Cell,Capacity Cell R1R2,,,416.68,746.14,,,,,,,176.99,0.2981,48,,,,,,,,,,,,,,,,,,,,,,,,,,,593.67,656.6,624.92,176.99,0.2981,0.7019,239.92,0.3654,208.24,0.3332,,,
CC-R3,Capacity Cell,Capacity Cell R3,,,2156.32,3760.8,,,,,,,-2156.32,,144,,,,,,,,,,,,,,,,,,,,,,,,,,,0,0,7832.01,-2156.32,,,-2156.32,,5675.69,0.7247,,,
CC-R4,Capacity Cell,Capacity Cell R4,,,224.83,385.75,,,,,,,86.11,0.2769,24,,,,,,,,,,,,,,,,,,,,,,,,,,,310.94,339.46,327.3,86.11,0.2769,0.7231,114.63,0.3377,102.47,0.3131,,,
CC-R5E,Capacity Cell,Capacity Cell R5E,,,318.79,543.8,,,,,,,-318.79,,24,,,,,,,,,,,,,,,,,,,,,,,,,,,0,0,856.4,-318.79,,,-318.79,,537.61,0.6278,,,
CC-R5W,Capacity Cell,Capacity Cell R5W,,,319.37,549,,,,,,,-319.37,,24,,,,,,,,,,,,,,,,,,,,,,,,,,,0,0,856.4,-319.37,,,-319.37,,537.03,0.6271,,,
CDU-R1,CDU,CDU for ROOM-1-1,,,,,,,,,,,,,,57.57,494.7,,,,,,,,,,,,,,,,,,,,,,,,,,,,,,,,,,,,,
CDU-R2,CDU,CDU for ROOM-1-2,,,,,,,,,,,,,,204.36,1985,,,,,,,,,,,,,,,,,,,,,,,,,,,,,,,,,,,,,
CDU-R3-E,CDU,CDU-R3-E,,,,,,,,,,,,,,2304.03,19562.9,,,,,,,,,,,,,,,,,,,,,,,,,,,,,,,,,,,,,
CDU-R3-W,CDU,CDU-R3-W,,,,,,,,,,,,,,2309.18,19253.9,,,,,,,,,,,,,,,,,,,,,,,,,,,,,,,,,,,,,
CDU-R4,CDU,CDU-R4,,,,,,,,,,,,,,195.45,1753,,,,,,,,,,,,,,,,,,,,,,,,,,,,,,,,,,,,,
CDU-R5-W,CDU,CDU-R5-W,,,,,,,,,,,,,,601.43,5441,,,,,,,,,,,,,,,,,,,,,,,,,,,,,,,,,,,,,
CDU-R5-E,CDU,CDU-R5-E,,,,,,,,,,,,,,608.49,5323.1,,,,,,,,,,,,,,,,,,,,,,,,,,,,,,,,,,,,,
DTC-RACK-R2-Z1-R1-01,DTC,DTC for RACK-R2-Z1-R1-01,,,,,,,,,,,,,,,,,,,,,,,,,,,,,,,,,,,,,,,5.53,,,,,,,,,,,,,
DTC-RACK-R2-Z1-R1-02,DTC,DTC for RACK-R2-Z1-R1-02,,,,,,,,,,,,,,,,,,,,,,,,,,,,,,,,,,,,,,,4.47,,,,,,,,,,,,,
DTC-RACK-R2-Z1-R1-03,DTC,DTC for RACK-R2-Z1-R1-03,,,,,,,,,,,,,,,,,,,,,,,,,,,,,,,,,,,,,,,6.49,,,,,,,,,,,,,
DTC-RACK-R2-Z1-R1-04,DTC,DTC for RACK-R2-Z1-R1-04,,,,,,,,,,,,,,,,,,,,,,,,,,,,,,,,,,,,,,,4.28,,,,,,,,,,,,,
DTC-RACK-R2-Z1-R1-05,DTC,DTC for RACK-R2-Z1-R1-05,,,,,,,,,,,,,,,,,,,,,,,,,,,,,,,,,,,,,,,4.33,,,,,,,,,,,,,
DTC-RACK-R2-Z1-R1-06,DTC,DTC for RACK-R2-Z1-R1-06,,,,,,,,,,,,,,,,,,,,,,,,,,,,,,,,,,,,,,,5.79,,,,,,,,,,,,,
DTC-RACK-R2-Z1-R2-01,DTC,DTC for RACK-R2-Z1-R2-01,,,,,,,,,,,,,,,,,,,,,,,,,,,,,,,,,,,,,,,4.79,,,,,,,,,,,,,
DTC-RACK-R2-Z1-R2-02,DTC,DTC for RACK-R2-Z1-R2-02,,,,,,,,,,,,,,,,,,,,,,,,,,,,,,,,,,,,,,,4.08,,,,,,,,,,,,,
DTC-RACK-R2-Z1-R2-03,DTC,DTC for RACK-R2-Z1-R2-03,,,,,,,,,,,,,,,,,,,,,,,,,,,,,,,,,,,,,,,5.85,,,,,,,,,,,,,
DTC-RACK-R2-Z1-R2-04,DTC,DTC for RACK-R2-Z1-R2-04,,,,,,,,,,,,,,,,,,,,,,,,,,,,,,,,,,,,,,,3.48,,,,,,,,,,,,,
DTC-RACK-R2-Z1-R2-05,DTC,DTC for RACK-R2-Z1-R2-05,,,,,,,,,,,,,,,,,,,,,,,,,,,,,,,,,,,,,,,5.73,,,,,,,,,,,,,
DTC-RACK-R2-Z1-R2-06,DTC,DTC for RACK-R2-Z1-R2-06,,,,,,,,,,,,,,,,,,,,,,,,,,,,,,,,,,,,,,,9.13,,,,,,,,,,,,,
DTC-RACK-R2-Z2-R1-01,DTC,DTC for RACK-R2-Z2-R1-01,,,,,,,,,,,,,,,,,,,,,,,,,,,,,,,,,,,,,,,8.16,,,,,,,,,,,,,
DTC-RACK-R2-Z2-R1-02,DTC,DTC for RACK-R2-Z2-R1-02,,,,,,,,,,,,,,,,,,,,,,,,,,,,,,,,,,,,,,,3.41,,,,,,,,,,,,,
DTC-RACK-R2-Z2-R1-03,DTC,DTC for RACK-R2-Z2-R1-03,,,,,,,,,,,,,,,,,,,,,,,,,,,,,,,,,,,,,,,8.24,,,,,,,,,,,,,
DTC-RACK-R2-Z2-R1-04,DTC,DTC for RACK-R2-Z2-R1-04,,,,,,,,,,,,,,,,,,,,,,,,,,,,,,,,,,,,,,,7.71,,,,,,,,,,,,,
DTC-RACK-R2-Z2-R1-05,DTC,DTC for RACK-R2-Z2-R1-05,,,,,,,,,,,,,,,,,,,,,,,,,,,,,,,,,,,,,,,7.32,,,,,,,,,,,,,
DTC-RACK-R2-Z2-R1-06,DTC,DTC for RACK-R2-Z2-R1-06,,,,,,,,,,,,,,,,,,,,,,,,,,,,,,,,,,,,,,,5.35,,,,,,,,,,,,,
DTC-RACK-R2-Z2-R2-01,DTC,DTC for RACK-R2-Z2-R2-01,,,,,,,,,,,,,,,,,,,,,,,,,,,,,,,,,,,,,,,3.41,,,,,,,,,,,,,
DTC-RACK-R2-Z2-R2-02,DTC,DTC for RACK-R2-Z2-R2-02,,,,,,,,,,,,,,,,,,,,,,,,,,,,,,,,,,,,,,,6.85,,,,,,,,,,,,,
DTC-RACK-R2-Z2-R2-03,DTC,DTC for RACK-R2-Z2-R2-03,,,,,,,,,,,,,,,,,,,,,,,,,,,,,,,,,,,,,,,5.39,,,,,,,,,,,,,
DTC-RACK-R2-Z2-R2-04,DTC,DTC for RACK-R2-Z2-R2-04,,,,,,,,,,,,,,,,,,,,,,,,,,,,,,,,,,,,,,,4.87,,,,,,,,,,,,,
DTC-RACK-R2-Z2-R2-05,DTC,DTC for RACK-R2-Z2-R2-05,,,,,,,,,,,,,,,,,,,,,,,,,,,,,,,,,,,,,,,4.37,,,,,,,,,,,,,
DTC-RACK-R2-Z2-R2-06,DTC,DTC for RACK-R2-Z2-R2-06,,,,,,,,,,,,,,,,,,,,,,,,,,,,,,,,,,,,,,,4.34,,,,,,,,,,,,,
DTC-RACK-R3-Z1W-R1-01,DTC,DTC-RACK-R3-Z1W-R1-01,,,,,,,,,,,,,,,,,,,,,,,,,,,,,,,,,,,,,,,20.48,,,,,,,,,,,,,
DTC-RACK-R3-Z1W-R1-02,DTC,DTC-RACK-R3-Z1W-R1-02,,,,,,,,,,,,,,,,,,,,,,,,,,,,,,,,,,,,,,,20.48,,,,,,,,,,,,,
DTC-RACK-R3-Z1W-R1-03,DTC,DTC-RACK-R3-Z1W-R1-03,,,,,,,,,,,,,,,,,,,,,,,,,,,,,,,,,,,,,,,11.84,,,,,,,,,,,,,
DTC-RACK-R3-Z1W-R1-04,DTC,DTC-RACK-R3-Z1W-R1-04,,,,,,,,,,,,,,,,,,,,,,,,,,,,,,,,,,,,,,,14.82,,,,,,,,,,,,,
DTC-RACK-R3-Z1W-R1-05,DTC,DTC-RACK-R3-Z1W-R1-05,,,,,,,,,,,,,,,,,,,,,,,,,,,,,,,,,,,,,,,15.69,,,,,,,,,,,,,
DTC-RACK-R3-Z1W-R1-06,DTC,DTC-RACK-R3-Z1W-R1-06,,,,,,,,,,,,,,,,,,,,,,,,,,,,,,,,,,,,,,,13.35,,,,,,,,,,,,,
DTC-RACK-R3-Z1W-R1-07,DTC,DTC-RACK-R3-Z1W-R1-07,,,,,,,,,,,,,,,,,,,,,,,,,,,,,,,,,,,,,,,31.69,,,,,,,,,,,,,
DTC-RACK-R3-Z1W-R1-08,DTC,DTC-RACK-R3-Z1W-R1-08,,,,,,,,,,,,,,,,,,,,,,,,,,,,,,,,,,,,,,,13.89,,,,,,,,,,,,,
DTC-RACK-R3-Z1W-R1-09,DTC,DTC-RACK-R3-Z1W-R1-09,,,,,,,,,,,,,,,,,,,,,,,,,,,,,,,,,,,,,,,23.88,,,,,,,,,,,,,
DTC-RACK-R3-Z1W-R1-10,DTC,DTC-RACK-R3-Z1W-R1-10,,,,,,,,,,,,,,,,,,,,,,,,,,,,,,,,,,,,,,,26.13,,,,,,,,,,,,,
DTC-RACK-R3-Z1W-R1-11,DTC,DTC-RACK-R3-Z1W-R1-11,,,,,,,,,,,,,,,,,,,,,,,,,,,,,,,,,,,,,,,28.79,,,,,,,,,,,,,
DTC-RACK-R3-Z1W-R1-12,DTC,DTC-RACK-R3-Z1W-R1-12,,,,,,,,,,,,,,,,,,,,,,,,,,,,,,,,,,,,,,,31.48,,,,,,,,,,,,,
DTC-RACK-R3-Z1W-R2-01,DTC,DTC-RACK-R3-Z1W-R2-01,,,,,,,,,,,,,,,,,,,,,,,,,,,,,,,,,,,,,,,11.6,,,,,,,,,,,,,
DTC-RACK-R3-Z1W-R2-02,DTC,DTC-RACK-R3-Z1W-R2-02,,,,,,,,,,,,,,,,,,,,,,,,,,,,,,,,,,,,,,,14.44,,,,,,,,,,,,,
DTC-RACK-R3-Z1W-R2-03,DTC,DTC-RACK-R3-Z1W-R2-03,,,,,,,,,,,,,,,,,,,,,,,,,,,,,,,,,,,,,,,25.67,,,,,,,,,,,,,
DTC-RACK-R3-Z1W-R2-04,DTC,DTC-RACK-R3-Z1W-R2-04,,,,,,,,,,,,,,,,,,,,,,,,,,,,,,,,,,,,,,,14.23,,,,,,,,,,,,,
DTC-RACK-R3-Z1W-R2-05,DTC,DTC-RACK-R3-Z1W-R2-05,,,,,,,,,,,,,,,,,,,,,,,,,,,,,,,,,,,,,,,13.48,,,,,,,,,,,,,
DTC-RACK-R3-Z1W-R2-06,DTC,DTC-RACK-R3-Z1W-R2-06,,,,,,,,,,,,,,,,,,,,,,,,,,,,,,,,,,,,,,,21.77,,,,,,,,,,,,,
DTC-RACK-R3-Z1W-R2-07,DTC,DTC-RACK-R3-Z1W-R2-07,,,,,,,,,,,,,,,,,,,,,,,,,,,,,,,,,,,,,,,29.91,,,,,,,,,,,,,
DTC-RACK-R3-Z1W-R2-08,DTC,DTC-RACK-R3-Z1W-R2-08,,,,,,,,,,,,,,,,,,,,,,,,,,,,,,,,,,,,,,,32.35,,,,,,,,,,,,,
DTC-RACK-R3-Z1W-R2-09,DTC,DTC-RACK-R3-Z1W-R2-09,,,,,,,,,,,,,,,,,,,,,,,,,,,,,,,,,,,,,,,20.85,,,,,,,,,,,,,
DTC-RACK-R3-Z1W-R2-10,DTC,DTC-RACK-R3-Z1W-R2-10,,,,,,,,,,,,,,,,,,,,,,,,,,,,,,,,,,,,,,,18.75,,,,,,,,,,,,,
DTC-RACK-R3-Z1W-R2-11,DTC,DTC-RACK-R3-Z1W-R2-11,,,,,,,,,,,,,,,,,,,,,,,,,,,,,,,,,,,,,,,11.31,,,,,,,,,,,,,
DTC-RACK-R3-Z1W-R2-12,DTC,DTC-RACK-R3-Z1W-R2-12,,,,,,,,,,,,,,,,,,,,,,,,,,,,,,,,,,,,,,,15.82,,,,,,,,,,,,,
DTC-RACK-R3-Z2W-R1-01,DTC,DTC-RACK-R3-Z2W-R1-01,,,,,,,,,,,,,,,,,,,,,,,,,,,,,,,,,,,,,,,25.65,,,,,,,,,,,,,
DTC-RACK-R3-Z2W-R1-02,DTC,DTC-RACK-R3-Z2W-R1-02,,,,,,,,,,,,,,,,,,,,,,,,,,,,,,,,,,,,,,,22.28,,,,,,,,,,,,,
DTC-RACK-R3-Z2W-R1-03,DTC,DTC-RACK-R3-Z2W-R1-03,,,,,,,,,,,,,,,,,,,,,,,,,,,,,,,,,,,,,,,12.1,,,,,,,,,,,,,
DTC-RACK-R3-Z2W-R1-04,DTC,DTC-RACK-R3-Z2W-R1-04,,,,,,,,,,,,,,,,,,,,,,,,,,,,,,,,,,,,,,,12.43,,,,,,,,,,,,,
DTC-RACK-R3-Z2W-R1-05,DTC,DTC-RACK-R3-Z2W-R1-05,,,,,,,,,,,,,,,,,,,,,,,,,,,,,,,,,,,,,,,14.45,,,,,,,,,,,,,
DTC-RACK-R3-Z2W-R1-06,DTC,DTC-RACK-R3-Z2W-R1-06,,,,,,,,,,,,,,,,,,,,,,,,,,,,,,,,,,,,,,,22.06,,,,,,,,,,,,,
DTC-RACK-R3-Z2W-R1-07,DTC,DTC-RACK-R3-Z2W-R1-07,,,,,,,,,,,,,,,,,,,,,,,,,,,,,,,,,,,,,,,13.05,,,,,,,,,,,,,
DTC-RACK-R3-Z2W-R1-08,DTC,DTC-RACK-R3-Z2W-R1-08,,,,,,,,,,,,,,,,,,,,,,,,,,,,,,,,,,,,,,,9.75,,,,,,,,,,,,,
DTC-RACK-R3-Z2W-R1-09,DTC,DTC-RACK-R3-Z2W-R1-09,,,,,,,,,,,,,,,,,,,,,,,,,,,,,,,,,,,,,,,11.56,,,,,,,,,,,,,
DTC-RACK-R3-Z2W-R1-10,DTC,DTC-RACK-R3-Z2W-R1-10,,,,,,,,,,,,,,,,,,,,,,,,,,,,,,,,,,,,,,,24.09,,,,,,,,,,,,,
DTC-RACK-R3-Z2W-R1-11,DTC,DTC-RACK-R3-Z2W-R1-11,,,,,,,,,,,,,,,,,,,,,,,,,,,,,,,,,,,,,,,29.88,,,,,,,,,,,,,
DTC-RACK-R3-Z2W-R1-12,DTC,DTC-RACK-R3-Z2W-R1-12,,,,,,,,,,,,,,,,,,,,,,,,,,,,,,,,,,,,,,,25.46,,,,,,,,,,,,,
DTC-RACK-R3-Z2W-R2-01,DTC,DTC-RACK-R3-Z2W-R2-01,,,,,,,,,,,,,,,,,,,,,,,,,,,,,,,,,,,,,,,26.64,,,,,,,,,,,,,
DTC-RACK-R3-Z2W-R2-02,DTC,DTC-RACK-R3-Z2W-R2-02,,,,,,,,,,,,,,,,,,,,,,,,,,,,,,,,,,,,,,,16.87,,,,,,,,,,,,,
DTC-RACK-R3-Z2W-R2-03,DTC,DTC-RACK-R3-Z2W-R2-03,,,,,,,,,,,,,,,,,,,,,,,,,,,,,,,,,,,,,,,12.7,,,,,,,,,,,,,
DTC-RACK-R3-Z2W-R2-04,DTC,DTC-RACK-R3-Z2W-R2-04,,,,,,,,,,,,,,,,,,,,,,,,,,,,,,,,,,,,,,,32.05,,,,,,,,,,,,,
DTC-RACK-R3-Z2W-R2-05,DTC,DTC-RACK-R3-Z2W-R2-05,,,,,,,,,,,,,,,,,,,,,,,,,,,,,,,,,,,,,,,23.35,,,,,,,,,,,,,
DTC-RACK-R3-Z2W-R2-06,DTC,DTC-RACK-R3-Z2W-R2-06,,,,,,,,,,,,,,,,,,,,,,,,,,,,,,,,,,,,,,,26.14,,,,,,,,,,,,,
DTC-RACK-R3-Z2W-R2-07,DTC,DTC-RACK-R3-Z2W-R2-07,,,,,,,,,,,,,,,,,,,,,,,,,,,,,,,,,,,,,,,18.26,,,,,,,,,,,,,
DTC-RACK-R3-Z2W-R2-08,DTC,DTC-RACK-R3-Z2W-R2-08,,,,,,,,,,,,,,,,,,,,,,,,,,,,,,,,,,,,,,,27.08,,,,,,,,,,,,,
DTC-RACK-R3-Z2W-R2-09,DTC,DTC-RACK-R3-Z2W-R2-09,,,,,,,,,,,,,,,,,,,,,,,,,,,,,,,,,,,,,,,15.4,,,,,,,,,,,,,
DTC-RACK-R3-Z2W-R2-10,DTC,DTC-RACK-R3-Z2W-R2-10,,,,,,,,,,,,,,,,,,,,,,,,,,,,,,,,,,,,,,,14.77,,,,,,,,,,,,,
DTC-RACK-R3-Z2W-R2-11,DTC,DTC-RACK-R3-Z2W-R2-11,,,,,,,,,,,,,,,,,,,,,,,,,,,,,,,,,,,,,,,26.48,,,,,,,,,,,,,
DTC-RACK-R3-Z2W-R2-12,DTC,DTC-RACK-R3-Z2W-R2-12,,,,,,,,,,,,,,,,,,,,,,,,,,,,,,,,,,,,,,,27.77,,,,,,,,,,,,,
DTC-RACK-R3-Z3W-R1-01,DTC,DTC-RACK-R3-Z3W-R1-01,,,,,,,,,,,,,,,,,,,,,,,,,,,,,,,,,,,,,,,26.36,,,,,,,,,,,,,
DTC-RACK-R3-Z3W-R1-02,DTC,DTC-RACK-R3-Z3W-R1-02,,,,,,,,,,,,,,,,,,,,,,,,,,,,,,,,,,,,,,,18.86,,,,,,,,,,,,,
DTC-RACK-R3-Z3W-R1-03,DTC,DTC-RACK-R3-Z3W-R1-03,,,,,,,,,,,,,,,,,,,,,,,,,,,,,,,,,,,,,,,26.82,,,,,,,,,,,,,
DTC-RACK-R3-Z3W-R1-04,DTC,DTC-RACK-R3-Z3W-R1-04,,,,,,,,,,,,,,,,,,,,,,,,,,,,,,,,,,,,,,,10.49,,,,,,,,,,,,,
DTC-RACK-R3-Z3W-R1-05,DTC,DTC-RACK-R3-Z3W-R1-05,,,,,,,,,,,,,,,,,,,,,,,,,,,,,,,,,,,,,,,11.77,,,,,,,,,,,,,
DTC-RACK-R3-Z3W-R1-06,DTC,DTC-RACK-R3-Z3W-R1-06,,,,,,,,,,,,,,,,,,,,,,,,,,,,,,,,,,,,,,,10.95,,,,,,,,,,,,,
DTC-RACK-R3-Z3W-R1-07,DTC,DTC-RACK-R3-Z3W-R1-07,,,,,,,,,,,,,,,,,,,,,,,,,,,,,,,,,,,,,,,26.33,,,,,,,,,,,,,
DTC-RACK-R3-Z3W-R1-08,DTC,DTC-RACK-R3-Z3W-R1-08,,,,,,,,,,,,,,,,,,,,,,,,,,,,,,,,,,,,,,,20.82,,,,,,,,,,,,,
DTC-RACK-R3-Z3W-R1-09,DTC,DTC-RACK-R3-Z3W-R1-09,,,,,,,,,,,,,,,,,,,,,,,,,,,,,,,,,,,,,,,18.97,,,,,,,,,,,,,
DTC-RACK-R3-Z3W-R1-10,DTC,DTC-RACK-R3-Z3W-R1-10,,,,,,,,,,,,,,,,,,,,,,,,,,,,,,,,,,,,,,,16.61,,,,,,,,,,,,,
DTC-RACK-R3-Z3W-R1-11,DTC,DTC-RACK-R3-Z3W-R1-11,,,,,,,,,,,,,,,,,,,,,,,,,,,,,,,,,,,,,,,10.58,,,,,,,,,,,,,
DTC-RACK-R3-Z3W-R1-12,DTC,DTC-RACK-R3-Z3W-R1-12,,,,,,,,,,,,,,,,,,,,,,,,,,,,,,,,,,,,,,,12.26,,,,,,,,,,,,,
DTC-RACK-R3-Z3W-R2-01,DTC,DTC-RACK-R3-Z3W-R2-01,,,,,,,,,,,,,,,,,,,,,,,,,,,,,,,,,,,,,,,29.56,,,,,,,,,,,,,
DTC-RACK-R3-Z3W-R2-02,DTC,DTC-RACK-R3-Z3W-R2-02,,,,,,,,,,,,,,,,,,,,,,,,,,,,,,,,,,,,,,,24.21,,,,,,,,,,,,,
DTC-RACK-R3-Z3W-R2-03,DTC,DTC-RACK-R3-Z3W-R2-03,,,,,,,,,,,,,,,,,,,,,,,,,,,,,,,,,,,,,,,20.85,,,,,,,,,,,,,
DTC-RACK-R3-Z3W-R2-04,DTC,DTC-RACK-R3-Z3W-R2-04,,,,,,,,,,,,,,,,,,,,,,,,,,,,,,,,,,,,,,,13.95,,,,,,,,,,,,,
DTC-RACK-R3-Z3W-R2-05,DTC,DTC-RACK-R3-Z3W-R2-05,,,,,,,,,,,,,,,,,,,,,,,,,,,,,,,,,,,,,,,27.73,,,,,,,,,,,,,
DTC-RACK-R3-Z3W-R2-06,DTC,DTC-RACK-R3-Z3W-R2-06,,,,,,,,,,,,,,,,,,,,,,,,,,,,,,,,,,,,,,,14.44,,,,,,,,,,,,,
DTC-RACK-R3-Z3W-R2-07,DTC,DTC-RACK-R3-Z3W-R2-07,,,,,,,,,,,,,,,,,,,,,,,,,,,,,,,,,,,,,,,25.72,,,,,,,,,,,,,
DTC-RACK-R3-Z3W-R2-08,DTC,DTC-RACK-R3-Z3W-R2-08,,,,,,,,,,,,,,,,,,,,,,,,,,,,,,,,,,,,,,,30.82,,,,,,,,,,,,,
DTC-RACK-R3-Z3W-R2-09,DTC,DTC-RACK-R3-Z3W-R2-09,,,,,,,,,,,,,,,,,,,,,,,,,,,,,,,,,,,,,,,11.55,,,,,,,,,,,,,
DTC-RACK-R3-Z3W-R2-10,DTC,DTC-RACK-R3-Z3W-R2-10,,,,,,,,,,,,,,,,,,,,,,,,,,,,,,,,,,,,,,,12.81,,,,,,,,,,,,,
DTC-RACK-R3-Z3W-R2-11,DTC,DTC-RACK-R3-Z3W-R2-11,,,,,,,,,,,,,,,,,,,,,,,,,,,,,,,,,,,,,,,29.79,,,,,,,,,,,,,
DTC-RACK-R3-Z3W-R2-12,DTC,DTC-RACK-R3-Z3W-R2-12,,,,,,,,,,,,,,,,,,,,,,,,,,,,,,,,,,,,,,,19.14,,,,,,,,,,,,,
DTC-RACK-R3-Z4E-R1-01,DTC,DTC-RACK-R3-Z4E-R1-01,,,,,,,,,,,,,,,,,,,,,,,,,,,,,,,,,,,,,,,16.84,,,,,,,,,,,,,
DTC-RACK-R3-Z4E-R1-02,DTC,DTC-RACK-R3-Z4E-R1-02,,,,,,,,,,,,,,,,,,,,,,,,,,,,,,,,,,,,,,,18.89,,,,,,,,,,,,,
DTC-RACK-R3-Z4E-R1-03,DTC,DTC-RACK-R3-Z4E-R1-03,,,,,,,,,,,,,,,,,,,,,,,,,,,,,,,,,,,,,,,14.68,,,,,,,,,,,,,
DTC-RACK-R3-Z4E-R1-04,DTC,DTC-RACK-R3-Z4E-R1-04,,,,,,,,,,,,,,,,,,,,,,,,,,,,,,,,,,,,,,,25.01,,,,,,,,,,,,,
DTC-RACK-R3-Z4E-R1-05,DTC,DTC-RACK-R3-Z4E-R1-05,,,,,,,,,,,,,,,,,,,,,,,,,,,,,,,,,,,,,,,12.68,,,,,,,,,,,,,
DTC-RACK-R3-Z4E-R1-06,DTC,DTC-RACK-R3-Z4E-R1-06,,,,,,,,,,,,,,,,,,,,,,,,,,,,,,,,,,,,,,,24.67,,,,,,,,,,,,,
DTC-RACK-R3-Z4E-R1-07,DTC,DTC-RACK-R3-Z4E-R1-07,,,,,,,,,,,,,,,,,,,,,,,,,,,,,,,,,,,,,,,10.68,,,,,,,,,,,,,
DTC-RACK-R3-Z4E-R1-08,DTC,DTC-RACK-R3-Z4E-R1-08,,,,,,,,,,,,,,,,,,,,,,,,,,,,,,,,,,,,,,,22.22,,,,,,,,,,,,,
DTC-RACK-R3-Z4E-R1-09,DTC,DTC-RACK-R3-Z4E-R1-09,,,,,,,,,,,,,,,,,,,,,,,,,,,,,,,,,,,,,,,19.39,,,,,,,,,,,,,
DTC-RACK-R3-Z4E-R1-10,DTC,DTC-RACK-R3-Z4E-R1-10,,,,,,,,,,,,,,,,,,,,,,,,,,,,,,,,,,,,,,,16.41,,,,,,,,,,,,,
DTC-RACK-R3-Z4E-R1-11,DTC,DTC-RACK-R3-Z4E-R1-11,,,,,,,,,,,,,,,,,,,,,,,,,,,,,,,,,,,,,,,22.95,,,,,,,,,,,,,
DTC-RACK-R3-Z4E-R1-12,DTC,DTC-RACK-R3-Z4E-R1-12,,,,,,,,,,,,,,,,,,,,,,,,,,,,,,,,,,,,,,,14.12,,,,,,,,,,,,,
DTC-RACK-R3-Z4E-R2-01,DTC,DTC-RACK-R3-Z4E-R2-01,,,,,,,,,,,,,,,,,,,,,,,,,,,,,,,,,,,,,,,24.11,,,,,,,,,,,,,
DTC-RACK-R3-Z4E-R2-02,DTC,DTC-RACK-R3-Z4E-R2-02,,,,,,,,,,,,,,,,,,,,,,,,,,,,,,,,,,,,,,,19.41,,,,,,,,,,,,,
DTC-RACK-R3-Z4E-R2-03,DTC,DTC-RACK-R3-Z4E-R2-03,,,,,,,,,,,,,,,,,,,,,,,,,,,,,,,,,,,,,,,27.22,,,,,,,,,,,,,
DTC-RACK-R3-Z4E-R2-04,DTC,DTC-RACK-R3-Z4E-R2-04,,,,,,,,,,,,,,,,,,,,,,,,,,,,,,,,,,,,,,,23.69,,,,,,,,,,,,,
DTC-RACK-R3-Z4E-R2-05,DTC,DTC-RACK-R3-Z4E-R2-05,,,,,,,,,,,,,,,,,,,,,,,,,,,,,,,,,,,,,,,31.47,,,,,,,,,,,,,
DTC-RACK-R3-Z4E-R2-06,DTC,DTC-RACK-R3-Z4E-R2-06,,,,,,,,,,,,,,,,,,,,,,,,,,,,,,,,,,,,,,,21.66,,,,,,,,,,,,,
DTC-RACK-R3-Z4E-R2-07,DTC,DTC-RACK-R3-Z4E-R2-07,,,,,,,,,,,,,,,,,,,,,,,,,,,,,,,,,,,,,,,16.09,,,,,,,,,,,,,
DTC-RACK-R3-Z4E-R2-08,DTC,DTC-RACK-R3-Z4E-R2-08,,,,,,,,,,,,,,,,,,,,,,,,,,,,,,,,,,,,,,,16.6,,,,,,,,,,,,,
DTC-RACK-R3-Z4E-R2-09,DTC,DTC-RACK-R3-Z4E-R2-09,,,,,,,,,,,,,,,,,,,,,,,,,,,,,,,,,,,,,,,28.43,,,,,,,,,,,,,
DTC-RACK-R3-Z4E-R2-10,DTC,DTC-RACK-R3-Z4E-R2-10,,,,,,,,,,,,,,,,,,,,,,,,,,,,,,,,,,,,,,,22.04,,,,,,,,,,,,,
DTC-RACK-R3-Z4E-R2-11,DTC,DTC-RACK-R3-Z4E-R2-11,,,,,,,,,,,,,,,,,,,,,,,,,,,,,,,,,,,,,,,12.01,,,,,,,,,,,,,
DTC-RACK-R3-Z4E-R2-12,DTC,DTC-RACK-R3-Z4E-R2-12,,,,,,,,,,,,,,,,,,,,,,,,,,,,,,,,,,,,,,,15.43,,,,,,,,,,,,,
DTC-RACK-R3-Z5E-R1-01,DTC,DTC-RACK-R3-Z5E-R1-01,,,,,,,,,,,,,,,,,,,,,,,,,,,,,,,,,,,,,,,14.27,,,,,,,,,,,,,
DTC-RACK-R3-Z5E-R1-02,DTC,DTC-RACK-R3-Z5E-R1-02,,,,,,,,,,,,,,,,,,,,,,,,,,,,,,,,,,,,,,,27.49,,,,,,,,,,,,,
DTC-RACK-R3-Z5E-R1-03,DTC,DTC-RACK-R3-Z5E-R1-03,,,,,,,,,,,,,,,,,,,,,,,,,,,,,,,,,,,,,,,28.03,,,,,,,,,,,,,
DTC-RACK-R3-Z5E-R1-04,DTC,DTC-RACK-R3-Z5E-R1-04,,,,,,,,,,,,,,,,,,,,,,,,,,,,,,,,,,,,,,,10.79,,,,,,,,,,,,,
DTC-RACK-R3-Z5E-R1-05,DTC,DTC-RACK-R3-Z5E-R1-05,,,,,,,,,,,,,,,,,,,,,,,,,,,,,,,,,,,,,,,17.82,,,,,,,,,,,,,
DTC-RACK-R3-Z5E-R1-06,DTC,DTC-RACK-R3-Z5E-R1-06,,,,,,,,,,,,,,,,,,,,,,,,,,,,,,,,,,,,,,,28.97,,,,,,,,,,,,,
DTC-RACK-R3-Z5E-R1-07,DTC,DTC-RACK-R3-Z5E-R1-07,,,,,,,,,,,,,,,,,,,,,,,,,,,,,,,,,,,,,,,9.75,,,,,,,,,,,,,
DTC-RACK-R3-Z5E-R1-08,DTC,DTC-RACK-R3-Z5E-R1-08,,,,,,,,,,,,,,,,,,,,,,,,,,,,,,,,,,,,,,,22.63,,,,,,,,,,,,,
DTC-RACK-R3-Z5E-R1-09,DTC,DTC-RACK-R3-Z5E-R1-09,,,,,,,,,,,,,,,,,,,,,,,,,,,,,,,,,,,,,,,15.91,,,,,,,,,,,,,
DTC-RACK-R3-Z5E-R1-10,DTC,DTC-RACK-R3-Z5E-R1-10,,,,,,,,,,,,,,,,,,,,,,,,,,,,,,,,,,,,,,,24.84,,,,,,,,,,,,,
DTC-RACK-R3-Z5E-R1-11,DTC,DTC-RACK-R3-Z5E-R1-11,,,,,,,,,,,,,,,,,,,,,,,,,,,,,,,,,,,,,,,24.92,,,,,,,,,,,,,
DTC-RACK-R3-Z5E-R1-12,DTC,DTC-RACK-R3-Z5E-R1-12,,,,,,,,,,,,,,,,,,,,,,,,,,,,,,,,,,,,,,,24.45,,,,,,,,,,,,,
DTC-RACK-R3-Z5E-R2-01,DTC,DTC-RACK-R3-Z5E-R2-01,,,,,,,,,,,,,,,,,,,,,,,,,,,,,,,,,,,,,,,28.89,,,,,,,,,,,,,
DTC-RACK-R3-Z5E-R2-02,DTC,DTC-RACK-R3-Z5E-R2-02,,,,,,,,,,,,,,,,,,,,,,,,,,,,,,,,,,,,,,,20.74,,,,,,,,,,,,,
DTC-RACK-R3-Z5E-R2-03,DTC,DTC-RACK-R3-Z5E-R2-03,,,,,,,,,,,,,,,,,,,,,,,,,,,,,,,,,,,,,,,12.54,,,,,,,,,,,,,
DTC-RACK-R3-Z5E-R2-04,DTC,DTC-RACK-R3-Z5E-R2-04,,,,,,,,,,,,,,,,,,,,,,,,,,,,,,,,,,,,,,,17.89,,,,,,,,,,,,,
DTC-RACK-R3-Z5E-R2-05,DTC,DTC-RACK-R3-Z5E-R2-05,,,,,,,,,,,,,,,,,,,,,,,,,,,,,,,,,,,,,,,26.36,,,,,,,,,,,,,
DTC-RACK-R3-Z5E-R2-06,DTC,DTC-RACK-R3-Z5E-R2-06,,,,,,,,,,,,,,,,,,,,,,,,,,,,,,,,,,,,,,,14.55,,,,,,,,,,,,,
DTC-RACK-R3-Z5E-R2-07,DTC,DTC-RACK-R3-Z5E-R2-07,,,,,,,,,,,,,,,,,,,,,,,,,,,,,,,,,,,,,,,22.91,,,,,,,,,,,,,
DTC-RACK-R3-Z5E-R2-08,DTC,DTC-RACK-R3-Z5E-R2-08,,,,,,,,,,,,,,,,,,,,,,,,,,,,,,,,,,,,,,,27.39,,,,,,,,,,,,,
DTC-RACK-R3-Z5E-R2-09,DTC,DTC-RACK-R3-Z5E-R2-09,,,,,,,,,,,,,,,,,,,,,,,,,,,,,,,,,,,,,,,10.96,,,,,,,,,,,,,
DTC-RACK-R3-Z5E-R2-10,DTC,DTC-RACK-R3-Z5E-R2-10,,,,,,,,,,,,,,,,,,,,,,,,,,,,,,,,,,,,,,,21.27,,,,,,,,,,,,,
DTC-RACK-R3-Z5E-R2-11,DTC,DTC-RACK-R3-Z5E-R2-11,,,,,,,,,,,,,,,,,,,,,,,,,,,,,,,,,,,,,,,30.23,,,,,,,,,,,,,
DTC-RACK-R3-Z5E-R2-12,DTC,DTC-RACK-R3-Z5E-R2-12,,,,,,,,,,,,,,,,,,,,,,,,,,,,,,,,,,,,,,,14.97,,,,,,,,,,,,,
DTC-RACK-R3-Z6E-R1-01,DTC,DTC-RACK-R3-Z6E-R1-01,,,,,,,,,,,,,,,,,,,,,,,,,,,,,,,,,,,,,,,29.38,,,,,,,,,,,,,
DTC-RACK-R3-Z6E-R1-02,DTC,DTC-RACK-R3-Z6E-R1-02,,,,,,,,,,,,,,,,,,,,,,,,,,,,,,,,,,,,,,,11.41,,,,,,,,,,,,,
DTC-RACK-R3-Z6E-R1-03,DTC,DTC-RACK-R3-Z6E-R1-03,,,,,,,,,,,,,,,,,,,,,,,,,,,,,,,,,,,,,,,14.97,,,,,,,,,,,,,
DTC-RACK-R3-Z6E-R1-04,DTC,DTC-RACK-R3-Z6E-R1-04,,,,,,,,,,,,,,,,,,,,,,,,,,,,,,,,,,,,,,,27.8,,,,,,,,,,,,,
DTC-RACK-R3-Z6E-R1-05,DTC,DTC-RACK-R3-Z6E-R1-05,,,,,,,,,,,,,,,,,,,,,,,,,,,,,,,,,,,,,,,18.26,,,,,,,,,,,,,
DTC-RACK-R3-Z6E-R1-06,DTC,DTC-RACK-R3-Z6E-R1-06,,,,,,,,,,,,,,,,,,,,,,,,,,,,,,,,,,,,,,,18.15,,,,,,,,,,,,,
DTC-RACK-R3-Z6E-R1-07,DTC,DTC-RACK-R3-Z6E-R1-07,,,,,,,,,,,,,,,,,,,,,,,,,,,,,,,,,,,,,,,17.76,,,,,,,,,,,,,
DTC-RACK-R3-Z6E-R1-08,DTC,DTC-RACK-R3-Z6E-R1-08,,,,,,,,,,,,,,,,,,,,,,,,,,,,,,,,,,,,,,,25.61,,,,,,,,,,,,,
DTC-RACK-R3-Z6E-R1-09,DTC,DTC-RACK-R3-Z6E-R1-09,,,,,,,,,,,,,,,,,,,,,,,,,,,,,,,,,,,,,,,17.78,,,,,,,,,,,,,
DTC-RACK-R3-Z6E-R1-10,DTC,DTC-RACK-R3-Z6E-R1-10,,,,,,,,,,,,,,,,,,,,,,,,,,,,,,,,,,,,,,,21.25,,,,,,,,,,,,,
DTC-RACK-R3-Z6E-R1-11,DTC,DTC-RACK-R3-Z6E-R1-11,,,,,,,,,,,,,,,,,,,,,,,,,,,,,,,,,,,,,,,13.67,,,,,,,,,,,,,
DTC-RACK-R3-Z6E-R1-12,DTC,DTC-RACK-R3-Z6E-R1-12,,,,,,,,,,,,,,,,,,,,,,,,,,,,,,,,,,,,,,,30.59,,,,,,,,,,,,,
DTC-RACK-R3-Z6E-R2-01,DTC,DTC-RACK-R3-Z6E-R2-01,,,,,,,,,,,,,,,,,,,,,,,,,,,,,,,,,,,,,,,23.22,,,,,,,,,,,,,
DTC-RACK-R3-Z6E-R2-02,DTC,DTC-RACK-R3-Z6E-R2-02,,,,,,,,,,,,,,,,,,,,,,,,,,,,,,,,,,,,,,,14.69,,,,,,,,,,,,,
DTC-RACK-R3-Z6E-R2-03,DTC,DTC-RACK-R3-Z6E-R2-03,,,,,,,,,,,,,,,,,,,,,,,,,,,,,,,,,,,,,,,10.12,,,,,,,,,,,,,
DTC-RACK-R3-Z6E-R2-04,DTC,DTC-RACK-R3-Z6E-R2-04,,,,,,,,,,,,,,,,,,,,,,,,,,,,,,,,,,,,,,,29.62,,,,,,,,,,,,,
DTC-RACK-R3-Z6E-R2-05,DTC,DTC-RACK-R3-Z6E-R2-05,,,,,,,,,,,,,,,,,,,,,,,,,,,,,,,,,,,,,,,24.24,,,,,,,,,,,,,
DTC-RACK-R3-Z6E-R2-06,DTC,DTC-RACK-R3-Z6E-R2-06,,,,,,,,,,,,,,,,,,,,,,,,,,,,,,,,,,,,,,,11.59,,,,,,,,,,,,,
DTC-RACK-R3-Z6E-R2-07,DTC,DTC-RACK-R3-Z6E-R2-07,,,,,,,,,,,,,,,,,,,,,,,,,,,,,,,,,,,,,,,19.82,,,,,,,,,,,,,
DTC-RACK-R3-Z6E-R2-08,DTC,DTC-RACK-R3-Z6E-R2-08,,,,,,,,,,,,,,,,,,,,,,,,,,,,,,,,,,,,,,,33.06,,,,,,,,,,,,,
DTC-RACK-R3-Z6E-R2-09,DTC,DTC-RACK-R3-Z6E-R2-09,,,,,,,,,,,,,,,,,,,,,,,,,,,,,,,,,,,,,,,29.58,,,,,,,,,,,,,
DTC-RACK-R3-Z6E-R2-10,DTC,DTC-RACK-R3-Z6E-R2-10,,,,,,,,,,,,,,,,,,,,,,,,,,,,,,,,,,,,,,,14.39,,,,,,,,,,,,,
DTC-RACK-R3-Z6E-R2-11,DTC,DTC-RACK-R3-Z6E-R2-11,,,,,,,,,,,,,,,,,,,,,,,,,,,,,,,,,,,,,,,11.92,,,,,,,,,,,,,
DTC-RACK-R3-Z6E-R2-12,DTC,DTC-RACK-R3-Z6E-R2-12,,,,,,,,,,,,,,,,,,,,,,,,,,,,,,,,,,,,,,,14.22,,,,,,,,,,,,,
DTC-RACK-R4-Z1-R1-01,DTC,DTC-RACK-R4-Z1-R1-01,,,,,,,,,,,,,,,,,,,,,,,,,,,,,,,,,,,,,,,8.39,,,,,,,,,,,,,
DTC-RACK-R4-Z1-R1-02,DTC,DTC-RACK-R4-Z1-R1-02,,,,,,,,,,,,,,,,,,,,,,,,,,,,,,,,,,,,,,,5.44,,,,,,,,,,,,,
DTC-RACK-R4-Z1-R1-03,DTC,DTC-RACK-R4-Z1-R1-03,,,,,,,,,,,,,,,,,,,,,,,,,,,,,,,,,,,,,,,6.93,,,,,,,,,,,,,
DTC-RACK-R4-Z1-R1-04,DTC,DTC-RACK-R4-Z1-R1-04,,,,,,,,,,,,,,,,,,,,,,,,,,,,,,,,,,,,,,,2.81,,,,,,,,,,,,,
DTC-RACK-R4-Z1-R1-05,DTC,DTC-RACK-R4-Z1-R1-05,,,,,,,,,,,,,,,,,,,,,,,,,,,,,,,,,,,,,,,6.13,,,,,,,,,,,,,
DTC-RACK-R4-Z1-R1-06,DTC,DTC-RACK-R4-Z1-R1-06,,,,,,,,,,,,,,,,,,,,,,,,,,,,,,,,,,,,,,,7.61,,,,,,,,,,,,,
DTC-RACK-R4-Z1-R1-07,DTC,DTC-RACK-R4-Z1-R1-07,,,,,,,,,,,,,,,,,,,,,,,,,,,,,,,,,,,,,,,6.39,,,,,,,,,,,,,
DTC-RACK-R4-Z1-R1-08,DTC,DTC-RACK-R4-Z1-R1-08,,,,,,,,,,,,,,,,,,,,,,,,,,,,,,,,,,,,,,,10.39,,,,,,,,,,,,,
DTC-RACK-R4-Z1-R1-09,DTC,DTC-RACK-R4-Z1-R1-09,,,,,,,,,,,,,,,,,,,,,,,,,,,,,,,,,,,,,,,11.57,,,,,,,,,,,,,
DTC-RACK-R4-Z1-R1-10,DTC,DTC-RACK-R4-Z1-R1-10,,,,,,,,,,,,,,,,,,,,,,,,,,,,,,,,,,,,,,,5.24,,,,,,,,,,,,,
DTC-RACK-R4-Z1-R1-11,DTC,DTC-RACK-R4-Z1-R1-11,,,,,,,,,,,,,,,,,,,,,,,,,,,,,,,,,,,,,,,6.01,,,,,,,,,,,,,
DTC-RACK-R4-Z1-R1-12,DTC,DTC-RACK-R4-Z1-R1-12,,,,,,,,,,,,,,,,,,,,,,,,,,,,,,,,,,,,,,,5.9,,,,,,,,,,,,,
DTC-RACK-R4-Z1-R2-01,DTC,DTC-RACK-R4-Z1-R2-01,,,,,,,,,,,,,,,,,,,,,,,,,,,,,,,,,,,,,,,6.48,,,,,,,,,,,,,
DTC-RACK-R4-Z1-R2-02,DTC,DTC-RACK-R4-Z1-R2-02,,,,,,,,,,,,,,,,,,,,,,,,,,,,,,,,,,,,,,,4.86,,,,,,,,,,,,,
DTC-RACK-R4-Z1-R2-03,DTC,DTC-RACK-R4-Z1-R2-03,,,,,,,,,,,,,,,,,,,,,,,,,,,,,,,,,,,,,,,4.27,,,,,,,,,,,,,
DTC-RACK-R4-Z1-R2-04,DTC,DTC-RACK-R4-Z1-R2-04,,,,,,,,,,,,,,,,,,,,,,,,,,,,,,,,,,,,,,,8.47,,,,,,,,,,,,,
DTC-RACK-R4-Z1-R2-05,DTC,DTC-RACK-R4-Z1-R2-05,,,,,,,,,,,,,,,,,,,,,,,,,,,,,,,,,,,,,,,6.39,,,,,,,,,,,,,
DTC-RACK-R4-Z1-R2-06,DTC,DTC-RACK-R4-Z1-R2-06,,,,,,,,,,,,,,,,,,,,,,,,,,,,,,,,,,,,,,,9.93,,,,,,,,,,,,,
DTC-RACK-R4-Z1-R2-07,DTC,DTC-RACK-R4-Z1-R2-07,,,,,,,,,,,,,,,,,,,,,,,,,,,,,,,,,,,,,,,3.7,,,,,,,,,,,,,
DTC-RACK-R4-Z1-R2-08,DTC,DTC-RACK-R4-Z1-R2-08,,,,,,,,,,,,,,,,,,,,,,,,,,,,,,,,,,,,,,,4.98,,,,,,,,,,,,,
DTC-RACK-R4-Z1-R2-09,DTC,DTC-RACK-R4-Z1-R2-09,,,,,,,,,,,,,,,,,,,,,,,,,,,,,,,,,,,,,,,5.16,,,,,,,,,,,,,
DTC-RACK-R4-Z1-R2-10,DTC,DTC-RACK-R4-Z1-R2-10,,,,,,,,,,,,,,,,,,,,,,,,,,,,,,,,,,,,,,,7.17,,,,,,,,,,,,,
DTC-RACK-R4-Z1-R2-11,DTC,DTC-RACK-R4-Z1-R2-11,,,,,,,,,,,,,,,,,,,,,,,,,,,,,,,,,,,,,,,12.98,,,,,,,,,,,,,
DTC-RACK-R4-Z1-R2-12,DTC,DTC-RACK-R4-Z1-R2-12,,,,,,,,,,,,,,,,,,,,,,,,,,,,,,,,,,,,,,,2.93,,,,,,,,,,,,,
DTC-RACK-R5-Z1W-R1-01,DTC,DTC-RACK-R5-Z1W-R1-01,,,,,,,,,,,,,,,,,,,,,,,,,,,,,,,,,,,,,,,20.4,,,,,,,,,,,,,
DTC-RACK-R5-Z1W-R1-02,DTC,DTC-RACK-R5-Z1W-R1-02,,,,,,,,,,,,,,,,,,,,,,,,,,,,,,,,,,,,,,,12.52,,,,,,,,,,,,,
DTC-RACK-R5-Z1W-R1-03,DTC,DTC-RACK-R5-Z1W-R1-03,,,,,,,,,,,,,,,,,,,,,,,,,,,,,,,,,,,,,,,12.46,,,,,,,,,,,,,
DTC-RACK-R5-Z1W-R1-04,DTC,DTC-RACK-R5-Z1W-R1-04,,,,,,,,,,,,,,,,,,,,,,,,,,,,,,,,,,,,,,,16.31,,,,,,,,,,,,,
DTC-RACK-R5-Z1W-R1-05,DTC,DTC-RACK-R5-Z1W-R1-05,,,,,,,,,,,,,,,,,,,,,,,,,,,,,,,,,,,,,,,20.79,,,,,,,,,,,,,
DTC-RACK-R5-Z1W-R1-06,DTC,DTC-RACK-R5-Z1W-R1-06,,,,,,,,,,,,,,,,,,,,,,,,,,,,,,,,,,,,,,,29.61,,,,,,,,,,,,,
DTC-RACK-R5-Z1W-R1-07,DTC,DTC-RACK-R5-Z1W-R1-07,,,,,,,,,,,,,,,,,,,,,,,,,,,,,,,,,,,,,,,17.27,,,,,,,,,,,,,
DTC-RACK-R5-Z1W-R1-08,DTC,DTC-RACK-R5-Z1W-R1-08,,,,,,,,,,,,,,,,,,,,,,,,,,,,,,,,,,,,,,,22.1,,,,,,,,,,,,,
DTC-RACK-R5-Z1W-R1-09,DTC,DTC-RACK-R5-Z1W-R1-09,,,,,,,,,,,,,,,,,,,,,,,,,,,,,,,,,,,,,,,10.82,,,,,,,,,,,,,
DTC-RACK-R5-Z1W-R1-10,DTC,DTC-RACK-R5-Z1W-R1-10,,,,,,,,,,,,,,,,,,,,,,,,,,,,,,,,,,,,,,,22.83,,,,,,,,,,,,,
DTC-RACK-R5-Z1W-R1-11,DTC,DTC-RACK-R5-Z1W-R1-11,,,,,,,,,,,,,,,,,,,,,,,,,,,,,,,,,,,,,,,25.82,,,,,,,,,,,,,
DTC-RACK-R5-Z1W-R1-12,DTC,DTC-RACK-R5-Z1W-R1-12,,,,,,,,,,,,,,,,,,,,,,,,,,,,,,,,,,,,,,,20.33,,,,,,,,,,,,,
DTC-RACK-R5-Z1W-R2-01,DTC,DTC-RACK-R5-Z1W-R2-01,,,,,,,,,,,,,,,,,,,,,,,,,,,,,,,,,,,,,,,13.86,,,,,,,,,,,,,
DTC-RACK-R5-Z1W-R2-02,DTC,DTC-RACK-R5-Z1W-R2-02,,,,,,,,,,,,,,,,,,,,,,,,,,,,,,,,,,,,,,,21.4,,,,,,,,,,,,,
DTC-RACK-R5-Z1W-R2-03,DTC,DTC-RACK-R5-Z1W-R2-03,,,,,,,,,,,,,,,,,,,,,,,,,,,,,,,,,,,,,,,26.48,,,,,,,,,,,,,
DTC-RACK-R5-Z1W-R2-04,DTC,DTC-RACK-R5-Z1W-R2-04,,,,,,,,,,,,,,,,,,,,,,,,,,,,,,,,,,,,,,,12.64,,,,,,,,,,,,,
DTC-RACK-R5-Z1W-R2-05,DTC,DTC-RACK-R5-Z1W-R2-05,,,,,,,,,,,,,,,,,,,,,,,,,,,,,,,,,,,,,,,21.81,,,,,,,,,,,,,
DTC-RACK-R5-Z1W-R2-06,DTC,DTC-RACK-R5-Z1W-R2-06,,,,,,,,,,,,,,,,,,,,,,,,,,,,,,,,,,,,,,,15.97,,,,,,,,,,,,,
DTC-RACK-R5-Z1W-R2-07,DTC,DTC-RACK-R5-Z1W-R2-07,,,,,,,,,,,,,,,,,,,,,,,,,,,,,,,,,,,,,,,13.01,,,,,,,,,,,,,
DTC-RACK-R5-Z1W-R2-08,DTC,DTC-RACK-R5-Z1W-R2-08,,,,,,,,,,,,,,,,,,,,,,,,,,,,,,,,,,,,,,,28.23,,,,,,,,,,,,,
DTC-RACK-R5-Z1W-R2-09,DTC,DTC-RACK-R5-Z1W-R2-09,,,,,,,,,,,,,,,,,,,,,,,,,,,,,,,,,,,,,,,11.28,,,,,,,,,,,,,
DTC-RACK-R5-Z1W-R2-10,DTC,DTC-RACK-R5-Z1W-R2-10,,,,,,,,,,,,,,,,,,,,,,,,,,,,,,,,,,,,,,,19.76,,,,,,,,,,,,,
DTC-RACK-R5-Z1W-R2-11,DTC,DTC-RACK-R5-Z1W-R2-11,,,,,,,,,,,,,,,,,,,,,,,,,,,,,,,,,,,,,,,19.88,,,,,,,,,,,,,
DTC-RACK-R5-Z1W-R2-12,DTC,DTC-RACK-R5-Z1W-R2-12,,,,,,,,,,,,,,,,,,,,,,,,,,,,,,,,,,,,,,,21.53,,,,,,,,,,,,,
DTC-RACK-R5-Z2E-R1-01,DTC,DTC-RACK-R5-Z2E-R1-01,,,,,,,,,,,,,,,,,,,,,,,,,,,,,,,,,,,,,,,23.12,,,,,,,,,,,,,
DTC-RACK-R5-Z2E-R1-02,DTC,DTC-RACK-R5-Z2E-R1-02,,,,,,,,,,,,,,,,,,,,,,,,,,,,,,,,,,,,,,,13.5,,,,,,,,,,,,,
DTC-RACK-R5-Z2E-R1-03,DTC,DTC-RACK-R5-Z2E-R1-03,,,,,,,,,,,,,,,,,,,,,,,,,,,,,,,,,,,,,,,23.36,,,,,,,,,,,,,
DTC-RACK-R5-Z2E-R1-04,DTC,DTC-RACK-R5-Z2E-R1-04,,,,,,,,,,,,,,,,,,,,,,,,,,,,,,,,,,,,,,,17.14,,,,,,,,,,,,,
DTC-RACK-R5-Z2E-R1-05,DTC,DTC-RACK-R5-Z2E-R1-05,,,,,,,,,,,,,,,,,,,,,,,,,,,,,,,,,,,,,,,19.33,,,,,,,,,,,,,
DTC-RACK-R5-Z2E-R1-06,DTC,DTC-RACK-R5-Z2E-R1-06,,,,,,,,,,,,,,,,,,,,,,,,,,,,,,,,,,,,,,,19.2,,,,,,,,,,,,,
DTC-RACK-R5-Z2E-R1-07,DTC,DTC-RACK-R5-Z2E-R1-07,,,,,,,,,,,,,,,,,,,,,,,,,,,,,,,,,,,,,,,31.72,,,,,,,,,,,,,
DTC-RACK-R5-Z2E-R1-08,DTC,DTC-RACK-R5-Z2E-R1-08,,,,,,,,,,,,,,,,,,,,,,,,,,,,,,,,,,,,,,,13.17,,,,,,,,,,,,,
DTC-RACK-R5-Z2E-R1-09,DTC,DTC-RACK-R5-Z2E-R1-09,,,,,,,,,,,,,,,,,,,,,,,,,,,,,,,,,,,,,,,20.99,,,,,,,,,,,,,
DTC-RACK-R5-Z2E-R1-10,DTC,DTC-RACK-R5-Z2E-R1-10,,,,,,,,,,,,,,,,,,,,,,,,,,,,,,,,,,,,,,,11.27,,,,,,,,,,,,,
DTC-RACK-R5-Z2E-R1-11,DTC,DTC-RACK-R5-Z2E-R1-11,,,,,,,,,,,,,,,,,,,,,,,,,,,,,,,,,,,,,,,32.53,,,,,,,,,,,,,
DTC-RACK-R5-Z2E-R1-12,DTC,DTC-RACK-R5-Z2E-R1-12,,,,,,,,,,,,,,,,,,,,,,,,,,,,,,,,,,,,,,,11.72,,,,,,,,,,,,,
DTC-RACK-R5-Z2E-R2-01,DTC,DTC-RACK-R5-Z2E-R2-01,,,,,,,,,,,,,,,,,,,,,,,,,,,,,,,,,,,,,,,23.71,,,,,,,,,,,,,
DTC-RACK-R5-Z2E-R2-02,DTC,DTC-RACK-R5-Z2E-R2-02,,,,,,,,,,,,,,,,,,,,,,,,,,,,,,,,,,,,,,,14,,,,,,,,,,,,,
DTC-RACK-R5-Z2E-R2-03,DTC,DTC-RACK-R5-Z2E-R2-03,,,,,,,,,,,,,,,,,,,,,,,,,,,,,,,,,,,,,,,11.41,,,,,,,,,,,,,
DTC-RACK-R5-Z2E-R2-04,DTC,DTC-RACK-R5-Z2E-R2-04,,,,,,,,,,,,,,,,,,,,,,,,,,,,,,,,,,,,,,,22.76,,,,,,,,,,,,,
DTC-RACK-R5-Z2E-R2-05,DTC,DTC-RACK-R5-Z2E-R2-05,,,,,,,,,,,,,,,,,,,,,,,,,,,,,,,,,,,,,,,26.3,,,,,,,,,,,,,
DTC-RACK-R5-Z2E-R2-06,DTC,DTC-RACK-R5-Z2E-R2-06,,,,,,,,,,,,,,,,,,,,,,,,,,,,,,,,,,,,,,,27.53,,,,,,,,,,,,,
DTC-RACK-R5-Z2E-R2-07,DTC,DTC-RACK-R5-Z2E-R2-07,,,,,,,,,,,,,,,,,,,,,,,,,,,,,,,,,,,,,,,16.06,,,,,,,,,,,,,
DTC-RACK-R5-Z2E-R2-08,DTC,DTC-RACK-R5-Z2E-R2-08,,,,,,,,,,,,,,,,,,,,,,,,,,,,,,,,,,,,,,,10.43,,,,,,,,,,,,,
DTC-RACK-R5-Z2E-R2-09,DTC,DTC-RACK-R5-Z2E-R2-09,,,,,,,,,,,,,,,,,,,,,,,,,,,,,,,,,,,,,,,17.17,,,,,,,,,,,,,
DTC-RACK-R5-Z2E-R2-10,DTC,DTC-RACK-R5-Z2E-R2-10,,,,,,,,,,,,,,,,,,,,,,,,,,,,,,,,,,,,,,,18.41,,,,,,,,,,,,,
DTC-RACK-R5-Z2E-R2-11,DTC,DTC-RACK-R5-Z2E-R2-11,,,,,,,,,,,,,,,,,,,,,,,,,,,,,,,,,,,,,,,27.09,,,,,,,,,,,,,
DTC-RACK-R5-Z2E-R2-12,DTC,DTC-RACK-R5-Z2E-R2-12,,,,,,,,,,,,,,,,,,,,,,,,,,,,,,,,,,,,,,,14.02,,,,,,,,,,,,,
LL-R1,Liquid Loop,Liquid Loop for ROOM-1-1,,,172.23,326.4,,18.19,,,35.13,0.6589,39.38,0.684,24,,,,,,,,,,,,,,53.32,459.6,51.67,21.4,7.8,,,,,,,,,,,,,,,,,,,,,
LL-R2,Liquid Loop,Liquid Loop for ROOM-1-2,,,244.45,419.74,,111.19,,,77.86,0.4118,93.17,0.4559,24,,,,,,,,,,,,,,189.05,1777.2,182.88,19.7,6.9,,,,,,,,,,,,,,,,,,,,,
LL-R3-E,Liquid Loop,LL-R3-E,,,2156.32,3760.8,,1484.18,,,543.06,0.2679,3129.03,0.6783,144,,,,,,,,,,,,,,2027.24,18280.3,1968.3,17.7,7.3,,,,,,,,,,,,,,,,,,,,,
LL-R3-W,Liquid Loop,LL-R3-W,,,2156.32,3760.8,,1484.18,,,541.29,0.2672,3129.03,0.6783,144,,,,,,,,,,,,,,2025.47,16855.4,1987.92,16.3,9.4,,,,,,,,,,,,,,,,,,,,,
LL-R4,Liquid Loop,LL-R4,,,224.83,385.75,,126.6,,,47.18,0.2715,68.85,0.3523,24,,,,,,,,,,,,,,173.78,1669.6,169.45,21.4,7,,,,,,,,,,,,,,,,,,,,,
LL-R5-W,Liquid Loop,LL-R5-W,,,638.16,1092.8,,405.03,,,131.43,0.245,804.89,0.6652,48,,,,,,,,,,,,,,536.46,5734.6,509.49,18.3,7.5,,,,,,,,,,,,,,,,,,,,,
LL-R5-E,Liquid Loop,LL-R5-E,,,638.16,1092.8,,405.03,,,173.2,0.2995,804.89,0.6652,48,,,,,,,,,,,,,,578.23,4282.9,542.61,19.7,9.8,,,,,,,,,,,,,,,,,,,,,
RACK-R1-Z1-R1-01,Rack,Rack 1 in ROW-R1-Z1-R1,18,14.4,5.3,14.4,4.5,0.79,0.85,0.15,9.1,0.6319,6.13,0.0888,,,,,,,,,,,,,,,,,,,,,,,,,,,,,,,,,,,,,,,,
RACK-R1-Z1-R1-02,Rack,Rack 2 in ROW-R1-Z1-R1,12,10.2,7,10.2,6.3,0.7,0.9,0.1,3.2,0.3137,6.13,0.0888,,,,,,,,,,,,,,,,,,,,,,,,,,,,,,,,,,,,,,,,
RACK-R1-Z1-R1-03,Rack,Rack 3 in ROW-R1-Z1-R1,15,12,6.06,12,4.67,1.39,0.77,0.23,5.94,0.495,6.13,0.0888,,,,,,,,,,,,,,,,,,,,,,,,,,,,,,,,,,,,,,,,
RACK-R1-Z1-R1-04,Rack,Rack 4 in ROW-R1-Z1-R1,15,12,4.46,12,3.97,0.49,0.89,0.11,7.54,0.6283,6.13,0.0888,,,,,,,,,,,,,,,,,,,,,,,,,,,,,,,,,,,,,,,,
RACK-R1-Z1-R1-05,Rack,Rack 5 in ROW-R1-Z1-R1,12,9.6,5.43,9.6,4.94,0.49,0.91,0.09,4.17,0.4344,6.13,0.0888,,,,,,,,,,,,,,,,,,,,,,,,,,,,,,,,,,,,,,,,
RACK-R1-Z1-R1-06,Rack,Rack 6 in ROW-R1-Z1-R1,12,10.8,3.98,10.8,3.58,0.4,0.9,0.1,6.82,0.6315,6.13,0.0888,,,,,,,,,,,,,,,,,,,,,,,,,,,,,,,,,,,,,,,,
RACK-R1-Z1-R2-01,Rack,Rack 1 in ROW-R1-Z1-R2,15,12,4.79,12,4.26,0.53,0.89,0.11,7.21,0.6008,6.29,0.0765,,,,,,,,,,,,,,,,,,,,,,,,,,,,,,,,,,,,,,,,
RACK-R1-Z1-R2-02,Rack,Rack 2 in ROW-R1-Z1-R2,20,16,8.98,16,7.99,0.99,0.89,0.11,7.02,0.4387,6.29,0.0765,,,,,,,,,,,,,,,,,,,,,,,,,,,,,,,,,,,,,,,,
RACK-R1-Z1-R2-03,Rack,Rack 3 in ROW-R1-Z1-R2,15,12,7.04,12,6.34,0.7,0.9,0.1,4.96,0.4133,6.29,0.0765,,,,,,,,,,,,,,,,,,,,,,,,,,,,,,,,,,,,,,,,
RACK-R1-Z1-R2-04,Rack,Rack 4 in ROW-R1-Z1-R2,18,14.4,5.37,14.4,4.78,0.59,0.89,0.11,9.03,0.6271,6.29,0.0765,,,,,,,,,,,,,,,,,,,,,,,,,,,,,,,,,,,,,,,,
RACK-R1-Z1-R2-05,Rack,Rack 5 in ROW-R1-Z1-R2,12,10.8,6.5,10.8,5.2,1.3,0.8,0.2,4.3,0.3981,6.29,0.0765,,,,,,,,,,,,,,,,,,,,,,,,,,,,,,,,,,,,,,,,
RACK-R1-Z1-R2-06,Rack,Rack 6 in ROW-R1-Z1-R2,20,17,11.76,17,10.23,1.53,0.87,0.13,5.24,0.3082,6.29,0.0765,,,,,,,,,,,,,,,,,,,,,,,,,,,,,,,,,,,,,,,,
RACK-R1-Z2-R1-01,Rack,Rack 1 in ROW-R1-Z2-R1,18,15.3,6.37,15.3,5.16,1.21,0.81,0.19,8.93,0.5837,6.26,0.0799,,,,,,,,,,,,,,,,,,,,,,,,,,,,,,,,,,,,,,,,
RACK-R1-Z2-R1-02,Rack,Rack 2 in ROW-R1-Z2-R1,15,12,6.53,12,5.81,0.72,0.89,0.11,5.47,0.4558,6.26,0.0799,,,,,,,,,,,,,,,,,,,,,,,,,,,,,,,,,,,,,,,,
RACK-R1-Z2-R1-03,Rack,Rack 3 in ROW-R1-Z2-R1,18,16.2,9.32,16.2,8.02,1.3,0.86,0.14,6.88,0.4247,6.26,0.0799,,,,,,,,,,,,,,,,,,,,,,,,,,,,,,,,,,,,,,,,
RACK-R1-Z2-R1-04,Rack,Rack 4 in ROW-R1-Z2-R1,12,9.6,3.95,9.6,3.48,0.47,0.88,0.12,5.65,0.5885,6.26,0.0799,,,,,,,,,,,,,,,,,,,,,,,,,,,,,,,,,,,,,,,,
RACK-R1-Z2-R1-05,Rack,Rack 5 in ROW-R1-Z2-R1,18,14.4,7.29,14.4,7.14,0.15,0.98,0.02,7.11,0.4938,6.26,0.0799,,,,,,,,,,,,,,,,,,,,,,,,,,,,,,,,,,,,,,,,
RACK-R1-Z2-R1-06,Rack,Rack 6 in ROW-R1-Z2-R1,12,10.8,7.28,10.8,6.48,0.8,0.89,0.11,3.52,0.3259,6.26,0.0799,,,,,,,,,,,,,,,,,,,,,,,,,,,,,,,,,,,,,,,,
RACK-R1-Z2-R2-01,Rack,Rack 1 in ROW-R1-Z2-R2,18,15.3,8.72,15.3,8.02,0.7,0.92,0.08,6.58,0.4301,7.01,0.0723,,,,,,,,,,,,,,,,,,,,,,,,,,,,,,,,,,,,,,,,
RACK-R1-Z2-R2-02,Rack,Rack 2 in ROW-R1-Z2-R2,20,16,11.19,16,10.74,0.45,0.96,0.04,4.81,0.3006,7.01,0.0723,,,,,,,,,,,,,,,,,,,,,,,,,,,,,,,,,,,,,,,,
RACK-R1-Z2-R2-03,Rack,Rack 3 in ROW-R1-Z2-R2,20,18,6.7,18,6.16,0.54,0.92,0.08,11.3,0.6278,7.01,0.0723,,,,,,,,,,,,,,,,,,,,,,,,,,,,,,,,,,,,,,,,
RACK-R1-Z2-R2-04,Rack,Rack 4 in ROW-R1-Z2-R2,18,16.2,9.75,16.2,8.68,1.07,0.89,0.11,6.45,0.3981,7.01,0.0723,,,,,,,,,,,,,,,,,,,,,,,,,,,,,,,,,,,,,,,,
RACK-R1-Z2-R2-05,Rack,Rack 5 in ROW-R1-Z2-R2,20,17,11.53,17,10.72,0.81,0.93,0.07,5.47,0.3218,7.01,0.0723,,,,,,,,,,,,,,,,,,,,,,,,,,,,,,,,,,,,,,,,
RACK-R1-Z2-R2-06,Rack,Rack 6 in ROW-R1-Z2-R2,18,14.4,6.93,14.4,6.86,0.07,0.99,0.01,7.47,0.5187,7.01,0.0723,,,,,,,,,,,,,,,,,,,,,,,,,,,,,,,,,,,,,,,,
RACK-R2-Z1-R1-01,Rack,Rack 1 in ROW-R2-Z1-R1,15,13.2,8.37,13.2,3.85,4.52,0.46,0.54,4.83,0.3659,7.88,0.0752,,,,,,,,,,,,,,,,,,,,,,,,,,,,,,,,,,,,,,,,
RACK-R2-Z1-R1-02,Rack,Rack 2 in ROW-R2-Z1-R1,18,16.2,8.01,16.2,4.09,3.92,0.51,0.49,8.19,0.5056,7.88,0.0752,,,,,,,,,,,,,,,,,,,,,,,,,,,,,,,,,,,,,,,,
RACK-R2-Z1-R1-03,Rack,Rack 3 in ROW-R2-Z1-R1,25,20.5,11.57,20.5,5.67,5.9,0.49,0.51,8.93,0.4356,7.88,0.0752,,,,,,,,,,,,,,,,,,,,,,,,,,,,,,,,,,,,,,,,
RACK-R2-Z1-R1-04,Rack,Rack 4 in ROW-R2-Z1-R1,20,16.4,10.98,16.4,7.14,3.84,0.65,0.35,5.42,0.3305,7.88,0.0752,,,,,,,,,,,,,,,,,,,,,,,,,,,,,,,,,,,,,,,,
RACK-R2-Z1-R1-05,Rack,Rack 5 in ROW-R2-Z1-R1,20,18,8.69,18,4.78,3.91,0.55,0.45,9.31,0.5172,7.88,0.0752,,,,,,,,,,,,,,,,,,,,,,,,,,,,,,,,,,,,,,,,
RACK-R2-Z1-R1-06,Rack,Rack 6 in ROW-R2-Z1-R1,25,20.5,9.91,20.5,4.86,5.05,0.49,0.51,10.59,0.5166,7.88,0.0752,,,,,,,,,,,,,,,,,,,,,,,,,,,,,,,,,,,,,,,,
RACK-R2-Z1-R2-01,Rack,Rack 1 in ROW-R2-Z1-R2,18,16.2,8.58,16.2,4.38,4.2,0.51,0.49,7.62,0.4704,7.29,0.0689,,,,,,,,,,,,,,,,,,,,,,,,,,,,,,,,,,,,,,,,
RACK-R2-Z1-R2-02,Rack,Rack 2 in ROW-R2-Z1-R2,18,15.84,6.4,15.84,3.33,3.07,0.52,0.48,9.44,0.596,7.29,0.0689,,,,,,,,,,,,,,,,,,,,,,,,,,,,,,,,,,,,,,,,
RACK-R2-Z1-R2-03,Rack,Rack 3 in ROW-R2-Z1-R2,20,18,12.65,18,7.46,5.19,0.59,0.41,5.35,0.2972,7.29,0.0689,,,,,,,,,,,,,,,,,,,,,,,,,,,,,,,,,,,,,,,,
RACK-R2-Z1-R2-04,Rack,Rack 4 in ROW-R2-Z1-R2,15,13.2,8.43,13.2,5.65,2.78,0.67,0.33,4.77,0.3614,7.29,0.0689,,,,,,,,,,,,,,,,,,,,,,,,,,,,,,,,,,,,,,,,
RACK-R2-Z1-R2-05,Rack,Rack 5 in ROW-R2-Z1-R2,25,22,10.06,22,5.53,4.53,0.55,0.45,11.94,0.5427,7.29,0.0689,,,,,,,,,,,,,,,,,,,,,,,,,,,,,,,,,,,,,,,,
RACK-R2-Z1-R2-06,Rack,Rack 6 in ROW-R2-Z1-R2,25,20.5,15.88,20.5,7.94,7.94,0.5,0.5,4.62,0.2254,7.29,0.0689,,,,,,,,,,,,,,,,,,,,,,,,,,,,,,,,,,,,,,,,
RACK-R2-Z2-R1-01,Rack,Rack 1 in ROW-R2-Z2-R1,25,20.5,13.04,20.5,6.26,6.78,0.48,0.52,7.46,0.3639,6.95,0.0627,,,,,,,,,,,,,,,,,,,,,,,,,,,,,,,,,,,,,,,,
RACK-R2-Z2-R1-02,Rack,Rack 2 in ROW-R2-Z2-R1,15,12.3,6.75,12.3,3.98,2.77,0.59,0.41,5.55,0.4512,6.95,0.0627,,,,,,,,,,,,,,,,,,,,,,,,,,,,,,,,,,,,,,,,
RACK-R2-Z2-R1-03,Rack,Rack 3 in ROW-R2-Z2-R1,20,18,12.12,18,5.58,6.54,0.46,0.54,5.88,0.3267,6.95,0.0627,,,,,,,,,,,,,,,,,,,,,,,,,,,,,,,,,,,,,,,,
RACK-R2-Z2-R1-04,Rack,Rack 4 in ROW-R2-Z2-R1,25,20.5,15.66,20.5,9.55,6.11,0.61,0.39,4.84,0.2361,6.95,0.0627,,,,,,,,,,,,,,,,,,,,,,,,,,,,,,,,,,,,,,,,
RACK-R2-Z2-R1-05,Rack,Rack 5 in ROW-R2-Z2-R1,20,17.6,11.69,17.6,5.61,6.08,0.48,0.52,5.91,0.3358,6.95,0.0627,,,,,,,,,,,,,,,,,,,,,,,,,,,,,,,,,,,,,,,,
RACK-R2-Z2-R1-06,Rack,Rack 6 in ROW-R2-Z2-R1,25,22,9.92,22,5.65,4.27,0.57,0.43,12.08,0.5491,6.95,0.0627,,,,,,,,,,,,,,,,,,,,,,,,,,,,,,,,,,,,,,,,
RACK-R2-Z2-R2-01,Rack,Rack 1 in ROW-R2-Z2-R2,15,13.5,6.05,13.5,3.27,2.78,0.54,0.46,7.45,0.5519,7.09,0.0721,,,,,,,,,,,,,,,,,,,,,,,,,,,,,,,,,,,,,,,,
RACK-R2-Z2-R2-02,Rack,Rack 2 in ROW-R2-Z2-R2,18,16.2,11.37,16.2,5.23,6.14,0.46,0.54,4.83,0.2981,7.09,0.0721,,,,,,,,,,,,,,,,,,,,,,,,,,,,,,,,,,,,,,,,
RACK-R2-Z2-R2-03,Rack,Rack 3 in ROW-R2-Z2-R2,20,16.4,11.29,16.4,7,4.29,0.62,0.38,5.11,0.3116,7.09,0.0721,,,,,,,,,,,,,,,,,,,,,,,,,,,,,,,,,,,,,,,,
RACK-R2-Z2-R2-04,Rack,Rack 4 in ROW-R2-Z2-R2,20,18,10.94,18,7.33,3.61,0.67,0.33,7.06,0.3922,7.09,0.0721,,,,,,,,,,,,,,,,,,,,,,,,,,,,,,,,,,,,,,,,
RACK-R2-Z2-R2-05,Rack,Rack 5 in ROW-R2-Z2-R2,20,18,7.41,18,4,3.41,0.54,0.46,10.59,0.5883,7.09,0.0721,,,,,,,,,,,,,,,,,,,,,,,,,,,,,,,,,,,,,,,,
RACK-R2-Z2-R2-06,Rack,Rack 6 in ROW-R2-Z2-R2,18,16.2,8.68,16.2,5.12,3.56,0.59,0.41,7.52,0.4642,7.09,0.0721,,,,,,,,,,,,,,,,,,,,,,,,,,,,,,,,,,,,,,,,
RACK-R4-Z1-R2-01,Rack,RACK-R4-Z1-R2-01,18,15.3,9.99,15.3,5,5,0.5,0.5,5.31,0.3471,6.96,0.0355,,,,,,,,,,,,,,,,,,,,,,,,,,,,,,,,,,,,,,,,
RACK-R4-Z1-R2-02,Rack,RACK-R4-Z1-R2-02,18,15.3,7.37,15.3,3.17,4.2,0.43,0.57,7.93,0.5183,6.96,0.0355,,,,,,,,,,,,,,,,,,,,,,,,,,,,,,,,,,,,,,,,
RACK-R4-Z1-R2-03,Rack,RACK-R4-Z1-R2-03,15,12.75,6.69,12.75,3.35,3.35,0.5,0.5,6.06,0.4753,6.96,0.0355,,,,,,,,,,,,,,,,,,,,,,,,,,,,,,,,,,,,,,,,
RACK-R4-Z1-R2-04,Rack,RACK-R4-Z1-R2-04,18,16.2,11.29,16.2,4.63,6.66,0.41,0.59,4.91,0.3031,6.96,0.0355,,,,,,,,,,,,,,,,,,,,,,,,,,,,,,,,,,,,,,,,
RACK-R4-Z1-R2-05,Rack,RACK-R4-Z1-R2-05,20,18,6.98,18,2.23,4.75,0.32,0.68,11.02,0.6122,6.96,0.0355,,,,,,,,,,,,,,,,,,,,,,,,,,,,,,,,,,,,,,,,
RACK-R4-Z1-R2-06,Rack,RACK-R4-Z1-R2-06,25,21.25,12.62,21.25,4.8,7.82,0.38,0.62,8.63,0.4061,6.96,0.0355,,,,,,,,,,,,,,,,,,,,,,,,,,,,,,,,,,,,,,,,
RACK-R4-Z1-R2-07,Rack,RACK-R4-Z1-R2-07,15,13.5,6.44,13.5,3.41,3.03,0.53,0.47,7.06,0.523,6.96,0.0355,,,,,,,,,,,,,,,,,,,,,,,,,,,,,,,,,,,,,,,,
RACK-R4-Z1-R2-08,Rack,RACK-R4-Z1-R2-08,15,12.75,8.15,12.75,4.32,3.83,0.53,0.47,4.6,0.3608,6.96,0.0355,,,,,,,,,,,,,,,,,,,,,,,,,,,,,,,,,,,,,,,,
RACK-R4-Z1-R2-09,Rack,RACK-R4-Z1-R2-09,18,16.2,8.27,16.2,4.3,3.97,0.52,0.48,7.93,0.4895,6.96,0.0355,,,,,,,,,,,,,,,,,,,,,,,,,,,,,,,,,,,,,,,,
RACK-R4-Z1-R2-10,Rack,RACK-R4-Z1-R2-10,20,17,12.06,17,6.03,6.03,0.5,0.5,4.94,0.2906,6.96,0.0355,,,,,,,,,,,,,,,,,,,,,,,,,,,,,,,,,,,,,,,,
RACK-R4-Z1-R2-11,Rack,RACK-R4-Z1-R2-11,25,22.5,17.12,22.5,6.85,10.27,0.4,0.6,5.38,0.2391,6.96,0.0355,,,,,,,,,,,,,,,,,,,,,,,,,,,,,,,,,,,,,,,,
RACK-R4-Z1-R2-12,Rack,RACK-R4-Z1-R2-12,18,15.3,5.51,15.3,3.03,2.48,0.55,0.45,9.79,0.6399,6.96,0.0355,,,,,,,,,,,,,,,,,,,,,,,,,,,,,,,,,,,,,,,,
RACK-R3-Z1W-R1-01,Rack,RACK-R3-Z1W-R1-01,40,35.2,16.64,35.2,6.49,10.15,0.39,0.61,18.56,0.5273,6.13,0.0888,,,,,,,,,,,,,,,,,,,,,,,,,,,,,,,,,,,,,,,,
RACK-R3-Z1W-R1-02,Rack,RACK-R3-Z1W-R1-02,40,35.2,19.22,35.2,6.73,12.49,0.35,0.65,15.98,0.454,6.13,0.0888,,,,,,,,,,,,,,,,,,,,,,,,,,,,,,,,,,,,,,,,
RACK-R3-Z1W-R1-03,Rack,RACK-R3-Z1W-R1-03,40,36.8,15.64,36.8,2.97,12.67,0.19,0.81,21.16,0.575,6.13,0.0888,,,,,,,,,,,,,,,,,,,,,,,,,,,,,,,,,,,,,,,,
RACK-R3-Z1W-R1-04,Rack,RACK-R3-Z1W-R1-04,20,18.4,7.39,18.4,2.73,4.66,0.37,0.63,11.01,0.5984,6.13,0.0888,,,,,,,,,,,,,,,,,,,,,,,,,,,,,,,,,,,,,,,,
RACK-R3-Z1W-R1-05,Rack,RACK-R3-Z1W-R1-05,25,20.5,10.18,20.5,1.63,8.55,0.16,0.84,10.32,0.5034,6.13,0.0888,,,,,,,,,,,,,,,,,,,,,,,,,,,,,,,,,,,,,,,,
RACK-R3-Z1W-R1-06,Rack,RACK-R3-Z1W-R1-06,40,32.8,17.63,32.8,6.7,10.93,0.38,0.62,15.17,0.4625,6.29,0.0765,,,,,,,,,,,,,,,,,,,,,,,,,,,,,,,,,,,,,,,,
RACK-R3-Z1W-R1-07,Rack,RACK-R3-Z1W-R1-07,40,35.2,15.56,35.2,6.22,9.34,0.4,0.6,19.64,0.558,6.29,0.0765,,,,,,,,,,,,,,,,,,,,,,,,,,,,,,,,,,,,,,,,
RACK-R3-Z1W-R1-08,Rack,RACK-R3-Z1W-R1-08,30,26.4,18.83,26.4,6.59,12.24,0.35,0.65,7.57,0.2867,6.29,0.0765,,,,,,,,,,,,,,,,,,,,,,,,,,,,,,,,,,,,,,,,
RACK-R3-Z1W-R1-09,Rack,RACK-R3-Z1W-R1-09,40,35.2,25.91,35.2,10.36,15.55,0.4,0.6,9.29,0.2639,6.29,0.0765,,,,,,,,,,,,,,,,,,,,,,,,,,,,,,,,,,,,,,,,
RACK-R3-Z1W-R1-10,Rack,RACK-R3-Z1W-R1-10,25,23,13.89,23,2.78,11.11,0.2,0.8,9.11,0.3961,6.29,0.0765,,,,,,,,,,,,,,,,,,,,,,,,,,,,,,,,,,,,,,,,
RACK-R3-Z1W-R1-11,Rack,RACK-R3-Z1W-R1-11,35,28.7,20.07,28.7,6.62,13.45,0.33,0.67,8.63,0.3007,6.29,0.0765,,,,,,,,,,,,,,,,,,,,,,,,,,,,,,,,,,,,,,,,
RACK-R3-Z1W-R1-12,Rack,RACK-R3-Z1W-R1-12,25,20.5,13.18,20.5,2.5,10.68,0.19,0.81,7.32,0.3571,6.26,0.0799,,,,,,,,,,,,,,,,,,,,,,,,,,,,,,,,,,,,,,,,
RACK-R3-Z1W-R2-01,Rack,RACK-R3-Z1W-R2-01,20,18.4,11.09,18.4,1.89,9.2,0.17,0.83,7.31,0.3973,6.26,0.0799,,,,,,,,,,,,,,,,,,,,,,,,,,,,,,,,,,,,,,,,
RACK-R3-Z1W-R2-02,Rack,RACK-R3-Z1W-R2-02,40,36.8,25.74,36.8,7.46,18.28,0.29,0.71,11.06,0.3005,6.26,0.0799,,,,,,,,,,,,,,,,,,,,,,,,,,,,,,,,,,,,,,,,
RACK-R3-Z1W-R2-03,Rack,RACK-R3-Z1W-R2-03,40,32.8,17.05,32.8,3.75,13.3,0.22,0.78,15.75,0.4802,6.26,0.0799,,,,,,,,,,,,,,,,,,,,,,,,,,,,,,,,,,,,,,,,
RACK-R3-Z1W-R2-04,Rack,RACK-R3-Z1W-R2-04,20,18.4,6.63,18.4,1.92,4.71,0.29,0.71,11.77,0.6397,6.26,0.0799,,,,,,,,,,,,,,,,,,,,,,,,,,,,,,,,,,,,,,,,
RACK-R3-Z1W-R2-05,Rack,RACK-R3-Z1W-R2-05,20,17.6,12.5,17.6,3.12,9.38,0.25,0.75,5.1,0.2898,6.26,0.0799,,,,,,,,,,,,,,,,,,,,,,,,,,,,,,,,,,,,,,,,
RACK-R3-Z1W-R2-06,Rack,RACK-R3-Z1W-R2-06,40,36.8,19.13,36.8,4.02,15.11,0.21,0.79,17.67,0.4802,7.01,0.0723,,,,,,,,,,,,,,,,,,,,,,,,,,,,,,,,,,,,,,,,
RACK-R3-Z1W-R2-07,Rack,RACK-R3-Z1W-R2-07,40,36.8,22.18,36.8,8.65,13.53,0.39,0.61,14.62,0.3973,7.01,0.0723,,,,,,,,,,,,,,,,,,,,,,,,,,,,,,,,,,,,,,,,
RACK-R3-Z1W-R2-08,Rack,RACK-R3-Z1W-R2-08,25,23,16.91,23,5.24,11.67,0.31,0.69,6.09,0.2648,7.01,0.0723,,,,,,,,,,,,,,,,,,,,,,,,,,,,,,,,,,,,,,,,
RACK-R3-Z1W-R2-09,Rack,RACK-R3-Z1W-R2-09,30,27.6,13.6,27.6,5.71,7.89,0.42,0.58,14,0.5072,7.01,0.0723,,,,,,,,,,,,,,,,,,,,,,,,,,,,,,,,,,,,,,,,
RACK-R3-Z1W-R2-10,Rack,RACK-R3-Z1W-R2-10,35,28.7,16.11,28.7,4.35,11.76,0.27,0.73,12.59,0.4387,7.01,0.0723,,,,,,,,,,,,,,,,,,,,,,,,,,,,,,,,,,,,,,,,
RACK-R3-Z1W-R2-11,Rack,RACK-R3-Z1W-R2-11,30,24.6,14.13,24.6,4.95,9.18,0.35,0.65,10.47,0.4256,7.01,0.0723,,,,,,,,,,,,,,,,,,,,,,,,,,,,,,,,,,,,,,,,
RACK-R3-Z1W-R2-12,Rack,RACK-R3-Z1W-R2-12,25,23,10.67,23,2.56,8.11,0.24,0.76,12.33,0.5361,7.88,0.0752,,,,,,,,,,,,,,,,,,,,,,,,,,,,,,,,,,,,,,,,
RACK-R3-Z2W-R1-01,Rack,RACK-R3-Z2W-R1-01,25,23,12.69,23,4.31,8.38,0.34,0.66,10.31,0.4483,7.88,0.0752,,,,,,,,,,,,,,,,,,,,,,,,,,,,,,,,,,,,,,,,
RACK-R3-Z2W-R1-02,Rack,RACK-R3-Z2W-R1-02,30,24.6,12.28,24.6,5.4,6.88,0.44,0.56,12.32,0.5008,7.88,0.0752,,,,,,,,,,,,,,,,,,,,,,,,,,,,,,,,,,,,,,,,
RACK-R3-Z2W-R1-03,Rack,RACK-R3-Z2W-R1-03,20,17.6,7.22,17.6,3.03,4.19,0.42,0.58,10.38,0.5898,7.88,0.0752,,,,,,,,,,,,,,,,,,,,,,,,,,,,,,,,,,,,,,,,
RACK-R3-Z2W-R1-04,Rack,RACK-R3-Z2W-R1-04,25,20.5,15.95,20.5,5.74,10.21,0.36,0.64,4.55,0.222,7.88,0.0752,,,,,,,,,,,,,,,,,,,,,,,,,,,,,,,,,,,,,,,,
RACK-R3-Z2W-R1-05,Rack,RACK-R3-Z2W-R1-05,35,30.8,16.89,30.8,4.73,12.16,0.28,0.72,13.91,0.4516,7.88,0.0752,,,,,,,,,,,,,,,,,,,,,,,,,,,,,,,,,,,,,,,,
RACK-R3-Z2W-R1-06,Rack,RACK-R3-Z2W-R1-06,20,18.4,8.74,18.4,2.27,6.47,0.26,0.74,9.66,0.525,7.29,0.0689,,,,,,,,,,,,,,,,,,,,,,,,,,,,,,,,,,,,,,,,
RACK-R3-Z2W-R1-07,Rack,RACK-R3-Z2W-R1-07,35,30.8,17.2,30.8,6.19,11.01,0.36,0.64,13.6,0.4416,7.29,0.0689,,,,,,,,,,,,,,,,,,,,,,,,,,,,,,,,,,,,,,,,
RACK-R3-Z2W-R1-08,Rack,RACK-R3-Z2W-R1-08,40,36.8,28.18,36.8,6.76,21.42,0.24,0.76,8.62,0.2342,7.29,0.0689,,,,,,,,,,,,,,,,,,,,,,,,,,,,,,,,,,,,,,,,
RACK-R3-Z2W-R1-09,Rack,RACK-R3-Z2W-R1-09,20,16.4,6.38,16.4,2.81,3.57,0.44,0.56,10.02,0.611,7.29,0.0689,,,,,,,,,,,,,,,,,,,,,,,,,,,,,,,,,,,,,,,,
RACK-R3-Z2W-R1-10,Rack,RACK-R3-Z2W-R1-10,30,26.4,18.49,26.4,2.96,15.53,0.16,0.84,7.91,0.2996,7.29,0.0689,,,,,,,,,,,,,,,,,,,,,,,,,,,,,,,,,,,,,,,,
RACK-R3-Z2W-R1-11,Rack,RACK-R3-Z2W-R1-11,30,24.6,17.86,24.6,7.14,10.72,0.4,0.6,6.74,0.274,7.29,0.0689,,,,,,,,,,,,,,,,,,,,,,,,,,,,,,,,,,,,,,,,
RACK-R3-Z2W-R1-12,Rack,RACK-R3-Z2W-R1-12,30,26.4,19.82,26.4,3.77,16.05,0.19,0.81,6.58,0.2492,6.95,0.0627,,,,,,,,,,,,,,,,,,,,,,,,,,,,,,,,,,,,,,,,
RACK-R3-Z2W-R2-01,Rack,RACK-R3-Z2W-R2-01,40,35.2,15.92,35.2,5.73,10.19,0.36,0.64,19.28,0.5477,6.95,0.0627,,,,,,,,,,,,,,,,,,,,,,,,,,,,,,,,,,,,,,,,
RACK-R3-Z2W-R2-02,Rack,RACK-R3-Z2W-R2-02,20,18.4,12.54,18.4,2.63,9.91,0.21,0.79,5.86,0.3185,6.95,0.0627,,,,,,,,,,,,,,,,,,,,,,,,,,,,,,,,,,,,,,,,
RACK-R3-Z2W-R2-03,Rack,RACK-R3-Z2W-R2-03,30,24.6,17.43,24.6,5.93,11.5,0.34,0.66,7.17,0.2915,6.95,0.0627,,,,,,,,,,,,,,,,,,,,,,,,,,,,,,,,,,,,,,,,
RACK-R3-Z2W-R2-04,Rack,RACK-R3-Z2W-R2-04,20,18.4,6.89,18.4,2.82,4.07,0.41,0.59,11.51,0.6255,6.95,0.0627,,,,,,,,,,,,,,,,,,,,,,,,,,,,,,,,,,,,,,,,
RACK-R3-Z2W-R2-05,Rack,RACK-R3-Z2W-R2-05,20,17.6,12.63,17.6,1.89,10.74,0.15,0.85,4.97,0.2824,6.95,0.0627,,,,,,,,,,,,,,,,,,,,,,,,,,,,,,,,,,,,,,,,
RACK-R3-Z2W-R2-06,Rack,RACK-R3-Z2W-R2-06,35,30.8,13.42,30.8,4.56,8.86,0.34,0.66,17.38,0.5643,7.09,0.0721,,,,,,,,,,,,,,,,,,,,,,,,,,,,,,,,,,,,,,,,
RACK-R3-Z2W-R2-07,Rack,RACK-R3-Z2W-R2-07,25,20.5,10.54,20.5,4.64,5.9,0.44,0.56,9.96,0.4859,7.09,0.0721,,,,,,,,,,,,,,,,,,,,,,,,,,,,,,,,,,,,,,,,
RACK-R3-Z2W-R2-08,Rack,RACK-R3-Z2W-R2-08,25,20.5,13.25,20.5,5.7,7.55,0.43,0.57,7.25,0.3537,7.09,0.0721,,,,,,,,,,,,,,,,,,,,,,,,,,,,,,,,,,,,,,,,
RACK-R3-Z2W-R2-09,Rack,RACK-R3-Z2W-R2-09,40,32.8,19.68,32.8,4.72,14.96,0.24,0.76,13.12,0.4,7.09,0.0721,,,,,,,,,,,,,,,,,,,,,,,,,,,,,,,,,,,,,,,,
RACK-R3-Z2W-R2-10,Rack,RACK-R3-Z2W-R2-10,25,22,9.38,22,2.35,7.04,0.25,0.75,12.62,0.5736,7.09,0.0721,,,,,,,,,,,,,,,,,,,,,,,,,,,,,,,,,,,,,,,,
RACK-R3-Z2W-R2-11,Rack,RACK-R3-Z2W-R2-11,30,24.6,16.82,24.6,2.52,14.3,0.15,0.85,7.78,0.3163,7.09,0.0721,,,,,,,,,,,,,,,,,,,,,,,,,,,,,,,,,,,,,,,,
RACK-R3-Z2W-R2-12,Rack,RACK-R3-Z2W-R2-12,40,32.8,16.68,32.8,5,11.68,0.3,0.7,16.12,0.4915,6.96,0.0355,,,,,,,,,,,,,,,,,,,,,,,,,,,,,,,,,,,,,,,,
RACK-R3-Z3W-R1-01,Rack,RACK-R3-Z3W-R1-01,35,28.7,18.77,28.7,6.57,12.2,0.35,0.65,9.93,0.346,6.96,0.0355,,,,,,,,,,,,,,,,,,,,,,,,,,,,,,,,,,,,,,,,
RACK-R3-Z3W-R1-02,Rack,RACK-R3-Z3W-R1-02,35,32.2,18.08,32.2,7.23,10.85,0.4,0.6,14.12,0.4385,6.96,0.0355,,,,,,,,,,,,,,,,,,,,,,,,,,,,,,,,,,,,,,,,
RACK-R3-Z3W-R1-03,Rack,RACK-R3-Z3W-R1-03,40,35.2,27.23,35.2,9.8,17.43,0.36,0.64,7.97,0.2264,6.96,0.0355,,,,,,,,,,,,,,,,,,,,,,,,,,,,,,,,,,,,,,,,
RACK-R3-Z3W-R1-04,Rack,RACK-R3-Z3W-R1-04,30,24.6,16.59,24.6,6.64,9.95,0.4,0.6,8.01,0.3256,6.96,0.0355,,,,,,,,,,,,,,,,,,,,,,,,,,,,,,,,,,,,,,,,
RACK-R3-Z3W-R1-05,Rack,RACK-R3-Z3W-R1-05,25,22,17.02,22,7.66,9.36,0.45,0.55,4.98,0.2264,6.96,0.0355,,,,,,,,,,,,,,,,,,,,,,,,,,,,,,,,,,,,,,,,
RACK-R3-Z3W-R1-06,Rack,RACK-R3-Z3W-R1-06,25,20.5,14.08,20.5,2.39,11.69,0.17,0.83,6.42,0.3132,6.96,0.0355,,,,,,,,,,,,,,,,,,,,,,,,,,,,,,,,,,,,,,,,
RACK-R3-Z3W-R1-07,Rack,RACK-R3-Z3W-R1-07,30,26.4,11.89,26.4,2.38,9.51,0.2,0.8,14.51,0.5496,6.96,0.0355,,,,,,,,,,,,,,,,,,,,,,,,,,,,,,,,,,,,,,,,
RACK-R3-Z3W-R1-08,Rack,RACK-R3-Z3W-R1-08,35,32.2,16.79,32.2,5.88,10.91,0.35,0.65,15.41,0.4786,6.96,0.0355,,,,,,,,,,,,,,,,,,,,,,,,,,,,,,,,,,,,,,,,
RACK-R3-Z3W-R1-09,Rack,RACK-R3-Z3W-R1-09,25,23,13.46,23,3.23,10.23,0.24,0.76,9.54,0.4148,6.96,0.0355,,,,,,,,,,,,,,,,,,,,,,,,,,,,,,,,,,,,,,,,
RACK-R3-Z3W-R1-10,Rack,RACK-R3-Z3W-R1-10,25,22,11.32,22,3.17,8.15,0.28,0.72,10.68,0.4855,6.96,0.0355,,,,,,,,,,,,,,,,,,,,,,,,,,,,,,,,,,,,,,,,
RACK-R3-Z3W-R1-11,Rack,RACK-R3-Z3W-R1-11,30,27.6,11.93,27.6,2.98,8.95,0.25,0.75,15.67,0.5678,6.13,0.0888,,,,,,,,,,,,,,,,,,,,,,,,,,,,,,,,,,,,,,,,
RACK-R3-Z3W-R1-12,Rack,RACK-R3-Z3W-R1-12,30,24.6,10.34,24.6,2.69,7.65,0.26,0.74,14.26,0.5797,6.13,0.0888,,,,,,,,,,,,,,,,,,,,,,,,,,,,,,,,,,,,,,,,
RACK-R3-Z3W-R2-01,Rack,RACK-R3-Z3W-R2-01,35,28.7,17.25,28.7,5,12.25,0.29,0.71,11.45,0.399,6.13,0.0888,,,,,,,,,,,,,,,,,,,,,,,,,,,,,,,,,,,,,,,,
RACK-R3-Z3W-R2-02,Rack,RACK-R3-Z3W-R2-02,25,20.5,8.65,20.5,2.6,6.05,0.3,0.7,11.85,0.578,6.13,0.0888,,,,,,,,,,,,,,,,,,,,,,,,,,,,,,,,,,,,,,,,
RACK-R3-Z3W-R2-03,Rack,RACK-R3-Z3W-R2-03,30,24.6,15.53,24.6,2.95,12.58,0.19,0.81,9.07,0.3687,6.13,0.0888,,,,,,,,,,,,,,,,,,,,,,,,,,,,,,,,,,,,,,,,
RACK-R3-Z3W-R2-04,Rack,RACK-R3-Z3W-R2-04,35,28.7,18.56,28.7,4.45,14.11,0.24,0.76,10.14,0.3533,6.29,0.0765,,,,,,,,,,,,,,,,,,,,,,,,,,,,,,,,,,,,,,,,
RACK-R3-Z3W-R2-05,Rack,RACK-R3-Z3W-R2-05,20,18.4,12.25,18.4,5.39,6.86,0.44,0.56,6.15,0.3342,6.29,0.0765,,,,,,,,,,,,,,,,,,,,,,,,,,,,,,,,,,,,,,,,
RACK-R3-Z3W-R2-06,Rack,RACK-R3-Z3W-R2-06,25,23,16.15,23,6.78,9.37,0.42,0.58,6.85,0.2978,6.29,0.0765,,,,,,,,,,,,,,,,,,,,,,,,,,,,,,,,,,,,,,,,
RACK-R3-Z3W-R2-07,Rack,RACK-R3-Z3W-R2-07,40,35.2,23.92,35.2,9.09,14.83,0.38,0.62,11.28,0.3205,6.29,0.0765,,,,,,,,,,,,,,,,,,,,,,,,,,,,,,,,,,,,,,,,
RACK-R3-Z3W-R2-08,Rack,RACK-R3-Z3W-R2-08,35,28.7,18.45,28.7,4.43,14.02,0.24,0.76,10.25,0.3571,6.29,0.0765,,,,,,,,,,,,,,,,,,,,,,,,,,,,,,,,,,,,,,,,
RACK-R3-Z3W-R2-09,Rack,RACK-R3-Z3W-R2-09,25,20.5,13.89,20.5,5.56,8.33,0.4,0.6,6.61,0.3224,6.29,0.0765,,,,,,,,,,,,,,,,,,,,,,,,,,,,,,,,,,,,,,,,
RACK-R3-Z3W-R2-10,Rack,RACK-R3-Z3W-R2-10,40,36.8,24.74,36.8,6.93,17.81,0.28,0.72,12.06,0.3277,6.26,0.0799,,,,,,,,,,,,,,,,,,,,,,,,,,,,,,,,,,,,,,,,
RACK-R3-Z3W-R2-11,Rack,RACK-R3-Z3W-R2-11,40,32.8,22.67,32.8,9.52,13.15,0.42,0.58,10.13,0.3088,6.26,0.0799,,,,,,,,,,,,,,,,,,,,,,,,,,,,,,,,,,,,,,,,
RACK-R3-Z3W-R2-12,Rack,RACK-R3-Z3W-R2-12,40,32.8,20.67,32.8,8.27,12.4,0.4,0.6,12.13,0.3698,6.26,0.0799,,,,,,,,,,,,,,,,,,,,,,,,,,,,,,,,,,,,,,,,
RACK-R3-Z4E-R1-01,Rack,RACK-R3-Z4E-R1-01,25,20.5,9.59,20.5,1.53,8.06,0.16,0.84,10.91,0.5322,6.26,0.0799,,,,,,,,,,,,,,,,,,,,,,,,,,,,,,,,,,,,,,,,
RACK-R3-Z4E-R1-02,Rack,RACK-R3-Z4E-R1-02,30,24.6,14.33,24.6,3.73,10.6,0.26,0.74,10.27,0.4175,6.26,0.0799,,,,,,,,,,,,,,,,,,,,,,,,,,,,,,,,,,,,,,,,
RACK-R3-Z4E-R1-03,Rack,RACK-R3-Z4E-R1-03,20,18.4,10.06,18.4,1.61,8.45,0.16,0.84,8.34,0.4533,6.26,0.0799,,,,,,,,,,,,,,,,,,,,,,,,,,,,,,,,,,,,,,,,
RACK-R3-Z4E-R1-04,Rack,RACK-R3-Z4E-R1-04,25,22,12.86,22,2.96,9.9,0.23,0.77,9.14,0.4155,7.01,0.0723,,,,,,,,,,,,,,,,,,,,,,,,,,,,,,,,,,,,,,,,
RACK-R3-Z4E-R1-05,Rack,RACK-R3-Z4E-R1-05,20,18.4,12.55,18.4,5.4,7.15,0.43,0.57,5.85,0.3179,7.01,0.0723,,,,,,,,,,,,,,,,,,,,,,,,,,,,,,,,,,,,,,,,
RACK-R3-Z4E-R1-06,Rack,RACK-R3-Z4E-R1-06,20,18.4,11.52,18.4,3.57,7.95,0.31,0.69,6.88,0.3739,7.01,0.0723,,,,,,,,,,,,,,,,,,,,,,,,,,,,,,,,,,,,,,,,
RACK-R3-Z4E-R1-07,Rack,RACK-R3-Z4E-R1-07,35,30.8,22.32,30.8,8.7,13.62,0.39,0.61,8.48,0.2753,7.01,0.0723,,,,,,,,,,,,,,,,,,,,,,,,,,,,,,,,,,,,,,,,
RACK-R3-Z4E-R1-08,Rack,RACK-R3-Z4E-R1-08,25,23,11.57,23,4.4,7.17,0.38,0.62,11.43,0.497,7.01,0.0723,,,,,,,,,,,,,,,,,,,,,,,,,,,,,,,,,,,,,,,,
RACK-R3-Z4E-R1-09,Rack,RACK-R3-Z4E-R1-09,35,30.8,13.79,30.8,5.52,8.27,0.4,0.6,17.01,0.5523,7.01,0.0723,,,,,,,,,,,,,,,,,,,,,,,,,,,,,,,,,,,,,,,,
RACK-R3-Z4E-R1-10,Rack,RACK-R3-Z4E-R1-10,30,24.6,16.02,24.6,5.45,10.57,0.34,0.66,8.58,0.3488,7.88,0.0752,,,,,,,,,,,,,,,,,,,,,,,,,,,,,,,,,,,,,,,,
RACK-R3-Z4E-R1-11,Rack,RACK-R3-Z4E-R1-11,20,18.4,8.17,18.4,1.55,6.62,0.19,0.81,10.23,0.556,7.88,0.0752,,,,,,,,,,,,,,,,,,,,,,,,,,,,,,,,,,,,,,,,
RACK-R3-Z4E-R1-12,Rack,RACK-R3-Z4E-R1-12,30,27.6,11.72,27.6,3.75,7.97,0.32,0.68,15.88,0.5754,7.88,0.0752,,,,,,,,,,,,,,,,,,,,,,,,,,,,,,,,,,,,,,,,
RACK-R3-Z4E-R2-01,Rack,RACK-R3-Z4E-R2-01,20,17.6,10.54,17.6,2.42,8.12,0.23,0.77,7.06,0.4011,7.88,0.0752,,,,,,,,,,,,,,,,,,,,,,,,,,,,,,,,,,,,,,,,
RACK-R3-Z4E-R2-02,Rack,RACK-R3-Z4E-R2-02,25,23,15.53,23,4.66,10.87,0.3,0.7,7.47,0.3248,7.88,0.0752,,,,,,,,,,,,,,,,,,,,,,,,,,,,,,,,,,,,,,,,
RACK-R3-Z4E-R2-03,Rack,RACK-R3-Z4E-R2-03,30,26.4,18.38,26.4,5.33,13.05,0.29,0.71,8.02,0.3038,7.88,0.0752,,,,,,,,,,,,,,,,,,,,,,,,,,,,,,,,,,,,,,,,
RACK-R3-Z4E-R2-04,Rack,RACK-R3-Z4E-R2-04,40,32.8,14.79,32.8,3.55,11.24,0.24,0.76,18.01,0.5491,7.29,0.0689,,,,,,,,,,,,,,,,,,,,,,,,,,,,,,,,,,,,,,,,
RACK-R3-Z4E-R2-05,Rack,RACK-R3-Z4E-R2-05,35,28.7,12.84,28.7,3.08,9.76,0.24,0.76,15.86,0.5526,7.29,0.0689,,,,,,,,,,,,,,,,,,,,,,,,,,,,,,,,,,,,,,,,
RACK-R3-Z4E-R2-06,Rack,RACK-R3-Z4E-R2-06,40,35.2,19.69,35.2,8.86,10.83,0.45,0.55,15.51,0.4406,7.29,0.0689,,,,,,,,,,,,,,,,,,,,,,,,,,,,,,,,,,,,,,,,
RACK-R3-Z4E-R2-07,Rack,RACK-R3-Z4E-R2-07,25,20.5,9.66,20.5,3.09,6.57,0.32,0.68,10.84,0.5288,7.29,0.0689,,,,,,,,,,,,,,,,,,,,,,,,,,,,,,,,,,,,,,,,
RACK-R3-Z4E-R2-08,Rack,RACK-R3-Z4E-R2-08,40,35.2,16.46,35.2,7.24,9.22,0.44,0.56,18.74,0.5324,7.29,0.0689,,,,,,,,,,,,,,,,,,,,,,,,,,,,,,,,,,,,,,,,
RACK-R3-Z4E-R2-09,Rack,RACK-R3-Z4E-R2-09,40,35.2,23.7,35.2,9.95,13.75,0.42,0.58,11.5,0.3267,7.29,0.0689,,,,,,,,,,,,,,,,,,,,,,,,,,,,,,,,,,,,,,,,
RACK-R3-Z4E-R2-10,Rack,RACK-R3-Z4E-R2-10,25,22,13.09,22,5.5,7.59,0.42,0.58,8.91,0.405,6.95,0.0627,,,,,,,,,,,,,,,,,,,,,,,,,,,,,,,,,,,,,,,,
RACK-R3-Z4E-R2-11,Rack,RACK-R3-Z4E-R2-11,20,16.4,8.72,16.4,1.31,7.41,0.15,0.85,7.68,0.4683,6.95,0.0627,,,,,,,,,,,,,,,,,,,,,,,,,,,,,,,,,,,,,,,,
RACK-R3-Z4E-R2-12,Rack,RACK-R3-Z4E-R2-12,35,30.8,14.5,30.8,3.48,11.02,0.24,0.76,16.3,0.5292,6.95,0.0627,,,,,,,,,,,,,,,,,,,,,,,,,,,,,,,,,,,,,,,,
RACK-R3-Z5E-R1-01,Rack,RACK-R3-Z5E-R1-01,30,26.4,19.07,26.4,4.58,14.49,0.24,0.76,7.33,0.2777,6.95,0.0627,,,,,,,,,,,,,,,,,,,,,,,,,,,,,,,,,,,,,,,,
RACK-R3-Z5E-R1-02,Rack,RACK-R3-Z5E-R1-02,20,17.6,11.62,17.6,4.42,7.2,0.38,0.62,5.98,0.3398,6.95,0.0627,,,,,,,,,,,,,,,,,,,,,,,,,,,,,,,,,,,,,,,,
RACK-R3-Z5E-R1-03,Rack,RACK-R3-Z5E-R1-03,20,16.4,11.21,16.4,4.04,7.17,0.36,0.64,5.19,0.3165,6.95,0.0627,,,,,,,,,,,,,,,,,,,,,,,,,,,,,,,,,,,,,,,,
RACK-R3-Z5E-R1-04,Rack,RACK-R3-Z5E-R1-04,30,26.4,14.82,26.4,3.85,10.97,0.26,0.74,11.58,0.4386,7.09,0.0721,,,,,,,,,,,,,,,,,,,,,,,,,,,,,,,,,,,,,,,,
RACK-R3-Z5E-R1-05,Rack,RACK-R3-Z5E-R1-05,40,32.8,18.83,32.8,4.9,13.93,0.26,0.74,13.97,0.4259,7.09,0.0721,,,,,,,,,,,,,,,,,,,,,,,,,,,,,,,,,,,,,,,,
RACK-R3-Z5E-R1-06,Rack,RACK-R3-Z5E-R1-06,30,24.6,10.79,24.6,2.48,8.31,0.23,0.77,13.81,0.5614,7.09,0.0721,,,,,,,,,,,,,,,,,,,,,,,,,,,,,,,,,,,,,,,,
RACK-R3-Z5E-R1-07,Rack,RACK-R3-Z5E-R1-07,30,27.6,14.07,27.6,6.05,8.02,0.43,0.57,13.53,0.4902,7.09,0.0721,,,,,,,,,,,,,,,,,,,,,,,,,,,,,,,,,,,,,,,,
RACK-R3-Z5E-R1-08,Rack,RACK-R3-Z5E-R1-08,30,26.4,12.89,26.4,3.87,9.02,0.3,0.7,13.51,0.5117,7.09,0.0721,,,,,,,,,,,,,,,,,,,,,,,,,,,,,,,,,,,,,,,,
RACK-R3-Z5E-R1-09,Rack,RACK-R3-Z5E-R1-09,30,26.4,18.8,26.4,7.9,10.9,0.42,0.58,7.6,0.2879,7.09,0.0721,,,,,,,,,,,,,,,,,,,,,,,,,,,,,,,,,,,,,,,,
RACK-R3-Z5E-R1-10,Rack,RACK-R3-Z5E-R1-10,35,32.2,21.87,32.2,6.78,15.09,0.31,0.69,10.33,0.3208,6.96,0.0355,,,,,,,,,,,,,,,,,,,,,,,,,,,,,,,,,,,,,,,,
RACK-R3-Z5E-R1-11,Rack,RACK-R3-Z5E-R1-11,20,18.4,10.63,18.4,2.87,7.76,0.27,0.73,7.77,0.4223,6.96,0.0355,,,,,,,,,,,,,,,,,,,,,,,,,,,,,,,,,,,,,,,,
RACK-R3-Z5E-R1-12,Rack,RACK-R3-Z5E-R1-12,25,23,13.68,23,5.61,8.07,0.41,0.59,9.32,0.4052,6.96,0.0355,,,,,,,,,,,,,,,,,,,,,,,,,,,,,,,,,,,,,,,,
RACK-R3-Z5E-R2-01,Rack,RACK-R3-Z5E-R2-01,40,32.8,18.67,32.8,3.73,14.94,0.2,0.8,14.13,0.4308,6.96,0.0355,,,,,,,,,,,,,,,,,,,,,,,,,,,,,,,,,,,,,,,,
RACK-R3-Z5E-R2-02,Rack,RACK-R3-Z5E-R2-02,30,26.4,18.11,26.4,4.17,13.94,0.23,0.77,8.29,0.314,6.96,0.0355,,,,,,,,,,,,,,,,,,,,,,,,,,,,,,,,,,,,,,,,
RACK-R3-Z5E-R2-03,Rack,RACK-R3-Z5E-R2-03,30,26.4,13.95,26.4,4.88,9.07,0.35,0.65,12.45,0.4716,6.96,0.0355,,,,,,,,,,,,,,,,,,,,,,,,,,,,,,,,,,,,,,,,
RACK-R3-Z5E-R2-04,Rack,RACK-R3-Z5E-R2-04,40,36.8,17.67,36.8,4.77,12.9,0.27,0.73,19.13,0.5198,6.96,0.0355,,,,,,,,,,,,,,,,,,,,,,,,,,,,,,,,,,,,,,,,
RACK-R3-Z5E-R2-05,Rack,RACK-R3-Z5E-R2-05,25,20.5,15.3,20.5,3.21,12.09,0.21,0.79,5.2,0.2537,6.96,0.0355,,,,,,,,,,,,,,,,,,,,,,,,,,,,,,,,,,,,,,,,
RACK-R3-Z5E-R2-06,Rack,RACK-R3-Z5E-R2-06,35,32.2,24.03,32.2,5.29,18.74,0.22,0.78,8.17,0.2537,6.96,0.0355,,,,,,,,,,,,,,,,,,,,,,,,,,,,,,,,,,,,,,,,
RACK-R3-Z5E-R2-07,Rack,RACK-R3-Z5E-R2-07,35,30.8,15.07,30.8,2.86,12.21,0.19,0.81,15.73,0.5107,6.96,0.0355,,,,,,,,,,,,,,,,,,,,,,,,,,,,,,,,,,,,,,,,
RACK-R3-Z5E-R2-08,Rack,RACK-R3-Z5E-R2-08,20,16.4,6.29,16.4,1.57,4.72,0.25,0.75,10.11,0.6165,6.96,0.0355,,,,,,,,,,,,,,,,,,,,,,,,,,,,,,,,,,,,,,,,
RACK-R3-Z5E-R2-09,Rack,RACK-R3-Z5E-R2-09,25,22,13.75,22,3.16,10.59,0.23,0.77,8.25,0.375,7.29,0.0689,,,,,,,,,,,,,,,,,,,,,,,,,,,,,,,,,,,,,,,,
RACK-R3-Z5E-R2-10,Rack,RACK-R3-Z5E-R2-10,20,18.4,9.05,18.4,3.71,5.34,0.41,0.59,9.35,0.5082,7.29,0.0689,,,,,,,,,,,,,,,,,,,,,,,,,,,,,,,,,,,,,,,,
RACK-R3-Z5E-R2-11,Rack,RACK-R3-Z5E-R2-11,40,32.8,17.77,32.8,4.62,13.15,0.26,0.74,15.03,0.4582,7.29,0.0689,,,,,,,,,,,,,,,,,,,,,,,,,,,,,,,,,,,,,,,,
RACK-R3-Z5E-R2-12,Rack,RACK-R3-Z5E-R2-12,20,17.6,12.46,17.6,2.87,9.59,0.23,0.77,5.14,0.292,7.29,0.0689,,,,,,,,,,,,,,,,,,,,,,,,,,,,,,,,,,,,,,,,
RACK-R3-Z6E-R1-01,Rack,RACK-R3-Z6E-R1-01,25,23,14.87,23,4.46,10.41,0.3,0.7,8.13,0.3535,7.29,0.0689,,,,,,,,,,,,,,,,,,,,,,,,,,,,,,,,,,,,,,,,
RACK-R3-Z6E-R1-02,Rack,RACK-R3-Z6E-R1-02,25,20.5,10.44,20.5,2.4,8.04,0.23,0.77,10.06,0.4907,6.95,0.0627,,,,,,,,,,,,,,,,,,,,,,,,,,,,,,,,,,,,,,,,
RACK-R3-Z6E-R1-03,Rack,RACK-R3-Z6E-R1-03,35,32.2,24.58,32.2,6.88,17.7,0.28,0.72,7.62,0.2366,6.95,0.0627,,,,,,,,,,,,,,,,,,,,,,,,,,,,,,,,,,,,,,,,
RACK-R3-Z6E-R1-04,Rack,RACK-R3-Z6E-R1-04,20,16.4,10.05,16.4,1.61,8.44,0.16,0.84,6.35,0.3872,6.95,0.0627,,,,,,,,,,,,,,,,,,,,,,,,,,,,,,,,,,,,,,,,
RACK-R3-Z6E-R1-05,Rack,RACK-R3-Z6E-R1-05,35,32.2,14.37,32.2,4.31,10.06,0.3,0.7,17.83,0.5537,6.95,0.0627,,,,,,,,,,,,,,,,,,,,,,,,,,,,,,,,,,,,,,,,
RACK-R3-Z6E-R1-06,Rack,RACK-R3-Z6E-R1-06,40,35.2,17.93,35.2,7.89,10.04,0.44,0.56,17.27,0.4906,6.95,0.0627,,,,,,,,,,,,,,,,,,,,,,,,,,,,,,,,,,,,,,,,
RACK-R3-Z6E-R1-07,Rack,RACK-R3-Z6E-R1-07,20,16.4,8.91,16.4,1.78,7.13,0.2,0.8,7.49,0.4567,6.95,0.0627,,,,,,,,,,,,,,,,,,,,,,,,,,,,,,,,,,,,,,,,
RACK-R3-Z6E-R1-08,Rack,RACK-R3-Z6E-R1-08,20,18.4,12.2,18.4,4.39,7.81,0.36,0.64,6.2,0.337,7.09,0.0721,,,,,,,,,,,,,,,,,,,,,,,,,,,,,,,,,,,,,,,,
RACK-R3-Z6E-R1-09,Rack,RACK-R3-Z6E-R1-09,35,28.7,12.46,28.7,3.99,8.47,0.32,0.68,16.24,0.5659,7.09,0.0721,,,,,,,,,,,,,,,,,,,,,,,,,,,,,,,,,,,,,,,,
RACK-R3-Z6E-R1-10,Rack,RACK-R3-Z6E-R1-10,25,20.5,8.89,20.5,2.84,6.05,0.32,0.68,11.61,0.5663,7.09,0.0721,,,,,,,,,,,,,,,,,,,,,,,,,,,,,,,,,,,,,,,,
RACK-R3-Z6E-R1-11,Rack,RACK-R3-Z6E-R1-11,30,24.6,15.01,24.6,5.1,9.91,0.34,0.66,9.59,0.3898,7.09,0.0721,,,,,,,,,,,,,,,,,,,,,,,,,,,,,,,,,,,,,,,,
RACK-R3-Z6E-R1-12,Rack,RACK-R3-Z6E-R1-12,35,32.2,14.68,32.2,5.58,9.1,0.38,0.62,17.52,0.5441,7.09,0.0721,,,,,,,,,,,,,,,,,,,,,,,,,,,,,,,,,,,,,,,,
RACK-R3-Z6E-R2-01,Rack,RACK-R3-Z6E-R2-01,30,27.6,13.5,27.6,5.8,7.69,0.43,0.57,14.1,0.5109,7.09,0.0721,,,,,,,,,,,,,,,,,,,,,,,,,,,,,,,,,,,,,,,,
RACK-R3-Z6E-R2-02,Rack,RACK-R3-Z6E-R2-02,30,24.6,10.34,24.6,4.03,6.31,0.39,0.61,14.26,0.5797,6.96,0.0355,,,,,,,,,,,,,,,,,,,,,,,,,,,,,,,,,,,,,,,,
RACK-R3-Z6E-R2-03,Rack,RACK-R3-Z6E-R2-03,40,35.2,18.31,35.2,8.24,10.07,0.45,0.55,16.89,0.4798,6.96,0.0355,,,,,,,,,,,,,,,,,,,,,,,,,,,,,,,,,,,,,,,,
RACK-R3-Z6E-R2-04,Rack,RACK-R3-Z6E-R2-04,30,27.6,14,27.6,5.6,8.4,0.4,0.6,13.6,0.4928,6.96,0.0355,,,,,,,,,,,,,,,,,,,,,,,,,,,,,,,,,,,,,,,,
RACK-R3-Z6E-R2-05,Rack,RACK-R3-Z6E-R2-05,40,32.8,14.12,32.8,4.38,9.74,0.31,0.69,18.68,0.5695,6.96,0.0355,,,,,,,,,,,,,,,,,,,,,,,,,,,,,,,,,,,,,,,,
RACK-R3-Z6E-R2-06,Rack,RACK-R3-Z6E-R2-06,35,32.2,14.17,32.2,4.82,9.35,0.34,0.66,18.03,0.5599,6.96,0.0355,,,,,,,,,,,,,,,,,,,,,,,,,,,,,,,,,,,,,,,,
RACK-R3-Z6E-R2-07,Rack,RACK-R3-Z6E-R2-07,25,22,14.37,22,6.04,8.33,0.42,0.58,7.63,0.3468,6.96,0.0355,,,,,,,,,,,,,,,,,,,,,,,,,,,,,,,,,,,,,,,,
RACK-R3-Z6E-R2-08,Rack,RACK-R3-Z6E-R2-08,20,17.6,8.92,17.6,1.96,6.96,0.22,0.78,8.68,0.4932,6.96,0.0355,,,,,,,,,,,,,,,,,,,,,,,,,,,,,,,,,,,,,,,,
RACK-R3-Z6E-R2-09,Rack,RACK-R3-Z6E-R2-09,30,24.6,16.49,24.6,4.95,11.54,0.3,0.7,8.11,0.3297,6.96,0.0355,,,,,,,,,,,,,,,,,,,,,,,,,,,,,,,,,,,,,,,,
RACK-R3-Z6E-R2-10,Rack,RACK-R3-Z6E-R2-10,35,30.8,15.13,30.8,5.3,9.83,0.35,0.65,15.67,0.5088,6.96,0.0355,,,,,,,,,,,,,,,,,,,,,,,,,,,,,,,,,,,,,,,,
RACK-R3-Z6E-R2-11,Rack,RACK-R3-Z6E-R2-11,30,27.6,12.26,27.6,4.9,7.36,0.4,0.6,15.34,0.5558,6.96,0.0355,,,,,,,,,,,,,,,,,,,,,,,,,,,,,,,,,,,,,,,,
RACK-R3-Z6E-R2-12,Rack,RACK-R3-Z6E-R2-12,35,28.7,20.53,28.7,4.93,15.6,0.24,0.76,8.17,0.2847,6.96,0.0355,,,,,,,,,,,,,,,,,,,,,,,,,,,,,,,,,,,,,,,,
RACK-R4-Z1-R1-01,Rack,RACK-R4-Z1-R1-01,18,16.2,10.23,16.2,3.68,6.55,0.36,0.64,5.97,0.3685,6.45,0.034,,,,,,,,,,,,,,,,,,,,,,,,,,,,,,,,,,,,,,,,
RACK-R4-Z1-R1-02,Rack,RACK-R4-Z1-R1-02,20,17,9.07,17,4.9,4.17,0.54,0.46,7.93,0.4665,6.45,0.034,,,,,,,,,,,,,,,,,,,,,,,,,,,,,,,,,,,,,,,,
RACK-R4-Z1-R1-03,Rack,RACK-R4-Z1-R1-03,18,15.3,10.51,15.3,4.41,6.1,0.42,0.58,4.79,0.3131,6.45,0.034,,,,,,,,,,,,,,,,,,,,,,,,,,,,,,,,,,,,,,,,
RACK-R4-Z1-R1-04,Rack,RACK-R4-Z1-R1-04,15,12.75,4.72,12.75,2.5,2.22,0.53,0.47,8.03,0.6298,6.45,0.034,,,,,,,,,,,,,,,,,,,,,,,,,,,,,,,,,,,,,,,,
RACK-R4-Z1-R1-05,Rack,RACK-R4-Z1-R1-05,15,12.75,7.81,12.75,3.12,4.69,0.4,0.6,4.94,0.3875,6.45,0.034,,,,,,,,,,,,,,,,,,,,,,,,,,,,,,,,,,,,,,,,
RACK-R4-Z1-R1-06,Rack,RACK-R4-Z1-R1-06,18,16.2,9.94,16.2,4.08,5.86,0.41,0.59,6.26,0.3864,6.45,0.034,,,,,,,,,,,,,,,,,,,,,,,,,,,,,,,,,,,,,,,,
RACK-R4-Z1-R1-07,Rack,RACK-R4-Z1-R1-07,20,17,11.81,17,6.5,5.31,0.55,0.45,5.19,0.3053,6.45,0.034,,,,,,,,,,,,,,,,,,,,,,,,,,,,,,,,,,,,,,,,
RACK-R4-Z1-R1-08,Rack,RACK-R4-Z1-R1-08,20,17,11.84,17,4.14,7.7,0.35,0.65,5.16,0.3035,6.45,0.034,,,,,,,,,,,,,,,,,,,,,,,,,,,,,,,,,,,,,,,,
RACK-R4-Z1-R1-09,Rack,RACK-R4-Z1-R1-09,25,21.25,14.47,21.25,5.5,8.97,0.38,0.62,6.78,0.3191,6.45,0.034,,,,,,,,,,,,,,,,,,,,,,,,,,,,,,,,,,,,,,,,
RACK-R4-Z1-R1-10,Rack,RACK-R4-Z1-R1-10,20,18,7.03,18,2.88,4.15,0.41,0.59,10.97,0.6094,6.45,0.034,,,,,,,,,,,,,,,,,,,,,,,,,,,,,,,,,,,,,,,,
RACK-R4-Z1-R1-11,Rack,RACK-R4-Z1-R1-11,15,13.5,6.82,13.5,2.18,4.64,0.32,0.68,6.68,0.4948,6.45,0.034,,,,,,,,,,,,,,,,,,,,,,,,,,,,,,,,,,,,,,,,
RACK-R4-Z1-R1-12,Rack,RACK-R4-Z1-R1-12,15,12.75,8.09,12.75,3.24,4.85,0.4,0.6,4.66,0.3655,6.45,0.034,,,,,,,,,,,,,,,,,,,,,,,,,,,,,,,,,,,,,,,,
RACK-R5-Z1W-R1-01,Rack,RACK-R5-Z1W-R1-01,30,26.4,17.79,26.4,4.09,13.7,0.23,0.77,8.61,0.3261,6.96,0.0355,,,,,,,,,,,,,,,,,,,,,,,,,,,,,,,,,,,,,,,,
RACK-R5-Z1W-R1-02,Rack,RACK-R5-Z1W-R1-02,25,22,12.78,22,4.98,7.8,0.39,0.61,9.22,0.4191,6.96,0.0355,,,,,,,,,,,,,,,,,,,,,,,,,,,,,,,,,,,,,,,,
RACK-R5-Z1W-R1-03,Rack,RACK-R5-Z1W-R1-03,30,26.4,15.6,26.4,7.18,8.42,0.46,0.54,10.8,0.4091,6.96,0.0355,,,,,,,,,,,,,,,,,,,,,,,,,,,,,,,,,,,,,,,,
RACK-R5-Z1W-R1-04,Rack,RACK-R5-Z1W-R1-04,35,28.7,19.98,28.7,9.59,10.39,0.48,0.52,8.72,0.3038,6.96,0.0355,,,,,,,,,,,,,,,,,,,,,,,,,,,,,,,,,,,,,,,,
RACK-R5-Z1W-R1-05,Rack,RACK-R5-Z1W-R1-05,20,17.6,6.57,17.6,1.38,5.19,0.21,0.79,11.03,0.6267,6.96,0.0355,,,,,,,,,,,,,,,,,,,,,,,,,,,,,,,,,,,,,,,,
RACK-R5-Z1W-R1-06,Rack,RACK-R5-Z1W-R1-06,20,17.6,6.57,17.6,1.77,4.8,0.27,0.73,11.03,0.6267,7.29,0.0689,,,,,,,,,,,,,,,,,,,,,,,,,,,,,,,,,,,,,,,,
RACK-R5-Z1W-R1-07,Rack,RACK-R5-Z1W-R1-07,30,26.4,20.19,26.4,6.06,14.13,0.3,0.7,6.21,0.2352,7.29,0.0689,,,,,,,,,,,,,,,,,,,,,,,,,,,,,,,,,,,,,,,,
RACK-R5-Z1W-R1-08,Rack,RACK-R5-Z1W-R1-08,20,17.6,10.65,17.6,4.9,5.75,0.46,0.54,6.95,0.3949,7.29,0.0689,,,,,,,,,,,,,,,,,,,,,,,,,,,,,,,,,,,,,,,,
RACK-R5-Z1W-R1-09,Rack,RACK-R5-Z1W-R1-09,30,26.4,18.27,26.4,3.65,14.62,0.2,0.8,8.13,0.308,7.29,0.0689,,,,,,,,,,,,,,,,,,,,,,,,,,,,,,,,,,,,,,,,
RACK-R5-Z1W-R1-10,Rack,RACK-R5-Z1W-R1-10,20,16.4,6.39,16.4,3.13,3.26,0.49,0.51,10.01,0.6104,7.29,0.0689,,,,,,,,,,,,,,,,,,,,,,,,,,,,,,,,,,,,,,,,
RACK-R5-Z1W-R1-11,Rack,RACK-R5-Z1W-R1-11,35,30.8,23.07,30.8,11.07,12,0.48,0.52,7.73,0.251,6.95,0.0627,,,,,,,,,,,,,,,,,,,,,,,,,,,,,,,,,,,,,,,,
RACK-R5-Z1W-R1-12,Rack,RACK-R5-Z1W-R1-12,35,28.7,13.94,28.7,7.25,6.69,0.52,0.48,14.76,0.5143,6.95,0.0627,,,,,,,,,,,,,,,,,,,,,,,,,,,,,,,,,,,,,,,,
RACK-R5-Z1W-R2-01,Rack,RACK-R5-Z1W-R2-01,30,27.6,17.63,27.6,8.29,9.34,0.47,0.53,9.97,0.3612,6.95,0.0627,,,,,,,,,,,,,,,,,,,,,,,,,,,,,,,,,,,,,,,,
RACK-R5-Z1W-R2-02,Rack,RACK-R5-Z1W-R2-02,30,26.4,18.54,26.4,6.67,11.87,0.36,0.64,7.86,0.2977,6.95,0.0627,,,,,,,,,,,,,,,,,,,,,,,,,,,,,,,,,,,,,,,,
RACK-R5-Z1W-R2-03,Rack,RACK-R5-Z1W-R2-03,20,18.4,11.57,18.4,3.12,8.45,0.27,0.73,6.83,0.3712,6.95,0.0627,,,,,,,,,,,,,,,,,,,,,,,,,,,,,,,,,,,,,,,,
RACK-R5-Z1W-R2-04,Rack,RACK-R5-Z1W-R2-04,25,22,9.51,22,2.09,7.42,0.22,0.78,12.49,0.5677,6.95,0.0627,,,,,,,,,,,,,,,,,,,,,,,,,,,,,,,,,,,,,,,,
RACK-R5-Z1W-R2-05,Rack,RACK-R5-Z1W-R2-05,30,24.6,18.16,24.6,9.81,8.35,0.54,0.46,6.44,0.2618,7.09,0.0721,,,,,,,,,,,,,,,,,,,,,,,,,,,,,,,,,,,,,,,,
RACK-R5-Z1W-R2-06,Rack,RACK-R5-Z1W-R2-06,20,17.6,7.52,17.6,3.16,4.36,0.42,0.58,10.08,0.5727,7.09,0.0721,,,,,,,,,,,,,,,,,,,,,,,,,,,,,,,,,,,,,,,,
RACK-R5-Z1W-R2-07,Rack,RACK-R5-Z1W-R2-07,35,30.8,23.71,30.8,13.04,10.67,0.55,0.45,7.09,0.2302,7.09,0.0721,,,,,,,,,,,,,,,,,,,,,,,,,,,,,,,,,,,,,,,,
RACK-R5-Z1W-R2-08,Rack,RACK-R5-Z1W-R2-08,25,20.5,12.01,20.5,3,9.01,0.25,0.75,8.49,0.4141,7.09,0.0721,,,,,,,,,,,,,,,,,,,,,,,,,,,,,,,,,,,,,,,,
RACK-R5-Z1W-R2-09,Rack,RACK-R5-Z1W-R2-09,25,23,16.07,23,6.27,9.8,0.39,0.61,6.93,0.3013,7.09,0.0721,,,,,,,,,,,,,,,,,,,,,,,,,,,,,,,,,,,,,,,,
RACK-R5-Z1W-R2-10,Rack,RACK-R5-Z1W-R2-10,20,17.6,9.85,17.6,2.95,6.89,0.3,0.7,7.75,0.4403,7.09,0.0721,,,,,,,,,,,,,,,,,,,,,,,,,,,,,,,,,,,,,,,,
RACK-R5-Z1W-R2-11,Rack,RACK-R5-Z1W-R2-11,30,26.4,12.98,26.4,5.97,7.01,0.46,0.54,13.42,0.5083,6.96,0.0355,,,,,,,,,,,,,,,,,,,,,,,,,,,,,,,,,,,,,,,,
RACK-R5-Z1W-R2-12,Rack,RACK-R5-Z1W-R2-12,25,20.5,9.74,20.5,2.82,6.92,0.29,0.71,10.76,0.5249,6.96,0.0355,,,,,,,,,,,,,,,,,,,,,,,,,,,,,,,,,,,,,,,,
RACK-R5-Z2E-R1-01,Rack,RACK-R5-Z2E-R1-01,25,22,11.23,22,2.47,8.76,0.22,0.78,10.77,0.4895,6.96,0.0355,,,,,,,,,,,,,,,,,,,,,,,,,,,,,,,,,,,,,,,,
RACK-R5-Z2E-R1-02,Rack,RACK-R5-Z2E-R1-02,25,23,15.04,23,5.72,9.32,0.38,0.62,7.96,0.3461,6.96,0.0355,,,,,,,,,,,,,,,,,,,,,,,,,,,,,,,,,,,,,,,,
RACK-R5-Z2E-R1-03,Rack,RACK-R5-Z2E-R1-03,20,18.4,6.69,18.4,2.41,4.28,0.36,0.64,11.71,0.6364,6.96,0.0355,,,,,,,,,,,,,,,,,,,,,,,,,,,,,,,,,,,,,,,,
RACK-R5-Z2E-R1-04,Rack,RACK-R5-Z2E-R1-04,20,17.6,7.67,17.6,3.91,3.76,0.51,0.49,9.93,0.5642,6.96,0.0355,,,,,,,,,,,,,,,,,,,,,,,,,,,,,,,,,,,,,,,,
RACK-R5-Z2E-R1-05,Rack,RACK-R5-Z2E-R1-05,35,30.8,16.19,30.8,3.4,12.79,0.21,0.79,14.61,0.4744,6.96,0.0355,,,,,,,,,,,,,,,,,,,,,,,,,,,,,,,,,,,,,,,,
RACK-R5-Z2E-R1-06,Rack,RACK-R5-Z2E-R1-06,20,16.4,11.64,16.4,3.14,8.5,0.27,0.73,4.76,0.2902,6.96,0.0355,,,,,,,,,,,,,,,,,,,,,,,,,,,,,,,,,,,,,,,,
RACK-R5-Z2E-R1-07,Rack,RACK-R5-Z2E-R1-07,25,20.5,15,20.5,4.95,10.05,0.33,0.67,5.5,0.2683,6.96,0.0355,,,,,,,,,,,,,,,,,,,,,,,,,,,,,,,,,,,,,,,,
RACK-R5-Z2E-R1-08,Rack,RACK-R5-Z2E-R1-08,35,32.2,22.54,32.2,6.54,16,0.29,0.71,9.66,0.3,6.96,0.0355,,,,,,,,,,,,,,,,,,,,,,,,,,,,,,,,,,,,,,,,
RACK-R5-Z2E-R1-09,Rack,RACK-R5-Z2E-R1-09,20,16.4,10.05,16.4,4.22,5.83,0.42,0.58,6.35,0.3872,6.96,0.0355,,,,,,,,,,,,,,,,,,,,,,,,,,,,,,,,,,,,,,,,
RACK-R5-Z2E-R1-10,Rack,RACK-R5-Z2E-R1-10,30,24.6,13.34,24.6,2.8,10.54,0.21,0.79,11.26,0.4577,6.96,0.0355,,,,,,,,,,,,,,,,,,,,,,,,,,,,,,,,,,,,,,,,
RACK-R5-Z2E-R1-11,Rack,RACK-R5-Z2E-R1-11,20,16.4,5.97,16.4,3.28,2.69,0.55,0.45,10.43,0.636,6.96,0.0355,,,,,,,,,,,,,,,,,,,,,,,,,,,,,,,,,,,,,,,,
RACK-R5-Z2E-R1-12,Rack,RACK-R5-Z2E-R1-12,25,20.5,11.63,20.5,5.7,5.93,0.49,0.51,8.87,0.4327,6.96,0.0355,,,,,,,,,,,,,,,,,,,,,,,,,,,,,,,,,,,,,,,,
RACK-R5-Z2E-R2-01,Rack,RACK-R5-Z2E-R2-01,30,24.6,11.02,24.6,4.63,6.39,0.42,0.58,13.58,0.552,6.96,0.0355,,,,,,,,,,,,,,,,,,,,,,,,,,,,,,,,,,,,,,,,
RACK-R5-Z2E-R2-02,Rack,RACK-R5-Z2E-R2-02,20,17.6,6.57,17.6,2.56,4.01,0.39,0.61,11.03,0.6267,6.96,0.0355,,,,,,,,,,,,,,,,,,,,,,,,,,,,,,,,,,,,,,,,
RACK-R5-Z2E-R2-03,Rack,RACK-R5-Z2E-R2-03,20,17.6,7.17,17.6,3.08,4.09,0.43,0.57,10.43,0.5926,6.96,0.0355,,,,,,,,,,,,,,,,,,,,,,,,,,,,,,,,,,,,,,,,
RACK-R5-Z2E-R2-04,Rack,RACK-R5-Z2E-R2-04,20,18.4,11.17,18.4,2.9,8.27,0.26,0.74,7.23,0.3929,6.96,0.0355,,,,,,,,,,,,,,,,,,,,,,,,,,,,,,,,,,,,,,,,
RACK-R5-Z2E-R2-05,Rack,RACK-R5-Z2E-R2-05,35,30.8,17.57,30.8,7.56,10.01,0.43,0.57,13.23,0.4295,6.96,0.0355,,,,,,,,,,,,,,,,,,,,,,,,,,,,,,,,,,,,,,,,
RACK-R5-Z2E-R2-06,Rack,RACK-R5-Z2E-R2-06,20,17.6,11.91,17.6,5.48,6.43,0.46,0.54,5.69,0.3233,6.96,0.0355,,,,,,,,,,,,,,,,,,,,,,,,,,,,,,,,,,,,,,,,
RACK-R5-Z2E-R2-07,Rack,RACK-R5-Z2E-R2-07,35,30.8,21.44,30.8,4.5,16.94,0.21,0.79,9.36,0.3039,6.96,0.0355,,,,,,,,,,,,,,,,,,,,,,,,,,,,,,,,,,,,,,,,
RACK-R5-Z2E-R2-08,Rack,RACK-R5-Z2E-R2-08,30,27.6,18.83,27.6,5.08,13.75,0.27,0.73,8.77,0.3178,6.96,0.0355,,,,,,,,,,,,,,,,,,,,,,,,,,,,,,,,,,,,,,,,
RACK-R5-Z2E-R2-09,Rack,RACK-R5-Z2E-R2-09,25,20.5,9.77,20.5,3.42,6.35,0.35,0.65,10.73,0.5234,6.96,0.0355,,,,,,,,,,,,,,,,,,,,,,,,,,,,,,,,,,,,,,,,
RACK-R5-Z2E-R2-10,Rack,RACK-R5-Z2E-R2-10,20,16.4,11.1,16.4,3.77,7.33,0.34,0.66,5.3,0.3232,6.96,0.0355,,,,,,,,,,,,,,,,,,,,,,,,,,,,,,,,,,,,,,,,
RACK-R5-Z2E-R2-11,Rack,RACK-R5-Z2E-R2-11,35,28.7,12.59,28.7,3.15,9.44,0.25,0.75,16.11,0.5613,6.96,0.0355,,,,,,,,,,,,,,,,,,,,,,,,,,,,,,,,,,,,,,,,
RACK-R5-Z2E-R2-12,Rack,RACK-R5-Z2E-R2-12,25,23,12.94,23,6.21,6.73,0.48,0.52,10.06,0.4374,6.96,0.0355,,,,,,,,,,,,,,,,,,,,,,,,,,,,,,,,,,,,,,,,
RDHX-RACK-R1-Z1-R1-01,RDHx,RDHx for RACK-R1-Z1-R1-01,,,,,,,,,,,,,,,,,,,,,,,,,,,,,,,,,,,,,,5.55,,,,,,,,,,,,,,
RDHX-RACK-R1-Z1-R1-02,RDHx,RDHx for RACK-R1-Z1-R1-02,,,,,,,,,,,,,,,,,,,,,,,,,,,,,,,,,,,,,,7.58,,,,,,,,,,,,,,
RDHX-RACK-R1-Z1-R1-03,RDHx,RDHx for RACK-R1-Z1-R1-03,,,,,,,,,,,,,,,,,,,,,,,,,,,,,,,,,,,,,,5.49,,,,,,,,,,,,,,
RDHX-RACK-R1-Z1-R1-04,RDHx,RDHx for RACK-R1-Z1-R1-04,,,,,,,,,,,,,,,,,,,,,,,,,,,,,,,,,,,,,,4.5,,,,,,,,,,,,,,
RDHX-RACK-R1-Z1-R1-05,RDHx,RDHx for RACK-R1-Z1-R1-05,,,,,,,,,,,,,,,,,,,,,,,,,,,,,,,,,,,,,,5.89,,,,,,,,,,,,,,
RDHX-RACK-R1-Z1-R1-06,RDHx,RDHx for RACK-R1-Z1-R1-06,,,,,,,,,,,,,,,,,,,,,,,,,,,,,,,,,,,,,,4.68,,,,,,,,,,,,,,
RDHX-RACK-R1-Z1-R2-01,RDHx,RDHx for RACK-R1-Z1-R2-01,,,,,,,,,,,,,,,,,,,,,,,,,,,,,,,,,,,,,,4.85,,,,,,,,,,,,,,
RDHX-RACK-R1-Z1-R2-02,RDHx,RDHx for RACK-R1-Z1-R2-02,,,,,,,,,,,,,,,,,,,,,,,,,,,,,,,,,,,,,,8.82,,,,,,,,,,,,,,
RDHX-RACK-R1-Z1-R2-03,RDHx,RDHx for RACK-R1-Z1-R2-03,,,,,,,,,,,,,,,,,,,,,,,,,,,,,,,,,,,,,,8.24,,,,,,,,,,,,,,
RDHX-RACK-R1-Z1-R2-04,RDHx,RDHx for RACK-R1-Z1-R2-04,,,,,,,,,,,,,,,,,,,,,,,,,,,,,,,,,,,,,,6.1,,,,,,,,,,,,,,
RDHX-RACK-R1-Z1-R2-05,RDHx,RDHx for RACK-R1-Z1-R2-05,,,,,,,,,,,,,,,,,,,,,,,,,,,,,,,,,,,,,,6.31,,,,,,,,,,,,,,
RDHX-RACK-R1-Z1-R2-06,RDHx,RDHx for RACK-R1-Z1-R2-06,,,,,,,,,,,,,,,,,,,,,,,,,,,,,,,,,,,,,,11.42,,,,,,,,,,,,,,
RDHX-RACK-R1-Z2-R1-01,RDHx,RDHx for RACK-R1-Z2-R1-01,,,,,,,,,,,,,,,,,,,,,,,,,,,,,,,,,,,,,,5.86,,,,,,,,,,,,,,
RDHX-RACK-R1-Z2-R1-02,RDHx,RDHx for RACK-R1-Z2-R1-02,,,,,,,,,,,,,,,,,,,,,,,,,,,,,,,,,,,,,,7.36,,,,,,,,,,,,,,
RDHX-RACK-R1-Z2-R1-03,RDHx,RDHx for RACK-R1-Z2-R1-03,,,,,,,,,,,,,,,,,,,,,,,,,,,,,,,,,,,,,,9.36,,,,,,,,,,,,,,
RDHX-RACK-R1-Z2-R1-04,RDHx,RDHx for RACK-R1-Z2-R1-04,,,,,,,,,,,,,,,,,,,,,,,,,,,,,,,,,,,,,,4.53,,,,,,,,,,,,,,
RDHX-RACK-R1-Z2-R1-05,RDHx,RDHx for RACK-R1-Z2-R1-05,,,,,,,,,,,,,,,,,,,,,,,,,,,,,,,,,,,,,,9.58,,,,,,,,,,,,,,
RDHX-RACK-R1-Z2-R1-06,RDHx,RDHx for RACK-R1-Z2-R1-06,,,,,,,,,,,,,,,,,,,,,,,,,,,,,,,,,,,,,,7.22,,,,,,,,,,,,,,
RDHX-RACK-R1-Z2-R2-01,RDHx,RDHx for RACK-R1-Z2-R2-01,,,,,,,,,,,,,,,,,,,,,,,,,,,,,,,,,,,,,,10.47,,,,,,,,,,,,,,
RDHX-RACK-R1-Z2-R2-02,RDHx,RDHx for RACK-R1-Z2-R2-02,,,,,,,,,,,,,,,,,,,,,,,,,,,,,,,,,,,,,,14.21,,,,,,,,,,,,,,
RDHX-RACK-R1-Z2-R2-03,RDHx,RDHx for RACK-R1-Z2-R2-03,,,,,,,,,,,,,,,,,,,,,,,,,,,,,,,,,,,,,,7.69,,,,,,,,,,,,,,
RDHX-RACK-R1-Z2-R2-04,RDHx,RDHx for RACK-R1-Z2-R2-04,,,,,,,,,,,,,,,,,,,,,,,,,,,,,,,,,,,,,,10.8,,,,,,,,,,,,,,
RDHX-RACK-R1-Z2-R2-05,RDHx,RDHx for RACK-R1-Z2-R2-05,,,,,,,,,,,,,,,,,,,,,,,,,,,,,,,,,,,,,,13.41,,,,,,,,,,,,,,
RDHX-RACK-R1-Z2-R2-06,RDHx,RDHx for RACK-R1-Z2-R2-06,,,,,,,,,,,,,,,,,,,,,,,,,,,,,,,,,,,,,,8.43,,,,,,,,,,,,,,
BDL-R1R2,Room Bundle,Room Bundle 01,,,416.68,746.14,,,,,,,176.99,0.2981,48,,,,,,,,,,,,,,,,,,,,,,,,,,,593.67,656.6,624.92,176.99,0.2981,,239.92,0.3654,208.24,0.3332,176.99,0.2981,0.7019
BDL-R3,Room Bundle,Room Bundle 02,,,2156.32,3760.8,,,,,,,-2156.32,,144,,,,,,,,,,,,,,,,,,,,,,,,,,,0,0,7832.01,-2156.32,,,-2156.32,,5675.69,0.7247,-2156.32,,
BDL-R4,Room Bundle,Room Bundle 03,,,224.83,385.75,,,,,,,86.11,0.2769,24,,,,,,,,,,,,,,,,,,,,,,,,,,,310.94,339.46,327.3,86.11,0.2769,,114.63,0.3377,102.47,0.3131,86.11,0.2769,0.7231
BDL-R5,Room Bundle,Room Bundle 04,,,638.16,1092.8,,,,,,,-638.16,,48,,,,,,,,,,,,,,,,,,,,,,,,,,,0,0,1712.8,-638.16,,,-638.16,,1074.64,0.6274,-638.16,,
RPDU-R1,Room PDU,Room PDU for ROOM-1-1,,,172.23,326.4,,,,,115,0.4004,484.37,0.7377,24,,,,,,137.19,0.4434,,,,,,,,,,,,343.91,309.42,287.23,,,,,,,,,,,,,,,,,,
RPDU-R2,Room PDU,Room PDU for ROOM-1-2,,,244.45,419.74,,,,,124.92,0.3382,412.15,0.6277,24,,,,,,150.18,0.3806,,,,,,,,,,,,436.67,394.63,369.37,,,,,,,,,,,,,,,,,,
RPDU-R3-A,Room PDU,RPDU-R3-A,,,0,0,,,,,,,339.46,1,0,,,,,,,,,,,,,,,,,,,,,,,,,,,,,,,,,,,,,,,
RPDU-R4-A,Room PDU,RPDU-R4-A,,,224.83,385.75,,,,,114.63,0.3377,114.63,0.3377,24,,,,,,147.32,0.3959,,,,,,,,,,,,396.58,372.15,339.46,,,,,,,,,,,,,,,,,,
RPDU-R3-B,Room PDU,RPDU-R3-B,,,0,0,,,,,,,339.46,1,0,,,,,,,,,,,,,,,,,,,,,,,,,,,,,,,,,,,,,,,
RPDU-R3R4-B,Room PDU,RPDU-R3R4-B,,,0,0,,,,,,,339.46,1,0,,,,,,,,,,,,,,,,,,,,,,,,,,,,,,,,,,,,,,,
RPDU-R5-A,Room PDU,RPDU-R5-A,,,0,0,,,,,,,,,0,,,,,,,,,,,,,,,,,,,,,,,,,,,,,,,,,,,,,,,
RPDU-R5-B,Room PDU,RPDU-R5-B,,,0,0,,,,,,,,,0,,,,,,,,,,,,,,,,,,,,,,,,,,,,,,,,,,,,,,,
BDL-RPDU-R1R2,Room PDU Bundle,Room PDU Bundle 01,,,416.68,746.14,,,,,,,176.99,0.2981,48,,,,,,,,,,,,,,,,,,,,,,,,,,,593.67,656.6,624.92,176.99,0.2981,,239.92,0.3654,208.24,0.3332,176.99,0.2981,0.7019
BDL-RPDU-R3R4,Room PDU Bundle,Room PDU Bundle 02,,,2381.15,4146.55,,,,,,,-2058.66,-6.3836,168,,,,,,,,,,,,,,,,,,,,,,,,,,,322.49,339.46,8159.31,-2058.66,-6.3836,,-2041.69,-6.0145,5778.16,0.7082,-2058.66,-6.3836,7.3836
BDL-RPDU-R5,Room PDU Bundle,Room PDU Bundle 03,,,638.16,1092.8,,,,,,,-638.16,,48,,,,,,,,,,,,,,,,,,,,,,,,,,,0,0,1712.8,-638.16,,,-638.16,,1074.64,0.6274,-638.16,,
ROW-R1-Z1-R1,Row,Row 1 in ZONE-R1-Z1,,11.5,32.23,69,,,,,36.77,0.5329,27.5,0.2149,12,,,,,,,,,,,,,,,,,,,,,,,,,,,,,,,,,,,,,,,
ROW-R1-Z1-R2,Row,Row 2 in ZONE-R1-Z1,,13.7,44.44,82.2,,,,,37.76,0.4594,25.75,0.1708,12,,,,,,,,,,,,,,,,,,,,,,,,,,,,,,,,,,,,,,,
ROW-R1-Z2-R1,Row,Row 1 in ZONE-R1-Z2,,13.05,40.74,78.3,,,,,37.56,0.4797,27.5,0.2149,12,,,,,,,,,,,,,,,,,,,,,,,,,,,,,,,,,,,,,,,
ROW-R1-Z2-R2,Row,Row 2 in ZONE-R1-Z2,,16.15,54.82,96.9,,,,,42.08,0.4343,25.75,0.1708,12,,,,,,,,,,,,,,,,,,,,,,,,,,,,,,,,,,,,,,,
ROW-R2-Z1-R1,Row,Row 1 in ZONE-R2-Z1,,17.47,57.53,104.8,,,,,47.27,0.451,27.89,0.1528,12,,,,,,,,,,,,,,,,,,,,,,,,,,,,,,,,,,,,,,,
ROW-R2-Z1-R2,Row,Row 2 in ZONE-R2-Z1,,17.62,62,105.74,,,,,43.74,0.4137,26.44,0.155,12,,,,,,,,,,,,,,,,,,,,,,,,,,,,,,,,,,,,,,,
ROW-R2-Z2-R1,Row,Row 1 in ZONE-R2-Z2,,18.48,69.18,110.9,,,,,41.72,0.3762,27.89,0.1528,12,,,,,,,,,,,,,,,,,,,,,,,,,,,,,,,,,,,,,,,
ROW-R2-Z2-R2,Row,Row 2 in ZONE-R2-Z2,,16.38,55.74,98.3,,,,,42.56,0.433,26.44,0.155,12,,,,,,,,,,,,,,,,,,,,,,,,,,,,,,,,,,,,,,,
ROW-R3-Z1W-R1,Row,ROW-R3-Z1W-R1,,11.5,32.23,69,,,,,36.77,0.5329,27.5,0.2149,12,,,,,,,,,,,,,,,,,,,,,,,,,,,,,,,,,,,,,,,
ROW-R3-Z1W-R2,Row,ROW-R3-Z1W-R2,,13.7,44.44,82.2,,,,,37.76,0.4594,25.75,0.1708,12,,,,,,,,,,,,,,,,,,,,,,,,,,,,,,,,,,,,,,,
ROW-R3-Z2W-R1,Row,ROW-R3-Z2W-R1,,13.05,40.74,78.3,,,,,37.56,0.4797,27.5,0.2149,12,,,,,,,,,,,,,,,,,,,,,,,,,,,,,,,,,,,,,,,
ROW-R3-Z2W-R2,Row,ROW-R3-Z2W-R2,,16.15,54.82,96.9,,,,,42.08,0.4343,25.75,0.1708,12,,,,,,,,,,,,,,,,,,,,,,,,,,,,,,,,,,,,,,,
ROW-R3-Z3W-R1,Row,ROW-R3-Z3W-R1,,17.47,57.53,104.8,,,,,47.27,0.451,27.89,0.1528,12,,,,,,,,,,,,,,,,,,,,,,,,,,,,,,,,,,,,,,,
ROW-R3-Z3W-R2,Row,ROW-R3-Z3W-R2,,17.62,62,105.74,,,,,43.74,0.4137,26.44,0.155,12,,,,,,,,,,,,,,,,,,,,,,,,,,,,,,,,,,,,,,,
ROW-R3-Z4E-R1,Row,ROW-R3-Z4E-R1,,18.48,69.18,110.9,,,,,41.72,0.3762,27.89,0.1528,12,,,,,,,,,,,,,,,,,,,,,,,,,,,,,,,,,,,,,,,
ROW-R3-Z4E-R2,Row,ROW-R3-Z4E-R2,,16.38,55.74,98.3,,,,,42.56,0.433,26.44,0.155,12,,,,,,,,,,,,,,,,,,,,,,,,,,,,,,,,,,,,,,,
ROW-R3-Z5E-R1,Row,ROW-R3-Z5E-R1,,11.5,32.23,69,,,,,36.77,0.5329,27.5,0.2149,12,,,,,,,,,,,,,,,,,,,,,,,,,,,,,,,,,,,,,,,
ROW-R3-Z5E-R2,Row,ROW-R3-Z5E-R2,,13.7,44.44,82.2,,,,,37.76,0.4594,25.75,0.1708,12,,,,,,,,,,,,,,,,,,,,,,,,,,,,,,,,,,,,,,,
ROW-R3-Z6E-R1,Row,ROW-R3-Z6E-R1,,13.05,40.74,78.3,,,,,37.56,0.4797,27.5,0.2149,12,,,,,,,,,,,,,,,,,,,,,,,,,,,,,,,,,,,,,,,
ROW-R3-Z6E-R2,Row,ROW-R3-Z6E-R2,,13.05,40.74,78.3,,,,,37.56,0.4797,27.5,0.2149,12,,,,,,,,,,,,,,,,,,,,,,,,,,,,,,,,,,,,,,,
ROW-R4-Z1-R2,Row,ROW-R4-Z1-R2,,16.34,112.49,196.05,,,,,83.56,0.4262,61.11,0.352,12,,,,,,,,,,,,,,,,,,,,,,,,,,,,,,,,,,,,,,,
ROW-R4-Z1-R1,Row,ROW-R4-Z1-R1,,15.81,112.34,189.7,,,,,77.36,0.4078,46.58,0.2931,12,,,,,,,,,,,,,,,,,,,,,,,,,,,,,,,,,,,,,,,
ROW-R5-Z1W-R1,Row,ROW-R5-Z1W-R1,,13.05,40.74,78.3,,,,,37.56,0.4797,27.5,0.2149,12,,,,,,,,,,,,,,,,,,,,,,,,,,,,,,,,,,,,,,,
ROW-R5-Z1W-R2,Row,ROW-R5-Z1W-R2,,13.05,40.74,78.3,,,,,37.56,0.4797,27.5,0.2149,12,,,,,,,,,,,,,,,,,,,,,,,,,,,,,,,,,,,,,,,
ROW-R5-Z2E-R1,Row,ROW-R5-Z2E-R1,,13.05,40.74,78.3,,,,,37.56,0.4797,27.5,0.2149,12,,,,,,,,,,,,,,,,,,,,,,,,,,,,,,,,,,,,,,,
ROW-R5-Z2E-R2,Row,ROW-R5-Z2E-R2,,13.05,40.74,78.3,,,,,37.56,0.4797,27.5,0.2149,12,,,,,,,,,,,,,,,,,,,,,,,,,,,,,,,,,,,,,,,
RPP-R1-1,RPP,RPP 1 for ROOM-1-1,,,72.97,147.3,,,,,,,,,12,,,144.14,127.97,130.17,55,0.4298,,,,,,,,,,,,,,,,,,,,,,,,,,,,,,,,
RPP-R1-2,RPP,RPP 2 for ROOM-1-1,,,99.26,179.1,,,,,,,,,12,,,162.14,150.76,151.77,51.5,0.3416,,,,,,,,,,,,,,,,,,,,,,,,,,,,,,,,
RPP-R2-1,RPP,RPP 1 for ROOM-1-2,,,126.71,215.7,,,,,,,,,12,,,206.45,182.49,197.18,55.78,0.3057,,,,,,,,,,,,,,,,,,,,,,,,,,,,,,,,
RPP-R2-2,RPP,RPP 2 for ROOM-1-2,,,117.74,204.04,,,,,,,,,12,,,181.53,170.62,186.19,52.88,0.3099,,,,,,,,,,,,,,,,,,,,,,,,,,,,,,,,
RPP-R3-A1,RPP,RPP-R3-A1,,,0,0,,,,,,,,,12,,,,,,,,,,,,,,,,,,,,,,,,,,,,,,,,,,,,,,,
RPP-R3-A2,RPP,RPP-R3-A2,,,0,0,,,,,,,,,12,,,,,,,,,,,,,,,,,,,,,,,,,,,,,,,,,,,,,,,
RPP-R3-A3,RPP,RPP-R3-A3,,,0,0,,,,,,,,,12,,,,,,,,,,,,,,,,,,,,,,,,,,,,,,,,,,,,,,,
RPP-R3-A4,RPP,RPP-R3-A4,,,0,0,,,,,,,,,12,,,,,,,,,,,,,,,,,,,,,,,,,,,,,,,,,,,,,,,
RPP-R4-A5,RPP,RPP-R4-A5,,,112.34,189.7,,,,,,,,,12,,,177.56,158.92,160.29,46.58,0.2931,,,,,,,,,,,,,,,,,,,,,,,,,,,,,,,,
RPP-R4-A6,RPP,RPP-R4-A6,,,112.49,196.05,,,,,,,,,12,,,197.94,173.6,184.72,61.11,0.352,,,,,,,,,,,,,,,,,,,,,,,,,,,,,,,,
RPP-R5-A1,RPP,RPP-R5-A1,,,0,0,,,,,,,,,12,,,,,,,,,,,,,,,,,,,,,,,,,,,,,,,,,,,,,,,
RPP-R5-A2,RPP,RPP-R5-A2,,,0,0,,,,,,,,,12,,,,,,,,,,,,,,,,,,,,,,,,,,,,,,,,,,,,,,,
RPP-R5-A3,RPP,RPP-R5-A3,,,0,0,,,,,,,,,12,,,,,,,,,,,,,,,,,,,,,,,,,,,,,,,,,,,,,,,
RPP-R5-A4,RPP,RPP-R5-A4,,,0,0,,,,,,,,,12,,,,,,,,,,,,,,,,,,,,,,,,,,,,,,,,,,,,,,,
RPP-R3-B1,RPP,RPP-R3-B1,,,0,0,,,,,,,,,12,,,,,,,,,,,,,,,,,,,,,,,,,,,,,,,,,,,,,,,
RPP-R3-B2,RPP,RPP-R3-B2,,,0,0,,,,,,,,,12,,,,,,,,,,,,,,,,,,,,,,,,,,,,,,,,,,,,,,,
RPP-R3-B3,RPP,RPP-R3-B3,,,0,0,,,,,,,,,12,,,,,,,,,,,,,,,,,,,,,,,,,,,,,,,,,,,,,,,
RPP-R3-B4,RPP,RPP-R3-B4,,,0,0,,,,,,,,,12,,,,,,,,,,,,,,,,,,,,,,,,,,,,,,,,,,,,,,,
RPP-R4-B5,RPP,RPP-R4-B5,,,0,0,,,,,,,,,12,,,,,,,,,,,,,,,,,,,,,,,,,,,,,,,,,,,,,,,
RPP-R4-B6,RPP,RPP-R4-B6,,,0,0,,,,,,,,,12,,,,,,,,,,,,,,,,,,,,,,,,,,,,,,,,,,,,,,,
RPP-R5-B1,RPP,RPP-R5-B1,,,0,0,,,,,,,,,12,,,,,,,,,,,,,,,,,,,,,,,,,,,,,,,,,,,,,,,
RPP-R5-B2,RPP,RPP-R5-B2,,,0,0,,,,,,,,,12,,,,,,,,,,,,,,,,,,,,,,,,,,,,,,,,,,,,,,,
RPP-R5-B3,RPP,RPP-R5-B3,,,0,0,,,,,,,,,12,,,,,,,,,,,,,,,,,,,,,,,,,,,,,,,,,,,,,,,
RPP-R5-B4,RPP,RPP-R5-B4,,,0,0,,,,,,,,,12,,,,,,,,,,,,,,,,,,,,,,,,,,,,,,,,,,,,,,,
UPS-01,UPS,UPS 01,,,416.68,746.14,,,,,239.92,0.3654,272.07,0.395,48,,,,,,272.07,0.395,,,,,,,,,,,,,,,790.25,688.75,656.6,,,,,,,,,,,,,,,
UPS-02-A,UPS,UPS-02-A,,,224.83,385.75,,,,,114.63,0.3377,132.13,0.3702,24,,,,,,132.13,0.3702,,,,,,,,,,,,,,,406.77,356.96,339.46,,,,,,,,,,,,,,,
UPS-02-B,UPS,UPS-02-B,,,0,0,,,,,,,,,0,,,,,,,,,,,,,,,,,,,,,,,,,,,,,,,,,,,,,,,
BDL-UPS-01,UPS Bundle,UPS Bundle 01,,,416.68,746.14,,,,,,,176.99,0.2981,48,,,,,,,,,,,,,,,,,,,,,,,,,,,593.67,656.6,624.92,176.99,0.2981,,239.92,0.3654,208.24,0.3332,176.99,0.2981,0.7019
BDL-UPS-02,UPS Bundle,UPS Bundle 02,,,3019.31,5239.35,,,,,,,-2696.82,-8.3625,216,,,,,,,,,,,,,,,,,,,,,,,,,,,322.49,339.46,9872.11,-2696.82,-8.3625,,-2679.85,-7.8945,6852.8,0.6942,-2696.82,-8.3625,9.3625
