node_id,node_type,name,Rack_Circuit_Capacity_(design),Rack_Circuit_Capacity_(rated),Rack_LiquidCool_Fraction,Rack_AirCool_Fraction,RDHx_MaxHeat_Removal,DTC_MaxCool_Capacity,RPP_Panel_Capacity_(design),RPP_BreakerPole_Capacity,Rack_Count,LL_Cooling_Capacity,Loop_Supply_Setpoint,Loop_DeltaT_(design),LL.Maximum_Flow_Rate,AirZone_Cooling_Capacity,Rack_DeltaT_(design),Maximum_Air_Flow,Rated_Cooling_Capacity,ColdAisle_Supply_Temp,Rack_Inlet_Setpoint,RPDU_Operational_Cap,RPDU_Design_Capacity,RPDU_Transformer_Rating,UPS_Operational_Cap,UPS_Design_Capacity,UPS_Rated_Capacity,Capacity_Envelope,Pump_Capacity
ACU-01-A,Air Cooling Unit,Air Cooling Unit ACU-01-A,,,,,,,,,,,,,,,,6.944444444,100,,,,,,,,,,
ACU-01-B,Air Cooling Unit,Air Cooling Unit ACU-01-B,,,,,,,,,,,,,,,,6.944444444,100,,,,,,,,,,
ACU-02-A,Air Cooling Unit,Air Cooling Unit ACU-02-A,,,,,,,,,,,,,,,,6.944444444,100,,,,,,,,,,
ACU-02-B,Air Cooling Unit,Air Cooling Unit ACU-02-B,,,,,,,,,,,,,,,,6.944444444,100,,,,,,,,,,
CRAH-AZ-R3-E1-01,Air Cooling Unit,CRAH-AZ-R3-E1-01,,,,,,,,,,,,,,,,6.944444444,100,,,,,,,,,,
CRAH-AZ-R3-E1-02,Air Cooling Unit,CRAH-AZ-R3-E1-02,,,,,,,,,,,,,,,,6.944444444,100,,,,,,,,,,
CRAH-AZ-R3-E1-03,Air Cooling Unit,CRAH-AZ-R3-E1-03,,,,,,,,,,,,,,,,6.944444444,100,,,,,,,,,,
CRAH-AZ-R3-E1-04,Air Cooling Unit,CRAH-AZ-R3-E1-04,,,,,,,,,,,,,,,,6.944444444,100,,,,,,,,,,
CRAH-AZ-R3-E1-05,Air Cooling Unit,CRAH-AZ-R3-E1-05,,,,,,,,,,,,,,,,6.944444444,100,,,,,,,,,,
CRAH-AZ-R3-E2-01,Air Cooling Unit,CRAH-AZ-R3-E2-01,,,,,,,,,,,,,,,,6.944444444,100,,,,,,,,,,
CRAH-AZ-R3-E2-02,Air Cooling Unit,CRAH-AZ-R3-E2-02,,,,,,,,,,,,,,,,6.944444444,100,,,,,,,,,,
CRAH-AZ-R3-E2-03,Air Cooling Unit,CRAH-AZ-R3-E2-03,,,,,,,,,,,,,,,,6.944444444,100,,,,,,,,,,
CRAH-AZ-R3-W1-01,Air Cooling Unit,CRAH-AZ-R3-W1-01,,,,,,,,,,,,,,,,6.944444444,100,,,,,,,,,,
CRAH-AZ-R3-W1-02,Air Cooling Unit,CRAH-AZ-R3-W1-02,,,,,,,,,,,,,,,,6.944444444,100,,,,,,,,,,
CRAH-AZ-R3-W1-03,Air Cooling Unit,CRAH-AZ-R3-W1-03,,,,,,,,,,,,,,,,6.944444444,100,,,,,,,,,,
CRAH-AZ-R3-W1-04,Air Cooling Unit,CRAH-AZ-R3-W1-04,,,,,,,,,,,,,,,,6.944444444,100,,,,,,,,,,
CRAH-AZ-R3-W1-05,Air Cooling Unit,CRAH-AZ-R3-W1-05,,,,,,,,,,,,,,,,6.944444444,100,,,,,,,,,,
CRAH-AZ-R3-W2-01,Air Cooling Unit,CRAH-AZ-R3-W2-01,,,,,,,,,,,,,,,,6.944444444,100,,,,,,,,,,
CRAH-AZ-R3-W2-02,Air Cooling Unit,CRAH-AZ-R3-W2-02,,,,,,,,,,,,,,,,6.944444444,100,,,,,,,,,,
CRAH-AZ-R3-W2-03,Air Cooling Unit,CRAH-AZ-R3-W2-03,,,,,,,,,,,,,,,,6.944444444,100,,,,,,,,,,
CRAH-AZ-R4-01,Air Cooling Unit,CRAH-AZ-R4-01,,,,,,,,,,,,,,,,6.944444444,100,,,,,,,,,,
CRAH-AZ-R4-02,Air Cooling Unit,CRAH-AZ-R4-02,,,,,,,,,,,,,,,,6.944444444,100,,,,,,,,,,
CRAH-AZ-R4-03,Air Cooling Unit,CRAH-AZ-R4-03,,,,,,,,,,,,,,,,6.944444444,100,,,,,,,,,,
CRAH-AZ-R5-W-01,Air Cooling Unit,CRAH-AZ-R5-W-01,,,,,,,,,,,,,,,,6.944444444,100,,,,,,,,,,
CRAH-AZ-R5-W-02,Air Cooling Unit,CRAH-AZ-R5-W-02,,,,,,,,,,,,,,,,6.944444444,100,,,,,,,,,,
CRAH-AZ-R5-W-03,Air Cooling Unit,CRAH-AZ-R5-W-03,,,,,,,,,,,,,,,,6.944444444,100,,,,,,,,,,
CRAH-AZ-R5-W-04,Air Cooling Unit,CRAH-AZ-R5-W-04,,,,,,,,,,,,,,,,6.944444444,100,,,,,,,,,,
CRAH-AZ-R5-E-05,Air Cooling Unit,CRAH-AZ-R5-E-05,,,,,,,,,,,,,,,,6.944444444,100,,,,,,,,,,
CRAH-AZ-R5-E-06,Air Cooling Unit,CRAH-AZ-R5-E-06,,,,,,,,,,,,,,,,6.944444444,100,,,,,,,,,,
CRAH-AZ-R5-E-07,Air Cooling Unit,CRAH-AZ-R5-E-07,,,,,,,,,,,,,,,,6.944444444,100,,,,,,,,,,
CRAH-AZ-R5-E-08,Air Cooling Unit,CRAH-AZ-R5-E-08,,,,,,,,,,,,,,,,6.944444444,100,,,,,,,,,,
AIRZONE-R1,Air Zone,Air Zone for ROOM-1-1,,,,,,,,,,,,,,270,12,18.75,,24,27,,,,,,,,
AIRZONE-R2,Air Zone,Air Zone for ROOM-1-2,,,,,,,,,,,,,,270,12,18.75,,24,27,,,,,,,,
AIRZONE-R3-E1,Air Zone,AIRZONE-R3-E1,,,,,,,,,,,,,,240,12,16.66666667,,24,27,,,,,,,,
AIRZONE-R3-E2,Air Zone,AIRZONE-R3-E2,,,,,,,,,,,,,,180,12,12.5,,24,27,,,,,,,,
AIRZONE-R3-W1,Air Zone,AIRZONE-R3-W1,,,,,,,,,,,,,,240,12,16.66666667,,24,27,,,,,,,,
AIRZONE-R3-W2,Air Zone,AIRZONE-R3-W2,,,,,,,,,,,,,,180,12,12.5,,24,27,,,,,,,,
AIRZONE-R4,Air Zone,AIRZONE-R4,,,,,,,,,,,,,,180,12,12.5,,24,27,,,,,,,,
AIRZONE-R5-W,Air Zone,AIRZONE-R5-W,,,,,,,,,,,,,,270,12,18.75,,24,27,,,,,,,,
AIRZONE-R5-E,Air Zone,AIRZONE-R5-E,,,,,,,,,,,,,,270,12,18.75,,24,27,,,,,,,,
CC-R1R2,Capacity Cell,Capacity Cell R1R2,,,,,,,,,,,,,,,,,,,,,,,,,,920,
CC-R3,Capacity Cell,Capacity Cell R3,,,,,,,,,,,,,,,,,,,,,,,,,,3680,
CC-R4,Capacity Cell,Capacity Cell R4,,,,,,,,,,,,,,,,,,,,,,,,,,680,
CC-R5E,Capacity Cell,Capacity Cell R5E,,,,,,,,,,,,,,,,,,,,,,,,,,1770,
CC-R5W,Capacity Cell,Capacity Cell R5W,,,,,,,,,,,,,,,,,,,,,,,,,,1770,
CDU-R1,CDU,CDU for ROOM-1-1,,,,,,,,,,,,,,,,,250,,,,,,,,,,6
CDU-R2,CDU,CDU for ROOM-1-2,,,,,,,,,,,,,,,,,250,,,,,,,,,,6
CDU-R3-E,CDU,CDU-R3-E,,,,,,,,,,,,,,,,,2200,,,,,,,,,,52
CDU-R3-W,CDU,CDU-R3-W,,,,,,,,,,,,,,,,,1200,,,,,,,,,,29
CDU-R4,CDU,CDU-R4,,,,,,,,,,,,,,,,,600,,,,,,,,,,14
CDU-R5-W,CDU,CDU-R5-W,,,,,,,,,,,,,,,,,1800,,,,,,,,,,43
CDU-R5-E,CDU,CDU-R5-E,,,,,,,,,,,,,,,,,1800,,,,,,,,,,43
DTC-RACK-R2-Z1-R1-01,DTC,DTC for RACK-R2-Z1-R1-01,,,,,,8.333333333,,,,,,,,,,,,,,,,,,,,,
DTC-RACK-R2-Z1-R1-02,DTC,DTC for RACK-R2-Z1-R1-02,,,,,,8.333333333,,,,,,,,,,,,,,,,,,,,,
DTC-RACK-R2-Z1-R1-03,DTC,DTC for RACK-R2-Z1-R1-03,,,,,,8.333333333,,,,,,,,,,,,,,,,,,,,,
DTC-RACK-R2-Z1-R1-04,DTC,DTC for RACK-R2-Z1-R1-04,,,,,,8.333333333,,,,,,,,,,,,,,,,,,,,,
DTC-RACK-R2-Z1-R1-05,DTC,DTC for RACK-R2-Z1-R1-05,,,,,,8.333333333,,,,,,,,,,,,,,,,,,,,,
DTC-RACK-R2-Z1-R1-06,DTC,DTC for RACK-R2-Z1-R1-06,,,,,,8.333333333,,,,,,,,,,,,,,,,,,,,,
DTC-RACK-R2-Z1-R2-01,DTC,DTC for RACK-R2-Z1-R2-01,,,,,,8.333333333,,,,,,,,,,,,,,,,,,,,,
DTC-RACK-R2-Z1-R2-02,DTC,DTC for RACK-R2-Z1-R2-02,,,,,,8.333333333,,,,,,,,,,,,,,,,,,,,,
DTC-RACK-R2-Z1-R2-03,DTC,DTC for RACK-R2-Z1-R2-03,,,,,,8.333333333,,,,,,,,,,,,,,,,,,,,,
DTC-RACK-R2-Z1-R2-04,DTC,DTC for RACK-R2-Z1-R2-04,,,,,,8.333333333,,,,,,,,,,,,,,,,,,,,,
DTC-RACK-R2-Z1-R2-05,DTC,DTC for RACK-R2-Z1-R2-05,,,,,,8.333333333,,,,,,,,,,,,,,,,,,,,,
DTC-RACK-R2-Z1-R2-06,DTC,DTC for RACK-R2-Z1-R2-06,,,,,,8.333333333,,,,,,,,,,,,,,,,,,,,,
DTC-RACK-R2-Z2-R1-01,DTC,DTC for RACK-R2-Z2-R1-01,,,,,,8.333333333,,,,,,,,,,,,,,,,,,,,,
DTC-RACK-R2-Z2-R1-02,DTC,DTC for RACK-R2-Z2-R1-02,,,,,,8.333333333,,,,,,,,,,,,,,,,,,,,,
DTC-RACK-R2-Z2-R1-03,DTC,DTC for RACK-R2-Z2-R1-03,,,,,,8.333333333,,,,,,,,,,,,,,,,,,,,,
DTC-RACK-R2-Z2-R1-04,DTC,DTC for RACK-R2-Z2-R1-04,,,,,,8.333333333,,,,,,,,,,,,,,,,,,,,,
DTC-RACK-R2-Z2-R1-05,DTC,DTC for RACK-R2-Z2-R1-05,,,,,,8.333333333,,,,,,,,,,,,,,,,,,,,,
DTC-RACK-R2-Z2-R1-06,DTC,DTC for RACK-R2-Z2-R1-06,,,,,,8.333333333,,,,,,,,,,,,,,,,,,,,,
DTC-RACK-R2-Z2-R2-01,DTC,DTC for RACK-R2-Z2-R2-01,,,,,,8.333333333,,,,,,,,,,,,,,,,,,,,,
DTC-RACK-R2-Z2-R2-02,DTC,DTC for RACK-R2-Z2-R2-02,,,,,,8.333333333,,,,,,,,,,,,,,,,,,,,,
DTC-RACK-R2-Z2-R2-03,DTC,DTC for RACK-R2-Z2-R2-03,,,,,,8.333333333,,,,,,,,,,,,,,,,,,,,,
DTC-RACK-R2-Z2-R2-04,DTC,DTC for RACK-R2-Z2-R2-04,,,,,,8.333333333,,,,,,,,,,,,,,,,,,,,,
DTC-RACK-R2-Z2-R2-05,DTC,DTC for RACK-R2-Z2-R2-05,,,,,,8.333333333,,,,,,,,,,,,,,,,,,,,,
DTC-RACK-R2-Z2-R2-06,DTC,DTC for RACK-R2-Z2-R2-06,,,,,,8.333333333,,,,,,,,,,,,,,,,,,,,,
DTC-RACK-R3-Z1W-R1-01,DTC,DTC-RACK-R3-Z1W-R1-01,,,,,,25,,,,,,,,,,,,,,,,,,,,,
DTC-RACK-R3-Z1W-R1-02,DTC,DTC-RACK-R3-Z1W-R1-02,,,,,,25,,,,,,,,,,,,,,,,,,,,,
DTC-RACK-R3-Z1W-R1-03,DTC,DTC-RACK-R3-Z1W-R1-03,,,,,,25,,,,,,,,,,,,,,,,,,,,,
DTC-RACK-R3-Z1W-R1-04,DTC,DTC-RACK-R3-Z1W-R1-04,,,,,,25,,,,,,,,,,,,,,,,,,,,,
DTC-RACK-R3-Z1W-R1-05,DTC,DTC-RACK-R3-Z1W-R1-05,,,,,,25,,,,,,,,,,,,,,,,,,,,,
DTC-RACK-R3-Z1W-R1-06,DTC,DTC-RACK-R3-Z1W-R1-06,,,,,,25,,,,,,,,,,,,,,,,,,,,,
DTC-RACK-R3-Z1W-R1-07,DTC,DTC-RACK-R3-Z1W-R1-07,,,,,,25,,,,,,,,,,,,,,,,,,,,,
DTC-RACK-R3-Z1W-R1-08,DTC,DTC-RACK-R3-Z1W-R1-08,,,,,,25,,,,,,,,,,,,,,,,,,,,,
DTC-RACK-R3-Z1W-R1-09,DTC,DTC-RACK-R3-Z1W-R1-09,,,,,,25,,,,,,,,,,,,,,,,,,,,,
DTC-RACK-R3-Z1W-R1-10,DTC,DTC-RACK-R3-Z1W-R1-10,,,,,,25,,,,,,,,,,,,,,,,,,,,,
DTC-RACK-R3-Z1W-R1-11,DTC,DTC-RACK-R3-Z1W-R1-11,,,,,,25,,,,,,,,,,,,,,,,,,,,,
DTC-RACK-R3-Z1W-R1-12,DTC,DTC-RACK-R3-Z1W-R1-12,,,,,,25,,,,,,,,,,,,,,,,,,,,,
DTC-RACK-R3-Z1W-R2-01,DTC,DTC-RACK-R3-Z1W-R2-01,,,,,,25,,,,,,,,,,,,,,,,,,,,,
DTC-RACK-R3-Z1W-R2-02,DTC,DTC-RACK-R3-Z1W-R2-02,,,,,,25,,,,,,,,,,,,,,,,,,,,,
DTC-RACK-R3-Z1W-R2-03,DTC,DTC-RACK-R3-Z1W-R2-03,,,,,,25,,,,,,,,,,,,,,,,,,,,,
DTC-RACK-R3-Z1W-R2-04,DTC,DTC-RACK-R3-Z1W-R2-04,,,,,,25,,,,,,,,,,,,,,,,,,,,,
DTC-RACK-R3-Z1W-R2-05,DTC,DTC-RACK-R3-Z1W-R2-05,,,,,,25,,,,,,,,,,,,,,,,,,,,,
DTC-RACK-R3-Z1W-R2-06,DTC,DTC-RACK-R3-Z1W-R2-06,,,,,,25,,,,,,,,,,,,,,,,,,,,,
DTC-RACK-R3-Z1W-R2-07,DTC,DTC-RACK-R3-Z1W-R2-07,,,,,,25,,,,,,,,,,,,,,,,,,,,,
DTC-RACK-R3-Z1W-R2-08,DTC,DTC-RACK-R3-Z1W-R2-08,,,,,,25,,,,,,,,,,,,,,,,,,,,,
DTC-RACK-R3-Z1W-R2-09,DTC,DTC-RACK-R3-Z1W-R2-09,,,,,,25,,,,,,,,,,,,,,,,,,,,,
DTC-RACK-R3-Z1W-R2-10,DTC,DTC-RACK-R3-Z1W-R2-10,,,,,,25,,,,,,,,,,,,,,,,,,,,,
DTC-RACK-R3-Z1W-R2-11,DTC,DTC-RACK-R3-Z1W-R2-11,,,,,,25,,,,,,,,,,,,,,,,,,,,,
DTC-RACK-R3-Z1W-R2-12,DTC,DTC-RACK-R3-Z1W-R2-12,,,,,,25,,,,,,,,,,,,,,,,,,,,,
DTC-RACK-R3-Z2W-R1-01,DTC,DTC-RACK-R3-Z2W-R1-01,,,,,,25,,,,,,,,,,,,,,,,,,,,,
DTC-RACK-R3-Z2W-R1-02,DTC,DTC-RACK-R3-Z2W-R1-02,,,,,,25,,,,,,,,,,,,,,,,,,,,,
DTC-RACK-R3-Z2W-R1-03,DTC,DTC-RACK-R3-Z2W-R1-03,,,,,,25,,,,,,,,,,,,,,,,,,,,,
DTC-RACK-R3-Z2W-R1-04,DTC,DTC-RACK-R3-Z2W-R1-04,,,,,,25,,,,,,,,,,,,,,,,,,,,,
DTC-RACK-R3-Z2W-R1-05,DTC,DTC-RACK-R3-Z2W-R1-05,,,,,,25,,,,,,,,,,,,,,,,,,,,,
DTC-RACK-R3-Z2W-R1-06,DTC,DTC-RACK-R3-Z2W-R1-06,,,,,,25,,,,,,,,,,,,,,,,,,,,,
DTC-RACK-R3-Z2W-R1-07,DTC,DTC-RACK-R3-Z2W-R1-07,,,,,,25,,,,,,,,,,,,,,,,,,,,,
DTC-RACK-R3-Z2W-R1-08,DTC,DTC-RACK-R3-Z2W-R1-08,,,,,,25,,,,,,,,,,,,,,,,,,,,,
DTC-RACK-R3-Z2W-R1-09,DTC,DTC-RACK-R3-Z2W-R1-09,,,,,,25,,,,,,,,,,,,,,,,,,,,,
DTC-RACK-R3-Z2W-R1-10,DTC,DTC-RACK-R3-Z2W-R1-10,,,,,,25,,,,,,,,,,,,,,,,,,,,,
DTC-RACK-R3-Z2W-R1-11,DTC,DTC-RACK-R3-Z2W-R1-11,,,,,,25,,,,,,,,,,,,,,,,,,,,,
DTC-RACK-R3-Z2W-R1-12,DTC,DTC-RACK-R3-Z2W-R1-12,,,,,,25,,,,,,,,,,,,,,,,,,,,,
DTC-RACK-R3-Z2W-R2-01,DTC,DTC-RACK-R3-Z2W-R2-01,,,,,,25,,,,,,,,,,,,,,,,,,,,,
DTC-RACK-R3-Z2W-R2-02,DTC,DTC-RACK-R3-Z2W-R2-02,,,,,,25,,,,,,,,,,,,,,,,,,,,,
DTC-RACK-R3-Z2W-R2-03,DTC,DTC-RACK-R3-Z2W-R2-03,,,,,,25,,,,,,,,,,,,,,,,,,,,,
DTC-RACK-R3-Z2W-R2-04,DTC,DTC-RACK-R3-Z2W-R2-04,,,,,,25,,,,,,,,,,,,,,,,,,,,,
DTC-RACK-R3-Z2W-R2-05,DTC,DTC-RACK-R3-Z2W-R2-05,,,,,,25,,,,,,,,,,,,,,,,,,,,,
DTC-RACK-R3-Z2W-R2-06,DTC,DTC-RACK-R3-Z2W-R2-06,,,,,,25,,,,,,,,,,,,,,,,,,,,,
DTC-RACK-R3-Z2W-R2-07,DTC,DTC-RACK-R3-Z2W-R2-07,,,,,,25,,,,,,,,,,,,,,,,,,,,,
DTC-RACK-R3-Z2W-R2-08,DTC,DTC-RACK-R3-Z2W-R2-08,,,,,,25,,,,,,,,,,,,,,,,,,,,,
DTC-RACK-R3-Z2W-R2-09,DTC,DTC-RACK-R3-Z2W-R2-09,,,,,,25,,,,,,,,,,,,,,,,,,,,,
DTC-RACK-R3-Z2W-R2-10,DTC,DTC-RACK-R3-Z2W-R2-10,,,,,,25,,,,,,,,,,,,,,,,,,,,,
DTC-RACK-R3-Z2W-R2-11,DTC,DTC-RACK-R3-Z2W-R2-11,,,,,,25,,,,,,,,,,,,,,,,,,,,,
DTC-RACK-R3-Z2W-R2-12,DTC,DTC-RACK-R3-Z2W-R2-12,,,,,,25,,,,,,,,,,,,,,,,,,,,,
DTC-RACK-R3-Z3W-R1-01,DTC,DTC-RACK-R3-Z3W-R1-01,,,,,,25,,,,,,,,,,,,,,,,,,,,,
DTC-RACK-R3-Z3W-R1-02,DTC,DTC-RACK-R3-Z3W-R1-02,,,,,,25,,,,,,,,,,,,,,,,,,,,,
DTC-RACK-R3-Z3W-R1-03,DTC,DTC-RACK-R3-Z3W-R1-03,,,,,,25,,,,,,,,,,,,,,,,,,,,,
DTC-RACK-R3-Z3W-R1-04,DTC,DTC-RACK-R3-Z3W-R1-04,,,,,,25,,,,,,,,,,,,,,,,,,,,,
DTC-RACK-R3-Z3W-R1-05,DTC,DTC-RACK-R3-Z3W-R1-05,,,,,,25,,,,,,,,,,,,,,,,,,,,,
DTC-RACK-R3-Z3W-R1-06,DTC,DTC-RACK-R3-Z3W-R1-06,,,,,,25,,,,,,,,,,,,,,,,,,,,,
DTC-RACK-R3-Z3W-R1-07,DTC,DTC-RACK-R3-Z3W-R1-07,,,,,,25,,,,,,,,,,,,,,,,,,,,,
DTC-RACK-R3-Z3W-R1-08,DTC,DTC-RACK-R3-Z3W-R1-08,,,,,,25,,,,,,,,,,,,,,,,,,,,,
DTC-RACK-R3-Z3W-R1-09,DTC,DTC-RACK-R3-Z3W-R1-09,,,,,,25,,,,,,,,,,,,,,,,,,,,,
DTC-RACK-R3-Z3W-R1-10,DTC,DTC-RACK-R3-Z3W-R1-10,,,,,,25,,,,,,,,,,,,,,,,,,,,,
DTC-RACK-R3-Z3W-R1-11,DTC,DTC-RACK-R3-Z3W-R1-11,,,,,,25,,,,,,,,,,,,,,,,,,,,,
DTC-RACK-R3-Z3W-R1-12,DTC,DTC-RACK-R3-Z3W-R1-12,,,,,,25,,,,,,,,,,,,,,,,,,,,,
DTC-RACK-R3-Z3W-R2-01,DTC,DTC-RACK-R3-Z3W-R2-01,,,,,,25,,,,,,,,,,,,,,,,,,,,,
DTC-RACK-R3-Z3W-R2-02,DTC,DTC-RACK-R3-Z3W-R2-02,,,,,,25,,,,,,,,,,,,,,,,,,,,,
DTC-RACK-R3-Z3W-R2-03,DTC,DTC-RACK-R3-Z3W-R2-03,,,,,,25,,,,,,,,,,,,,,,,,,,,,
DTC-RACK-R3-Z3W-R2-04,DTC,DTC-RACK-R3-Z3W-R2-04,,,,,,25,,,,,,,,,,,,,,,,,,,,,
DTC-RACK-R3-Z3W-R2-05,DTC,DTC-RACK-R3-Z3W-R2-05,,,,,,25,,,,,,,,,,,,,,,,,,,,,
DTC-RACK-R3-Z3W-R2-06,DTC,DTC-RACK-R3-Z3W-R2-06,,,,,,25,,,,,,,,,,,,,,,,,,,,,
DTC-RACK-R3-Z3W-R2-07,DTC,DTC-RACK-R3-Z3W-R2-07,,,,,,25,,,,,,,,,,,,,,,,,,,,,
DTC-RACK-R3-Z3W-R2-08,DTC,DTC-RACK-R3-Z3W-R2-08,,,,,,25,,,,,,,,,,,,,,,,,,,,,
DTC-RACK-R3-Z3W-R2-09,DTC,DTC-RACK-R3-Z3W-R2-09,,,,,,25,,,,,,,,,,,,,,,,,,,,,
DTC-RACK-R3-Z3W-R2-10,DTC,DTC-RACK-R3-Z3W-R2-10,,,,,,25,,,,,,,,,,,,,,,,,,,,,
DTC-RACK-R3-Z3W-R2-11,DTC,DTC-RACK-R3-Z3W-R2-11,,,,,,25,,,,,,,,,,,,,,,,,,,,,
DTC-RACK-R3-Z3W-R2-12,DTC,DTC-RACK-R3-Z3W-R2-12,,,,,,25,,,,,,,,,,,,,,,,,,,,,
DTC-RACK-R3-Z4E-R1-01,DTC,DTC-RACK-R3-Z4E-R1-01,,,,,,42.5,,,,,,,,,,,,,,,,,,,,,
DTC-RACK-R3-Z4E-R1-02,DTC,DTC-RACK-R3-Z4E-R1-02,,,,,,42.5,,,,,,,,,,,,,,,,,,,,,
DTC-RACK-R3-Z4E-R1-03,DTC,DTC-RACK-R3-Z4E-R1-03,,,,,,42.5,,,,,,,,,,,,,,,,,,,,,
DTC-RACK-R3-Z4E-R1-04,DTC,DTC-RACK-R3-Z4E-R1-04,,,,,,42.5,,,,,,,,,,,,,,,,,,,,,
DTC-RACK-R3-Z4E-R1-05,DTC,DTC-RACK-R3-Z4E-R1-05,,,,,,42.5,,,,,,,,,,,,,,,,,,,,,
DTC-RACK-R3-Z4E-R1-06,DTC,DTC-RACK-R3-Z4E-R1-06,,,,,,42.5,,,,,,,,,,,,,,,,,,,,,
DTC-RACK-R3-Z4E-R1-07,DTC,DTC-RACK-R3-Z4E-R1-07,,,,,,42.5,,,,,,,,,,,,,,,,,,,,,
DTC-RACK-R3-Z4E-R1-08,DTC,DTC-RACK-R3-Z4E-R1-08,,,,,,42.5,,,,,,,,,,,,,,,,,,,,,
DTC-RACK-R3-Z4E-R1-09,DTC,DTC-RACK-R3-Z4E-R1-09,,,,,,42.5,,,,,,,,,,,,,,,,,,,,,
DTC-RACK-R3-Z4E-R1-10,DTC,DTC-RACK-R3-Z4E-R1-10,,,,,,42.5,,,,,,,,,,,,,,,,,,,,,
DTC-RACK-R3-Z4E-R1-11,DTC,DTC-RACK-R3-Z4E-R1-11,,,,,,42.5,,,,,,,,,,,,,,,,,,,,,
DTC-RACK-R3-Z4E-R1-12,DTC,DTC-RACK-R3-Z4E-R1-12,,,,,,42.5,,,,,,,,,,,,,,,,,,,,,
DTC-RACK-R3-Z4E-R2-01,DTC,DTC-RACK-R3-Z4E-R2-01,,,,,,42.5,,,,,,,,,,,,,,,,,,,,,
DTC-RACK-R3-Z4E-R2-02,DTC,DTC-RACK-R3-Z4E-R2-02,,,,,,42.5,,,,,,,,,,,,,,,,,,,,,
DTC-RACK-R3-Z4E-R2-03,DTC,DTC-RACK-R3-Z4E-R2-03,,,,,,42.5,,,,,,,,,,,,,,,,,,,,,
DTC-RACK-R3-Z4E-R2-04,DTC,DTC-RACK-R3-Z4E-R2-04,,,,,,42.5,,,,,,,,,,,,,,,,,,,,,
DTC-RACK-R3-Z4E-R2-05,DTC,DTC-RACK-R3-Z4E-R2-05,,,,,,42.5,,,,,,,,,,,,,,,,,,,,,
DTC-RACK-R3-Z4E-R2-06,DTC,DTC-RACK-R3-Z4E-R2-06,,,,,,42.5,,,,,,,,,,,,,,,,,,,,,
DTC-RACK-R3-Z4E-R2-07,DTC,DTC-RACK-R3-Z4E-R2-07,,,,,,42.5,,,,,,,,,,,,,,,,,,,,,
DTC-RACK-R3-Z4E-R2-08,DTC,DTC-RACK-R3-Z4E-R2-08,,,,,,42.5,,,,,,,,,,,,,,,,,,,,,
DTC-RACK-R3-Z4E-R2-09,DTC,DTC-RACK-R3-Z4E-R2-09,,,,,,42.5,,,,,,,,,,,,,,,,,,,,,
DTC-RACK-R3-Z4E-R2-10,DTC,DTC-RACK-R3-Z4E-R2-10,,,,,,42.5,,,,,,,,,,,,,,,,,,,,,
DTC-RACK-R3-Z4E-R2-11,DTC,DTC-RACK-R3-Z4E-R2-11,,,,,,42.5,,,,,,,,,,,,,,,,,,,,,
DTC-RACK-R3-Z4E-R2-12,DTC,DTC-RACK-R3-Z4E-R2-12,,,,,,42.5,,,,,,,,,,,,,,,,,,,,,
DTC-RACK-R3-Z5E-R1-01,DTC,DTC-RACK-R3-Z5E-R1-01,,,,,,42.5,,,,,,,,,,,,,,,,,,,,,
DTC-RACK-R3-Z5E-R1-02,DTC,DTC-RACK-R3-Z5E-R1-02,,,,,,42.5,,,,,,,,,,,,,,,,,,,,,
DTC-RACK-R3-Z5E-R1-03,DTC,DTC-RACK-R3-Z5E-R1-03,,,,,,42.5,,,,,,,,,,,,,,,,,,,,,
DTC-RACK-R3-Z5E-R1-04,DTC,DTC-RACK-R3-Z5E-R1-04,,,,,,42.5,,,,,,,,,,,,,,,,,,,,,
DTC-RACK-R3-Z5E-R1-05,DTC,DTC-RACK-R3-Z5E-R1-05,,,,,,42.5,,,,,,,,,,,,,,,,,,,,,
DTC-RACK-R3-Z5E-R1-06,DTC,DTC-RACK-R3-Z5E-R1-06,,,,,,42.5,,,,,,,,,,,,,,,,,,,,,
DTC-RACK-R3-Z5E-R1-07,DTC,DTC-RACK-R3-Z5E-R1-07,,,,,,42.5,,,,,,,,,,,,,,,,,,,,,
DTC-RACK-R3-Z5E-R1-08,DTC,DTC-RACK-R3-Z5E-R1-08,,,,,,42.5,,,,,,,,,,,,,,,,,,,,,
DTC-RACK-R3-Z5E-R1-09,DTC,DTC-RACK-R3-Z5E-R1-09,,,,,,42.5,,,,,,,,,,,,,,,,,,,,,
DTC-RACK-R3-Z5E-R1-10,DTC,DTC-RACK-R3-Z5E-R1-10,,,,,,42.5,,,,,,,,,,,,,,,,,,,,,
DTC-RACK-R3-Z5E-R1-11,DTC,DTC-RACK-R3-Z5E-R1-11,,,,,,42.5,,,,,,,,,,,,,,,,,,,,,
DTC-RACK-R3-Z5E-R1-12,DTC,DTC-RACK-R3-Z5E-R1-12,,,,,,42.5,,,,,,,,,,,,,,,,,,,,,
DTC-RACK-R3-Z5E-R2-01,DTC,DTC-RACK-R3-Z5E-R2-01,,,,,,42.5,,,,,,,,,,,,,,,,,,,,,
DTC-RACK-R3-Z5E-R2-02,DTC,DTC-RACK-R3-Z5E-R2-02,,,,,,42.5,,,,,,,,,,,,,,,,,,,,,
DTC-RACK-R3-Z5E-R2-03,DTC,DTC-RACK-R3-Z5E-R2-03,,,,,,42.5,,,,,,,,,,,,,,,,,,,,,
DTC-RACK-R3-Z5E-R2-04,DTC,DTC-RACK-R3-Z5E-R2-04,,,,,,42.5,,,,,,,,,,,,,,,,,,,,,
DTC-RACK-R3-Z5E-R2-05,DTC,DTC-RACK-R3-Z5E-R2-05,,,,,,42.5,,,,,,,,,,,,,,,,,,,,,
DTC-RACK-R3-Z5E-R2-06,DTC,DTC-RACK-R3-Z5E-R2-06,,,,,,42.5,,,,,,,,,,,,,,,,,,,,,
DTC-RACK-R3-Z5E-R2-07,DTC,DTC-RACK-R3-Z5E-R2-07,,,,,,42.5,,,,,,,,,,,,,,,,,,,,,
DTC-RACK-R3-Z5E-R2-08,DTC,DTC-RACK-R3-Z5E-R2-08,,,,,,42.5,,,,,,,,,,,,,,,,,,,,,
DTC-RACK-R3-Z5E-R2-09,DTC,DTC-RACK-R3-Z5E-R2-09,,,,,,42.5,,,,,,,,,,,,,,,,,,,,,
DTC-RACK-R3-Z5E-R2-10,DTC,DTC-RACK-R3-Z5E-R2-10,,,,,,42.5,,,,,,,,,,,,,,,,,,,,,
DTC-RACK-R3-Z5E-R2-11,DTC,DTC-RACK-R3-Z5E-R2-11,,,,,,42.5,,,,,,,,,,,,,,,,,,,,,
DTC-RACK-R3-Z5E-R2-12,DTC,DTC-RACK-R3-Z5E-R2-12,,,,,,42.5,,,,,,,,,,,,,,,,,,,,,
DTC-RACK-R3-Z6E-R1-01,DTC,DTC-RACK-R3-Z6E-R1-01,,,,,,42.5,,,,,,,,,,,,,,,,,,,,,
DTC-RACK-R3-Z6E-R1-02,DTC,DTC-RACK-R3-Z6E-R1-02,,,,,,42.5,,,,,,,,,,,,,,,,,,,,,
DTC-RACK-R3-Z6E-R1-03,DTC,DTC-RACK-R3-Z6E-R1-03,,,,,,42.5,,,,,,,,,,,,,,,,,,,,,
DTC-RACK-R3-Z6E-R1-04,DTC,DTC-RACK-R3-Z6E-R1-04,,,,,,42.5,,,,,,,,,,,,,,,,,,,,,
DTC-RACK-R3-Z6E-R1-05,DTC,DTC-RACK-R3-Z6E-R1-05,,,,,,42.5,,,,,,,,,,,,,,,,,,,,,
DTC-RACK-R3-Z6E-R1-06,DTC,DTC-RACK-R3-Z6E-R1-06,,,,,,42.5,,,,,,,,,,,,,,,,,,,,,
DTC-RACK-R3-Z6E-R1-07,DTC,DTC-RACK-R3-Z6E-R1-07,,,,,,42.5,,,,,,,,,,,,,,,,,,,,,
DTC-RACK-R3-Z6E-R1-08,DTC,DTC-RACK-R3-Z6E-R1-08,,,,,,42.5,,,,,,,,,,,,,,,,,,,,,
DTC-RACK-R3-Z6E-R1-09,DTC,DTC-RACK-R3-Z6E-R1-09,,,,,,42.5,,,,,,,,,,,,,,,,,,,,,
DTC-RACK-R3-Z6E-R1-10,DTC,DTC-RACK-R3-Z6E-R1-10,,,,,,42.5,,,,,,,,,,,,,,,,,,,,,
DTC-RACK-R3-Z6E-R1-11,DTC,DTC-RACK-R3-Z6E-R1-11,,,,,,42.5,,,,,,,,,,,,,,,,,,,,,
DTC-RACK-R3-Z6E-R1-12,DTC,DTC-RACK-R3-Z6E-R1-12,,,,,,42.5,,,,,,,,,,,,,,,,,,,,,
DTC-RACK-R3-Z6E-R2-01,DTC,DTC-RACK-R3-Z6E-R2-01,,,,,,42.5,,,,,,,,,,,,,,,,,,,,,
DTC-RACK-R3-Z6E-R2-02,DTC,DTC-RACK-R3-Z6E-R2-02,,,,,,42.5,,,,,,,,,,,,,,,,,,,,,
DTC-RACK-R3-Z6E-R2-03,DTC,DTC-RACK-R3-Z6E-R2-03,,,,,,42.5,,,,,,,,,,,,,,,,,,,,,
DTC-RACK-R3-Z6E-R2-04,DTC,DTC-RACK-R3-Z6E-R2-04,,,,,,42.5,,,,,,,,,,,,,,,,,,,,,
DTC-RACK-R3-Z6E-R2-05,DTC,DTC-RACK-R3-Z6E-R2-05,,,,,,42.5,,,,,,,,,,,,,,,,,,,,,
DTC-RACK-R3-Z6E-R2-06,DTC,DTC-RACK-R3-Z6E-R2-06,,,,,,42.5,,,,,,,,,,,,,,,,,,,,,
DTC-RACK-R3-Z6E-R2-07,DTC,DTC-RACK-R3-Z6E-R2-07,,,,,,42.5,,,,,,,,,,,,,,,,,,,,,
DTC-RACK-R3-Z6E-R2-08,DTC,DTC-RACK-R3-Z6E-R2-08,,,,,,42.5,,,,,,,,,,,,,,,,,,,,,
DTC-RACK-R3-Z6E-R2-09,DTC,DTC-RACK-R3-Z6E-R2-09,,,,,,42.5,,,,,,,,,,,,,,,,,,,,,
DTC-RACK-R3-Z6E-R2-10,DTC,DTC-RACK-R3-Z6E-R2-10,,,,,,42.5,,,,,,,,,,,,,,,,,,,,,
DTC-RACK-R3-Z6E-R2-11,DTC,DTC-RACK-R3-Z6E-R2-11,,,,,,42.5,,,,,,,,,,,,,,,,,,,,,
DTC-RACK-R3-Z6E-R2-12,DTC,DTC-RACK-R3-Z6E-R2-12,,,,,,42.5,,,,,,,,,,,,,,,,,,,,,
DTC-RACK-R4-Z1-R1-01,DTC,DTC-RACK-R4-Z1-R1-01,,,,,,15.55555556,,,,,,,,,,,,,,,,,,,,,
DTC-RACK-R4-Z1-R1-02,DTC,DTC-RACK-R4-Z1-R1-02,,,,,,15.55555556,,,,,,,,,,,,,,,,,,,,,
DTC-RACK-R4-Z1-R1-03,DTC,DTC-RACK-R4-Z1-R1-03,,,,,,15.55555556,,,,,,,,,,,,,,,,,,,,,
DTC-RACK-R4-Z1-R1-04,DTC,DTC-RACK-R4-Z1-R1-04,,,,,,15.55555556,,,,,,,,,,,,,,,,,,,,,
DTC-RACK-R4-Z1-R1-05,DTC,DTC-RACK-R4-Z1-R1-05,,,,,,15.55555556,,,,,,,,,,,,,,,,,,,,,
DTC-RACK-R4-Z1-R1-06,DTC,DTC-RACK-R4-Z1-R1-06,,,,,,15.55555556,,,,,,,,,,,,,,,,,,,,,
DTC-RACK-R4-Z1-R1-07,DTC,DTC-RACK-R4-Z1-R1-07,,,,,,15.55555556,,,,,,,,,,,,,,,,,,,,,
DTC-RACK-R4-Z1-R1-08,DTC,DTC-RACK-R4-Z1-R1-08,,,,,,15.55555556,,,,,,,,,,,,,,,,,,,,,
DTC-RACK-R4-Z1-R1-09,DTC,DTC-RACK-R4-Z1-R1-09,,,,,,15.55555556,,,,,,,,,,,,,,,,,,,,,
DTC-RACK-R4-Z1-R1-10,DTC,DTC-RACK-R4-Z1-R1-10,,,,,,15.55555556,,,,,,,,,,,,,,,,,,,,,
DTC-RACK-R4-Z1-R1-11,DTC,DTC-RACK-R4-Z1-R1-11,,,,,,15.55555556,,,,,,,,,,,,,,,,,,,,,
DTC-RACK-R4-Z1-R1-12,DTC,DTC-RACK-R4-Z1-R1-12,,,,,,15.55555556,,,,,,,,,,,,,,,,,,,,,
DTC-RACK-R4-Z1-R2-01,DTC,DTC-RACK-R4-Z1-R2-01,,,,,,15.55555556,,,,,,,,,,,,,,,,,,,,,
DTC-RACK-R4-Z1-R2-02,DTC,DTC-RACK-R4-Z1-R2-02,,,,,,15.55555556,,,,,,,,,,,,,,,,,,,,,
DTC-RACK-R4-Z1-R2-03,DTC,DTC-RACK-R4-Z1-R2-03,,,,,,15.55555556,,,,,,,,,,,,,,,,,,,,,
DTC-RACK-R4-Z1-R2-04,DTC,DTC-RACK-R4-Z1-R2-04,,,,,,15.55555556,,,,,,,,,,,,,,,,,,,,,
DTC-RACK-R4-Z1-R2-05,DTC,DTC-RACK-R4-Z1-R2-05,,,,,,15.55555556,,,,,,,,,,,,,,,,,,,,,
DTC-RACK-R4-Z1-R2-06,DTC,DTC-RACK-R4-Z1-R2-06,,,,,,15.55555556,,,,,,,,,,,,,,,,,,,,,
DTC-RACK-R4-Z1-R2-07,DTC,DTC-RACK-R4-Z1-R2-07,,,,,,15.55555556,,,,,,,,,,,,,,,,,,,,,
DTC-RACK-R4-Z1-R2-08,DTC,DTC-RACK-R4-Z1-R2-08,,,,,,15.55555556,,,,,,,,,,,,,,,,,,,,,
DTC-RACK-R4-Z1-R2-09,DTC,DTC-RACK-R4-Z1-R2-09,,,,,,15.55555556,,,,,,,,,,,,,,,,,,,,,
DTC-RACK-R4-Z1-R2-10,DTC,DTC-RACK-R4-Z1-R2-10,,,,,,15.55555556,,,,,,,,,,,,,,,,,,,,,
DTC-RACK-R4-Z1-R2-11,DTC,DTC-RACK-R4-Z1-R2-11,,,,,,15.55555556,,,,,,,,,,,,,,,,,,,,,
DTC-RACK-R4-Z1-R2-12,DTC,DTC-RACK-R4-Z1-R2-12,,,,,,15.55555556,,,,,,,,,,,,,,,,,,,,,
DTC-RACK-R5-Z1W-R1-01,DTC,DTC-RACK-R5-Z1W-R1-01,,,,,,56.66666667,,,,,,,,,,,,,,,,,,,,,
DTC-RACK-R5-Z1W-R1-02,DTC,DTC-RACK-R5-Z1W-R1-02,,,,,,56.66666667,,,,,,,,,,,,,,,,,,,,,
DTC-RACK-R5-Z1W-R1-03,DTC,DTC-RACK-R5-Z1W-R1-03,,,,,,56.66666667,,,,,,,,,,,,,,,,,,,,,
DTC-RACK-R5-Z1W-R1-04,DTC,DTC-RACK-R5-Z1W-R1-04,,,,,,56.66666667,,,,,,,,,,,,,,,,,,,,,
DTC-RACK-R5-Z1W-R1-05,DTC,DTC-RACK-R5-Z1W-R1-05,,,,,,56.66666667,,,,,,,,,,,,,,,,,,,,,
DTC-RACK-R5-Z1W-R1-06,DTC,DTC-RACK-R5-Z1W-R1-06,,,,,,56.66666667,,,,,,,,,,,,,,,,,,,,,
DTC-RACK-R5-Z1W-R1-07,DTC,DTC-RACK-R5-Z1W-R1-07,,,,,,56.66666667,,,,,,,,,,,,,,,,,,,,,
DTC-RACK-R5-Z1W-R1-08,DTC,DTC-RACK-R5-Z1W-R1-08,,,,,,56.66666667,,,,,,,,,,,,,,,,,,,,,
DTC-RACK-R5-Z1W-R1-09,DTC,DTC-RACK-R5-Z1W-R1-09,,,,,,56.66666667,,,,,,,,,,,,,,,,,,,,,
DTC-RACK-R5-Z1W-R1-10,DTC,DTC-RACK-R5-Z1W-R1-10,,,,,,56.66666667,,,,,,,,,,,,,,,,,,,,,
DTC-RACK-R5-Z1W-R1-11,DTC,DTC-RACK-R5-Z1W-R1-11,,,,,,56.66666667,,,,,,,,,,,,,,,,,,,,,
DTC-RACK-R5-Z1W-R1-12,DTC,DTC-RACK-R5-Z1W-R1-12,,,,,,56.66666667,,,,,,,,,,,,,,,,,,,,,
DTC-RACK-R5-Z1W-R2-01,DTC,DTC-RACK-R5-Z1W-R2-01,,,,,,56.66666667,,,,,,,,,,,,,,,,,,,,,
DTC-RACK-R5-Z1W-R2-02,DTC,DTC-RACK-R5-Z1W-R2-02,,,,,,56.66666667,,,,,,,,,,,,,,,,,,,,,
DTC-RACK-R5-Z1W-R2-03,DTC,DTC-RACK-R5-Z1W-R2-03,,,,,,56.66666667,,,,,,,,,,,,,,,,,,,,,
DTC-RACK-R5-Z1W-R2-04,DTC,DTC-RACK-R5-Z1W-R2-04,,,,,,56.66666667,,,,,,,,,,,,,,,,,,,,,
DTC-RACK-R5-Z1W-R2-05,DTC,DTC-RACK-R5-Z1W-R2-05,,,,,,56.66666667,,,,,,,,,,,,,,,,,,,,,
DTC-RACK-R5-Z1W-R2-06,DTC,DTC-RACK-R5-Z1W-R2-06,,,,,,56.66666667,,,,,,,,,,,,,,,,,,,,,
DTC-RACK-R5-Z1W-R2-07,DTC,DTC-RACK-R5-Z1W-R2-07,,,,,,56.66666667,,,,,,,,,,,,,,,,,,,,,
DTC-RACK-R5-Z1W-R2-08,DTC,DTC-RACK-R5-Z1W-R2-08,,,,,,56.66666667,,,,,,,,,,,,,,,,,,,,,
DTC-RACK-R5-Z1W-R2-09,DTC,DTC-RACK-R5-Z1W-R2-09,,,,,,56.66666667,,,,,,,,,,,,,,,,,,,,,
DTC-RACK-R5-Z1W-R2-10,DTC,DTC-RACK-R5-Z1W-R2-10,,,,,,56.66666667,,,,,,,,,,,,,,,,,,,,,
DTC-RACK-R5-Z1W-R2-11,DTC,DTC-RACK-R5-Z1W-R2-11,,,,,,56.66666667,,,,,,,,,,,,,,,,,,,,,
DTC-RACK-R5-Z1W-R2-12,DTC,DTC-RACK-R5-Z1W-R2-12,,,,,,56.66666667,,,,,,,,,,,,,,,,,,,,,
DTC-RACK-R5-Z2E-R1-01,DTC,DTC-RACK-R5-Z2E-R1-01,,,,,,56.66666667,,,,,,,,,,,,,,,,,,,,,
DTC-RACK-R5-Z2E-R1-02,DTC,DTC-RACK-R5-Z2E-R1-02,,,,,,56.66666667,,,,,,,,,,,,,,,,,,,,,
DTC-RACK-R5-Z2E-R1-03,DTC,DTC-RACK-R5-Z2E-R1-03,,,,,,56.66666667,,,,,,,,,,,,,,,,,,,,,
DTC-RACK-R5-Z2E-R1-04,DTC,DTC-RACK-R5-Z2E-R1-04,,,,,,56.66666667,,,,,,,,,,,,,,,,,,,,,
DTC-RACK-R5-Z2E-R1-05,DTC,DTC-RACK-R5-Z2E-R1-05,,,,,,56.66666667,,,,,,,,,,,,,,,,,,,,,
DTC-RACK-R5-Z2E-R1-06,DTC,DTC-RACK-R5-Z2E-R1-06,,,,,,56.66666667,,,,,,,,,,,,,,,,,,,,,
DTC-RACK-R5-Z2E-R1-07,DTC,DTC-RACK-R5-Z2E-R1-07,,,,,,56.66666667,,,,,,,,,,,,,,,,,,,,,
DTC-RACK-R5-Z2E-R1-08,DTC,DTC-RACK-R5-Z2E-R1-08,,,,,,56.66666667,,,,,,,,,,,,,,,,,,,,,
DTC-RACK-R5-Z2E-R1-09,DTC,DTC-RACK-R5-Z2E-R1-09,,,,,,56.66666667,,,,,,,,,,,,,,,,,,,,,
DTC-RACK-R5-Z2E-R1-10,DTC,DTC-RACK-R5-Z2E-R1-10,,,,,,56.66666667,,,,,,,,,,,,,,,,,,,,,
DTC-RACK-R5-Z2E-R1-11,DTC,DTC-RACK-R5-Z2E-R1-11,,,,,,56.66666667,,,,,,,,,,,,,,,,,,,,,
DTC-RACK-R5-Z2E-R1-12,DTC,DTC-RACK-R5-Z2E-R1-12,,,,,,56.66666667,,,,,,,,,,,,,,,,,,,,,
DTC-RACK-R5-Z2E-R2-01,DTC,DTC-RACK-R5-Z2E-R2-01,,,,,,56.66666667,,,,,,,,,,,,,,,,,,,,,
DTC-RACK-R5-Z2E-R2-02,DTC,DTC-RACK-R5-Z2E-R2-02,,,,,,56.66666667,,,,,,,,,,,,,,,,,,,,,
DTC-RACK-R5-Z2E-R2-03,DTC,DTC-RACK-R5-Z2E-R2-03,,,,,,56.66666667,,,,,,,,,,,,,,,,,,,,,
DTC-RACK-R5-Z2E-R2-04,DTC,DTC-RACK-R5-Z2E-R2-04,,,,,,56.66666667,,,,,,,,,,,,,,,,,,,,,
DTC-RACK-R5-Z2E-R2-05,DTC,DTC-RACK-R5-Z2E-R2-05,,,,,,56.66666667,,,,,,,,,,,,,,,,,,,,,
DTC-RACK-R5-Z2E-R2-06,DTC,DTC-RACK-R5-Z2E-R2-06,,,,,,56.66666667,,,,,,,,,,,,,,,,,,,,,
DTC-RACK-R5-Z2E-R2-07,DTC,DTC-RACK-R5-Z2E-R2-07,,,,,,56.66666667,,,,,,,,,,,,,,,,,,,,,
DTC-RACK-R5-Z2E-R2-08,DTC,DTC-RACK-R5-Z2E-R2-08,,,,,,56.66666667,,,,,,,,,,,,,,,,,,,,,
DTC-RACK-R5-Z2E-R2-09,DTC,DTC-RACK-R5-Z2E-R2-09,,,,,,56.66666667,,,,,,,,,,,,,,,,,,,,,
DTC-RACK-R5-Z2E-R2-10,DTC,DTC-RACK-R5-Z2E-R2-10,,,,,,56.66666667,,,,,,,,,,,,,,,,,,,,,
DTC-RACK-R5-Z2E-R2-11,DTC,DTC-RACK-R5-Z2E-R2-11,,,,,,56.66666667,,,,,,,,,,,,,,,,,,,,,
DTC-RACK-R5-Z2E-R2-12,DTC,DTC-RACK-R5-Z2E-R2-12,,,,,,56.66666667,,,,,,,,,,,,,,,,,,,,,
LL-R1,Liquid Loop,Liquid Loop for ROOM-1-1,,,,,,,,,,200,22,10,5,,,,,,,,,,,,,,
LL-R2,Liquid Loop,Liquid Loop for ROOM-1-2,,,,,,,,,,200,22,10,5,,,,,,,,,,,,,,
LL-R3-E,Liquid Loop,LL-R3-E,,,,,,,,,,2000,22,10,48,,,,,,,,,,,,,,
LL-R3-W,Liquid Loop,LL-R3-W,,,,,,,,,,1000,22,10,24,,,,,,,,,,,,,,
LL-R4,Liquid Loop,LL-R4,,,,,,,,,,500,22,10,12,,,,,,,,,,,,,,
LL-R5-W,Liquid Loop,LL-R5-W,,,,,,,,,,1500,22,10,36,,,,,,,,,,,,,,
LL-R5-E,Liquid Loop,LL-R5-E,,,,,,,,,,1500,22,10,36,,,,,,,,,,,,,,
RACK-R1-Z1-R1-01,Rack,Rack 1 in ROW-R1-Z1-R1,15,18,85,15,,,,,,,,,,,,,,,,,,,,,,,
RACK-R1-Z1-R2-01,Rack,Rack 1 in ROW-R1-Z1-R2,15,18,85,15,,,,,,,,,,,,,,,,,,,,,,,
RACK-R1-Z2-R1-01,Rack,Rack 1 in ROW-R1-Z2-R1,15,18,85,15,,,,,,,,,,,,,,,,,,,,,,,
RACK-R1-Z2-R2-01,Rack,Rack 1 in ROW-R1-Z2-R2,15,18,85,15,,,,,,,,,,,,,,,,,,,,,,,
RACK-R2-Z1-R1-01,Rack,Rack 1 in ROW-R2-Z1-R1,15,18,85,15,,,,,,,,,,,,,,,,,,,,,,,
RACK-R2-Z1-R2-01,Rack,Rack 1 in ROW-R2-Z1-R2,15,18,85,15,,,,,,,,,,,,,,,,,,,,,,,
RACK-R2-Z2-R1-01,Rack,Rack 1 in ROW-R2-Z2-R1,15,18,85,15,,,,,,,,,,,,,,,,,,,,,,,
RACK-R2-Z2-R2-01,Rack,Rack 1 in ROW-R2-Z2-R2,15,18,85,15,,,,,,,,,,,,,,,,,,,,,,,
RACK-R1-Z1-R1-02,Rack,Rack 2 in ROW-R1-Z1-R1,15,18,85,15,,,,,,,,,,,,,,,,,,,,,,,
RACK-R1-Z1-R2-02,Rack,Rack 2 in ROW-R1-Z1-R2,15,18,85,15,,,,,,,,,,,,,,,,,,,,,,,
RACK-R1-Z2-R1-02,Rack,Rack 2 in ROW-R1-Z2-R1,15,18,85,15,,,,,,,,,,,,,,,,,,,,,,,
RACK-R1-Z2-R2-02,Rack,Rack 2 in ROW-R1-Z2-R2,15,18,85,15,,,,,,,,,,,,,,,,,,,,,,,
RACK-R2-Z1-R1-02,Rack,Rack 2 in ROW-R2-Z1-R1,15,18,85,15,,,,,,,,,,,,,,,,,,,,,,,
RACK-R2-Z1-R2-02,Rack,Rack 2 in ROW-R2-Z1-R2,15,18,85,15,,,,,,,,,,,,,,,,,,,,,,,
RACK-R2-Z2-R1-02,Rack,Rack 2 in ROW-R2-Z2-R1,15,18,85,15,,,,,,,,,,,,,,,,,,,,,,,
RACK-R2-Z2-R2-02,Rack,Rack 2 in ROW-R2-Z2-R2,15,18,85,15,,,,,,,,,,,,,,,,,,,,,,,
RACK-R1-Z1-R1-03,Rack,Rack 3 in ROW-R1-Z1-R1,15,18,85,15,,,,,,,,,,,,,,,,,,,,,,,
RACK-R1-Z1-R2-03,Rack,Rack 3 in ROW-R1-Z1-R2,15,18,85,15,,,,,,,,,,,,,,,,,,,,,,,
RACK-R1-Z2-R1-03,Rack,Rack 3 in ROW-R1-Z2-R1,15,18,85,15,,,,,,,,,,,,,,,,,,,,,,,
RACK-R1-Z2-R2-03,Rack,Rack 3 in ROW-R1-Z2-R2,15,18,85,15,,,,,,,,,,,,,,,,,,,,,,,
RACK-R2-Z1-R1-03,Rack,Rack 3 in ROW-R2-Z1-R1,15,18,85,15,,,,,,,,,,,,,,,,,,,,,,,
RACK-R2-Z1-R2-03,Rack,Rack 3 in ROW-R2-Z1-R2,15,18,85,15,,,,,,,,,,,,,,,,,,,,,,,
RACK-R2-Z2-R1-03,Rack,Rack 3 in ROW-R2-Z2-R1,15,18,85,15,,,,,,,,,,,,,,,,,,,,,,,
RACK-R2-Z2-R2-03,Rack,Rack 3 in ROW-R2-Z2-R2,15,18,85,15,,,,,,,,,,,,,,,,,,,,,,,
RACK-R1-Z1-R1-04,Rack,Rack 4 in ROW-R1-Z1-R1,15,18,85,15,,,,,,,,,,,,,,,,,,,,,,,
RACK-R1-Z1-R2-04,Rack,Rack 4 in ROW-R1-Z1-R2,15,18,85,15,,,,,,,,,,,,,,,,,,,,,,,
RACK-R1-Z2-R1-04,Rack,Rack 4 in ROW-R1-Z2-R1,15,18,85,15,,,,,,,,,,,,,,,,,,,,,,,
RACK-R1-Z2-R2-04,Rack,Rack 4 in ROW-R1-Z2-R2,15,18,85,15,,,,,,,,,,,,,,,,,,,,,,,
RACK-R2-Z1-R1-04,Rack,Rack 4 in ROW-R2-Z1-R1,15,18,85,15,,,,,,,,,,,,,,,,,,,,,,,
RACK-R2-Z1-R2-04,Rack,Rack 4 in ROW-R2-Z1-R2,15,18,85,15,,,,,,,,,,,,,,,,,,,,,,,
RACK-R2-Z2-R1-04,Rack,Rack 4 in ROW-R2-Z2-R1,15,18,85,15,,,,,,,,,,,,,,,,,,,,,,,
RACK-R2-Z2-R2-04,Rack,Rack 4 in ROW-R2-Z2-R2,15,18,85,15,,,,,,,,,,,,,,,,,,,,,,,
RACK-R1-Z1-R1-05,Rack,Rack 5 in ROW-R1-Z1-R1,15,18,85,15,,,,,,,,,,,,,,,,,,,,,,,
RACK-R1-Z1-R2-05,Rack,Rack 5 in ROW-R1-Z1-R2,15,18,85,15,,,,,,,,,,,,,,,,,,,,,,,
RACK-R1-Z2-R1-05,Rack,Rack 5 in ROW-R1-Z2-R1,15,18,85,15,,,,,,,,,,,,,,,,,,,,,,,
RACK-R1-Z2-R2-05,Rack,Rack 5 in ROW-R1-Z2-R2,15,18,85,15,,,,,,,,,,,,,,,,,,,,,,,
RACK-R2-Z1-R1-05,Rack,Rack 5 in ROW-R2-Z1-R1,15,18,85,15,,,,,,,,,,,,,,,,,,,,,,,
RACK-R2-Z1-R2-05,Rack,Rack 5 in ROW-R2-Z1-R2,15,18,85,15,,,,,,,,,,,,,,,,,,,,,,,
RACK-R2-Z2-R1-05,Rack,Rack 5 in ROW-R2-Z2-R1,15,18,85,15,,,,,,,,,,,,,,,,,,,,,,,
RACK-R2-Z2-R2-05,Rack,Rack 5 in ROW-R2-Z2-R2,15,18,85,15,,,,,,,,,,,,,,,,,,,,,,,
RACK-R1-Z1-R1-06,Rack,Rack 6 in ROW-R1-Z1-R1,15,18,85,15,,,,,,,,,,,,,,,,,,,,,,,
RACK-R1-Z1-R2-06,Rack,Rack 6 in ROW-R1-Z1-R2,15,18,85,15,,,,,,,,,,,,,,,,,,,,,,,
RACK-R1-Z2-R1-06,Rack,Rack 6 in ROW-R1-Z2-R1,15,18,85,15,,,,,,,,,,,,,,,,,,,,,,,
RACK-R1-Z2-R2-06,Rack,Rack 6 in ROW-R1-Z2-R2,15,18,85,15,,,,,,,,,,,,,,,,,,,,,,,
RACK-R2-Z1-R1-06,Rack,Rack 6 in ROW-R2-Z1-R1,15,18,85,15,,,,,,,,,,,,,,,,,,,,,,,
RACK-R2-Z1-R2-06,Rack,Rack 6 in ROW-R2-Z1-R2,15,18,85,15,,,,,,,,,,,,,,,,,,,,,,,
RACK-R2-Z2-R1-06,Rack,Rack 6 in ROW-R2-Z2-R1,15,18,85,15,,,,,,,,,,,,,,,,,,,,,,,
RACK-R2-Z2-R2-06,Rack,Rack 6 in ROW-R2-Z2-R2,15,18,85,15,,,,,,,,,,,,,,,,,,,,,,,
RACK-R3-Z1W-R1-01,Rack,RACK-R3-Z1W-R1-01,30,36,75,25,,,,,,,,,,,,,,,,,,,,,,,
RACK-R3-Z1W-R1-02,Rack,RACK-R3-Z1W-R1-02,30,36,75,25,,,,,,,,,,,,,,,,,,,,,,,
RACK-R3-Z1W-R1-03,Rack,RACK-R3-Z1W-R1-03,30,36,75,25,,,,,,,,,,,,,,,,,,,,,,,
RACK-R3-Z1W-R1-04,Rack,RACK-R3-Z1W-R1-04,30,36,75,25,,,,,,,,,,,,,,,,,,,,,,,
RACK-R3-Z1W-R1-05,Rack,RACK-R3-Z1W-R1-05,30,36,75,25,,,,,,,,,,,,,,,,,,,,,,,
RACK-R3-Z1W-R1-06,Rack,RACK-R3-Z1W-R1-06,30,36,75,25,,,,,,,,,,,,,,,,,,,,,,,
RACK-R3-Z1W-R1-07,Rack,RACK-R3-Z1W-R1-07,30,36,75,25,,,,,,,,,,,,,,,,,,,,,,,
RACK-R3-Z1W-R1-08,Rack,RACK-R3-Z1W-R1-08,30,36,75,25,,,,,,,,,,,,,,,,,,,,,,,
RACK-R3-Z1W-R1-09,Rack,RACK-R3-Z1W-R1-09,30,36,75,25,,,,,,,,,,,,,,,,,,,,,,,
RACK-R3-Z1W-R1-10,Rack,RACK-R3-Z1W-R1-10,30,36,75,25,,,,,,,,,,,,,,,,,,,,,,,
RACK-R3-Z1W-R1-11,Rack,RACK-R3-Z1W-R1-11,30,36,75,25,,,,,,,,,,,,,,,,,,,,,,,
RACK-R3-Z1W-R1-12,Rack,RACK-R3-Z1W-R1-12,30,36,75,25,,,,,,,,,,,,,,,,,,,,,,,
RACK-R3-Z1W-R2-01,Rack,RACK-R3-Z1W-R2-01,30,36,75,25,,,,,,,,,,,,,,,,,,,,,,,
RACK-R3-Z1W-R2-02,Rack,RACK-R3-Z1W-R2-02,30,36,75,25,,,,,,,,,,,,,,,,,,,,,,,
RACK-R3-Z1W-R2-03,Rack,RACK-R3-Z1W-R2-03,30,36,75,25,,,,,,,,,,,,,,,,,,,,,,,
RACK-R3-Z1W-R2-04,Rack,RACK-R3-Z1W-R2-04,30,36,75,25,,,,,,,,,,,,,,,,,,,,,,,
RACK-R3-Z1W-R2-05,Rack,RACK-R3-Z1W-R2-05,30,36,75,25,,,,,,,,,,,,,,,,,,,,,,,
RACK-R3-Z1W-R2-06,Rack,RACK-R3-Z1W-R2-06,30,36,75,25,,,,,,,,,,,,,,,,,,,,,,,
RACK-R3-Z1W-R2-07,Rack,RACK-R3-Z1W-R2-07,30,36,75,25,,,,,,,,,,,,,,,,,,,,,,,
RACK-R3-Z1W-R2-08,Rack,RACK-R3-Z1W-R2-08,30,36,75,25,,,,,,,,,,,,,,,,,,,,,,,
RACK-R3-Z1W-R2-09,Rack,RACK-R3-Z1W-R2-09,30,36,75,25,,,,,,,,,,,,,,,,,,,,,,,
RACK-R3-Z1W-R2-10,Rack,RACK-R3-Z1W-R2-10,30,36,75,25,,,,,,,,,,,,,,,,,,,,,,,
RACK-R3-Z1W-R2-11,Rack,RACK-R3-Z1W-R2-11,30,36,75,25,,,,,,,,,,,,,,,,,,,,,,,
RACK-R3-Z1W-R2-12,Rack,RACK-R3-Z1W-R2-12,30,36,75,25,,,,,,,,,,,,,,,,,,,,,,,
RACK-R3-Z2W-R1-01,Rack,RACK-R3-Z2W-R1-01,30,36,75,25,,,,,,,,,,,,,,,,,,,,,,,
RACK-R3-Z2W-R1-02,Rack,RACK-R3-Z2W-R1-02,30,36,75,25,,,,,,,,,,,,,,,,,,,,,,,
RACK-R3-Z2W-R1-03,Rack,RACK-R3-Z2W-R1-03,30,36,75,25,,,,,,,,,,,,,,,,,,,,,,,
RACK-R3-Z2W-R1-04,Rack,RACK-R3-Z2W-R1-04,30,36,75,25,,,,,,,,,,,,,,,,,,,,,,,
RACK-R3-Z2W-R1-05,Rack,RACK-R3-Z2W-R1-05,30,36,75,25,,,,,,,,,,,,,,,,,,,,,,,
RACK-R3-Z2W-R1-06,Rack,RACK-R3-Z2W-R1-06,30,36,75,25,,,,,,,,,,,,,,,,,,,,,,,
RACK-R3-Z2W-R1-07,Rack,RACK-R3-Z2W-R1-07,30,36,75,25,,,,,,,,,,,,,,,,,,,,,,,
RACK-R3-Z2W-R1-08,Rack,RACK-R3-Z2W-R1-08,30,36,75,25,,,,,,,,,,,,,,,,,,,,,,,
RACK-R3-Z2W-R1-09,Rack,RACK-R3-Z2W-R1-09,30,36,75,25,,,,,,,,,,,,,,,,,,,,,,,
RACK-R3-Z2W-R1-10,Rack,RACK-R3-Z2W-R1-10,30,36,75,25,,,,,,,,,,,,,,,,,,,,,,,
RACK-R3-Z2W-R1-11,Rack,RACK-R3-Z2W-R1-11,30,36,75,25,,,,,,,,,,,,,,,,,,,,,,,
RACK-R3-Z2W-R1-12,Rack,RACK-R3-Z2W-R1-12,30,36,75,25,,,,,,,,,,,,,,,,,,,,,,,
RACK-R3-Z2W-R2-01,Rack,RACK-R3-Z2W-R2-01,30,36,75,25,,,,,,,,,,,,,,,,,,,,,,,
RACK-R3-Z2W-R2-02,Rack,RACK-R3-Z2W-R2-02,30,36,75,25,,,,,,,,,,,,,,,,,,,,,,,
RACK-R3-Z2W-R2-03,Rack,RACK-R3-Z2W-R2-03,30,36,75,25,,,,,,,,,,,,,,,,,,,,,,,
RACK-R3-Z2W-R2-04,Rack,RACK-R3-Z2W-R2-04,30,36,75,25,,,,,,,,,,,,,,,,,,,,,,,
RACK-R3-Z2W-R2-05,Rack,RACK-R3-Z2W-R2-05,30,36,75,25,,,,,,,,,,,,,,,,,,,,,,,
RACK-R3-Z2W-R2-06,Rack,RACK-R3-Z2W-R2-06,30,36,75,25,,,,,,,,,,,,,,,,,,,,,,,
RACK-R3-Z2W-R2-07,Rack,RACK-R3-Z2W-R2-07,30,36,75,25,,,,,,,,,,,,,,,,,,,,,,,
RACK-R3-Z2W-R2-08,Rack,RACK-R3-Z2W-R2-08,30,36,75,25,,,,,,,,,,,,,,,,,,,,,,,
RACK-R3-Z2W-R2-09,Rack,RACK-R3-Z2W-R2-09,30,36,75,25,,,,,,,,,,,,,,,,,,,,,,,
RACK-R3-Z2W-R2-10,Rack,RACK-R3-Z2W-R2-10,30,36,75,25,,,,,,,,,,,,,,,,,,,,,,,
RACK-R3-Z2W-R2-11,Rack,RACK-R3-Z2W-R2-11,30,36,75,25,,,,,,,,,,,,,,,,,,,,,,,
RACK-R3-Z2W-R2-12,Rack,RACK-R3-Z2W-R2-12,30,36,75,25,,,,,,,,,,,,,,,,,,,,,,,
RACK-R3-Z3W-R1-01,Rack,RACK-R3-Z3W-R1-01,30,36,75,25,,,,,,,,,,,,,,,,,,,,,,,
RACK-R3-Z3W-R1-02,Rack,RACK-R3-Z3W-R1-02,30,36,75,25,,,,,,,,,,,,,,,,,,,,,,,
RACK-R3-Z3W-R1-03,Rack,RACK-R3-Z3W-R1-03,30,36,75,25,,,,,,,,,,,,,,,,,,,,,,,
RACK-R3-Z3W-R1-04,Rack,RACK-R3-Z3W-R1-04,30,36,75,25,,,,,,,,,,,,,,,,,,,,,,,
RACK-R3-Z3W-R1-05,Rack,RACK-R3-Z3W-R1-05,30,36,75,25,,,,,,,,,,,,,,,,,,,,,,,
RACK-R3-Z3W-R1-06,Rack,RACK-R3-Z3W-R1-06,30,36,75,25,,,,,,,,,,,,,,,,,,,,,,,
RACK-R3-Z3W-R1-07,Rack,RACK-R3-Z3W-R1-07,30,36,75,25,,,,,,,,,,,,,,,,,,,,,,,
RACK-R3-Z3W-R1-08,Rack,RACK-R3-Z3W-R1-08,30,36,75,25,,,,,,,,,,,,,,,,,,,,,,,
RACK-R3-Z3W-R1-09,Rack,RACK-R3-Z3W-R1-09,30,36,75,25,,,,,,,,,,,,,,,,,,,,,,,
RACK-R3-Z3W-R1-10,Rack,RACK-R3-Z3W-R1-10,30,36,75,25,,,,,,,,,,,,,,,,,,,,,,,
RACK-R3-Z3W-R1-11,Rack,RACK-R3-Z3W-R1-11,30,36,75,25,,,,,,,,,,,,,,,,,,,,,,,
RACK-R3-Z3W-R1-12,Rack,RACK-R3-Z3W-R1-12,30,36,75,25,,,,,,,,,,,,,,,,,,,,,,,
RACK-R3-Z3W-R2-01,Rack,RACK-R3-Z3W-R2-01,30,36,75,25,,,,,,,,,,,,,,,,,,,,,,,
RACK-R3-Z3W-R2-02,Rack,RACK-R3-Z3W-R2-02,30,36,75,25,,,,,,,,,,,,,,,,,,,,,,,
RACK-R3-Z3W-R2-03,Rack,RACK-R3-Z3W-R2-03,30,36,75,25,,,,,,,,,,,,,,,,,,,,,,,
RACK-R3-Z3W-R2-04,Rack,RACK-R3-Z3W-R2-04,30,36,75,25,,,,,,,,,,,,,,,,,,,,,,,
RACK-R3-Z3W-R2-05,Rack,RACK-R3-Z3W-R2-05,30,36,75,25,,,,,,,,,,,,,,,,,,,,,,,
RACK-R3-Z3W-R2-06,Rack,RACK-R3-Z3W-R2-06,30,36,75,25,,,,,,,,,,,,,,,,,,,,,,,
RACK-R3-Z3W-R2-07,Rack,RACK-R3-Z3W-R2-07,30,36,75,25,,,,,,,,,,,,,,,,,,,,,,,
RACK-R3-Z3W-R2-08,Rack,RACK-R3-Z3W-R2-08,30,36,75,25,,,,,,,,,,,,,,,,,,,,,,,
RACK-R3-Z3W-R2-09,Rack,RACK-R3-Z3W-R2-09,30,36,75,25,,,,,,,,,,,,,,,,,,,,,,,
RACK-R3-Z3W-R2-10,Rack,RACK-R3-Z3W-R2-10,30,36,75,25,,,,,,,,,,,,,,,,,,,,,,,
RACK-R3-Z3W-R2-11,Rack,RACK-R3-Z3W-R2-11,30,36,75,25,,,,,,,,,,,,,,,,,,,,,,,
RACK-R3-Z3W-R2-12,Rack,RACK-R3-Z3W-R2-12,30,36,75,25,,,,,,,,,,,,,,,,,,,,,,,
RACK-R3-Z4E-R1-01,Rack,RACK-R3-Z4E-R1-01,45,54,85,15,,,,,,,,,,,,,,,,,,,,,,,
RACK-R3-Z4E-R1-02,Rack,RACK-R3-Z4E-R1-02,45,54,85,15,,,,,,,,,,,,,,,,,,,,,,,
RACK-R3-Z4E-R1-03,Rack,RACK-R3-Z4E-R1-03,45,54,85,15,,,,,,,,,,,,,,,,,,,,,,,
RACK-R3-Z4E-R1-04,Rack,RACK-R3-Z4E-R1-04,45,54,85,15,,,,,,,,,,,,,,,,,,,,,,,
RACK-R3-Z4E-R1-05,Rack,RACK-R3-Z4E-R1-05,45,54,85,15,,,,,,,,,,,,,,,,,,,,,,,
RACK-R3-Z4E-R1-06,Rack,RACK-R3-Z4E-R1-06,45,54,85,15,,,,,,,,,,,,,,,,,,,,,,,
RACK-R3-Z4E-R1-07,Rack,RACK-R3-Z4E-R1-07,45,54,85,15,,,,,,,,,,,,,,,,,,,,,,,
RACK-R3-Z4E-R1-08,Rack,RACK-R3-Z4E-R1-08,45,54,85,15,,,,,,,,,,,,,,,,,,,,,,,
RACK-R3-Z4E-R1-09,Rack,RACK-R3-Z4E-R1-09,45,54,85,15,,,,,,,,,,,,,,,,,,,,,,,
RACK-R3-Z4E-R1-10,Rack,RACK-R3-Z4E-R1-10,45,54,85,15,,,,,,,,,,,,,,,,,,,,,,,
RACK-R3-Z4E-R1-11,Rack,RACK-R3-Z4E-R1-11,45,54,85,15,,,,,,,,,,,,,,,,,,,,,,,
RACK-R3-Z4E-R1-12,Rack,RACK-R3-Z4E-R1-12,45,54,85,15,,,,,,,,,,,,,,,,,,,,,,,
RACK-R3-Z4E-R2-01,Rack,RACK-R3-Z4E-R2-01,45,54,85,15,,,,,,,,,,,,,,,,,,,,,,,
RACK-R3-Z4E-R2-02,Rack,RACK-R3-Z4E-R2-02,45,54,85,15,,,,,,,,,,,,,,,,,,,,,,,
RACK-R3-Z4E-R2-03,Rack,RACK-R3-Z4E-R2-03,45,54,85,15,,,,,,,,,,,,,,,,,,,,,,,
RACK-R3-Z4E-R2-04,Rack,RACK-R3-Z4E-R2-04,45,54,85,15,,,,,,,,,,,,,,,,,,,,,,,
RACK-R3-Z4E-R2-05,Rack,RACK-R3-Z4E-R2-05,45,54,85,15,,,,,,,,,,,,,,,,,,,,,,,
RACK-R3-Z4E-R2-06,Rack,RACK-R3-Z4E-R2-06,45,54,85,15,,,,,,,,,,,,,,,,,,,,,,,
RACK-R3-Z4E-R2-07,Rack,RACK-R3-Z4E-R2-07,45,54,85,15,,,,,,,,,,,,,,,,,,,,,,,
RACK-R3-Z4E-R2-08,Rack,RACK-R3-Z4E-R2-08,45,54,85,15,,,,,,,,,,,,,,,,,,,,,,,
RACK-R3-Z4E-R2-09,Rack,RACK-R3-Z4E-R2-09,45,54,85,15,,,,,,,,,,,,,,,,,,,,,,,
RACK-R3-Z4E-R2-10,Rack,RACK-R3-Z4E-R2-10,45,54,85,15,,,,,,,,,,,,,,,,,,,,,,,
RACK-R3-Z4E-R2-11,Rack,RACK-R3-Z4E-R2-11,45,54,85,15,,,,,,,,,,,,,,,,,,,,,,,
RACK-R3-Z4E-R2-12,Rack,RACK-R3-Z4E-R2-12,45,54,85,15,,,,,,,,,,,,,,,,,,,,,,,
RACK-R3-Z5E-R1-01,Rack,RACK-R3-Z5E-R1-01,45,54,85,15,,,,,,,,,,,,,,,,,,,,,,,
RACK-R3-Z5E-R1-02,Rack,RACK-R3-Z5E-R1-02,45,54,85,15,,,,,,,,,,,,,,,,,,,,,,,
RACK-R3-Z5E-R1-03,Rack,RACK-R3-Z5E-R1-03,45,54,85,15,,,,,,,,,,,,,,,,,,,,,,,
RACK-R3-Z5E-R1-04,Rack,RACK-R3-Z5E-R1-04,45,54,85,15,,,,,,,,,,,,,,,,,,,,,,,
RACK-R3-Z5E-R1-05,Rack,RACK-R3-Z5E-R1-05,45,54,85,15,,,,,,,,,,,,,,,,,,,,,,,
RACK-R3-Z5E-R1-06,Rack,RACK-R3-Z5E-R1-06,45,54,85,15,,,,,,,,,,,,,,,,,,,,,,,
RACK-R3-Z5E-R1-07,Rack,RACK-R3-Z5E-R1-07,45,54,85,15,,,,,,,,,,,,,,,,,,,,,,,
RACK-R3-Z5E-R1-08,Rack,RACK-R3-Z5E-R1-08,45,54,85,15,,,,,,,,,,,,,,,,,,,,,,,
RACK-R3-Z5E-R1-09,Rack,RACK-R3-Z5E-R1-09,45,54,85,15,,,,,,,,,,,,,,,,,,,,,,,
RACK-R3-Z5E-R1-10,Rack,RACK-R3-Z5E-R1-10,45,54,85,15,,,,,,,,,,,,,,,,,,,,,,,
RACK-R3-Z5E-R1-11,Rack,RACK-R3-Z5E-R1-11,45,54,85,15,,,,,,,,,,,,,,,,,,,,,,,
RACK-R3-Z5E-R1-12,Rack,RACK-R3-Z5E-R1-12,45,54,85,15,,,,,,,,,,,,,,,,,,,,,,,
RACK-R3-Z5E-R2-01,Rack,RACK-R3-Z5E-R2-01,45,54,85,15,,,,,,,,,,,,,,,,,,,,,,,
RACK-R3-Z5E-R2-02,Rack,RACK-R3-Z5E-R2-02,45,54,85,15,,,,,,,,,,,,,,,,,,,,,,,
RACK-R3-Z5E-R2-03,Rack,RACK-R3-Z5E-R2-03,45,54,85,15,,,,,,,,,,,,,,,,,,,,,,,
RACK-R3-Z5E-R2-04,Rack,RACK-R3-Z5E-R2-04,45,54,85,15,,,,,,,,,,,,,,,,,,,,,,,
RACK-R3-Z5E-R2-05,Rack,RACK-R3-Z5E-R2-05,45,54,85,15,,,,,,,,,,,,,,,,,,,,,,,
RACK-R3-Z5E-R2-06,Rack,RACK-R3-Z5E-R2-06,45,54,85,15,,,,,,,,,,,,,,,,,,,,,,,
RACK-R3-Z5E-R2-07,Rack,RACK-R3-Z5E-R2-07,45,54,85,15,,,,,,,,,,,,,,,,,,,,,,,
RACK-R3-Z5E-R2-08,Rack,RACK-R3-Z5E-R2-08,45,54,85,15,,,,,,,,,,,,,,,,,,,,,,,
RACK-R3-Z5E-R2-09,Rack,RACK-R3-Z5E-R2-09,45,54,85,15,,,,,,,,,,,,,,,,,,,,,,,
RACK-R3-Z5E-R2-10,Rack,RACK-R3-Z5E-R2-10,45,54,85,15,,,,,,,,,,,,,,,,,,,,,,,
RACK-R3-Z5E-R2-11,Rack,RACK-R3-Z5E-R2-11,45,54,85,15,,,,,,,,,,,,,,,,,,,,,,,
RACK-R3-Z5E-R2-12,Rack,RACK-R3-Z5E-R2-12,45,54,85,15,,,,,,,,,,,,,,,,,,,,,,,
RACK-R3-Z6E-R1-01,Rack,RACK-R3-Z6E-R1-01,45,54,85,15,,,,,,,,,,,,,,,,,,,,,,,
RACK-R3-Z6E-R1-02,Rack,RACK-R3-Z6E-R1-02,45,54,85,15,,,,,,,,,,,,,,,,,,,,,,,
RACK-R3-Z6E-R1-03,Rack,RACK-R3-Z6E-R1-03,45,54,85,15,,,,,,,,,,,,,,,,,,,,,,,
RACK-R3-Z6E-R1-04,Rack,RACK-R3-Z6E-R1-04,45,54,85,15,,,,,,,,,,,,,,,,,,,,,,,
RACK-R3-Z6E-R1-05,Rack,RACK-R3-Z6E-R1-05,45,54,85,15,,,,,,,,,,,,,,,,,,,,,,,
RACK-R3-Z6E-R1-06,Rack,RACK-R3-Z6E-R1-06,45,54,85,15,,,,,,,,,,,,,,,,,,,,,,,
RACK-R3-Z6E-R1-07,Rack,RACK-R3-Z6E-R1-07,45,54,85,15,,,,,,,,,,,,,,,,,,,,,,,
RACK-R3-Z6E-R1-08,Rack,RACK-R3-Z6E-R1-08,45,54,85,15,,,,,,,,,,,,,,,,,,,,,,,
RACK-R3-Z6E-R1-09,Rack,RACK-R3-Z6E-R1-09,45,54,85,15,,,,,,,,,,,,,,,,,,,,,,,
RACK-R3-Z6E-R1-10,Rack,RACK-R3-Z6E-R1-10,45,54,85,15,,,,,,,,,,,,,,,,,,,,,,,
RACK-R3-Z6E-R1-11,Rack,RACK-R3-Z6E-R1-11,45,54,85,15,,,,,,,,,,,,,,,,,,,,,,,
RACK-R3-Z6E-R1-12,Rack,RACK-R3-Z6E-R1-12,45,54,85,15,,,,,,,,,,,,,,,,,,,,,,,
RACK-R3-Z6E-R2-01,Rack,RACK-R3-Z6E-R2-01,45,54,85,15,,,,,,,,,,,,,,,,,,,,,,,
RACK-R3-Z6E-R2-02,Rack,RACK-R3-Z6E-R2-02,45,54,85,15,,,,,,,,,,,,,,,,,,,,,,,
RACK-R3-Z6E-R2-03,Rack,RACK-R3-Z6E-R2-03,45,54,85,15,,,,,,,,,,,,,,,,,,,,,,,
RACK-R3-Z6E-R2-04,Rack,RACK-R3-Z6E-R2-04,45,54,85,15,,,,,,,,,,,,,,,,,,,,,,,
RACK-R3-Z6E-R2-05,Rack,RACK-R3-Z6E-R2-05,45,54,85,15,,,,,,,,,,,,,,,,,,,,,,,
RACK-R3-Z6E-R2-06,Rack,RACK-R3-Z6E-R2-06,45,54,85,15,,,,,,,,,,,,,,,,,,,,,,,
RACK-R3-Z6E-R2-07,Rack,RACK-R3-Z6E-R2-07,45,54,85,15,,,,,,,,,,,,,,,,,,,,,,,
RACK-R3-Z6E-R2-08,Rack,RACK-R3-Z6E-R2-08,45,54,85,15,,,,,,,,,,,,,,,,,,,,,,,
RACK-R3-Z6E-R2-09,Rack,RACK-R3-Z6E-R2-09,45,54,85,15,,,,,,,,,,,,,,,,,,,,,,,
RACK-R3-Z6E-R2-10,Rack,RACK-R3-Z6E-R2-10,45,54,85,15,,,,,,,,,,,,,,,,,,,,,,,
RACK-R3-Z6E-R2-11,Rack,RACK-R3-Z6E-R2-11,45,54,85,15,,,,,,,,,,,,,,,,,,,,,,,
RACK-R3-Z6E-R2-12,Rack,RACK-R3-Z6E-R2-12,45,54,85,15,,,,,,,,,,,,,,,,,,,,,,,
RACK-R4-Z1-R1-01,Rack,RACK-R4-Z1-R1-01,20,25,70,30,,,,,,,,,,,,,,,,,,,,,,,
RACK-R4-Z1-R1-02,Rack,RACK-R4-Z1-R1-02,20,25,70,30,,,,,,,,,,,,,,,,,,,,,,,
RACK-R4-Z1-R1-03,Rack,RACK-R4-Z1-R1-03,20,25,70,30,,,,,,,,,,,,,,,,,,,,,,,
RACK-R4-Z1-R1-04,Rack,RACK-R4-Z1-R1-04,20,25,70,30,,,,,,,,,,,,,,,,,,,,,,,
RACK-R4-Z1-R1-05,Rack,RACK-R4-Z1-R1-05,20,25,70,30,,,,,,,,,,,,,,,,,,,,,,,
RACK-R4-Z1-R1-06,Rack,RACK-R4-Z1-R1-06,20,25,70,30,,,,,,,,,,,,,,,,,,,,,,,
RACK-R4-Z1-R1-07,Rack,RACK-R4-Z1-R1-07,20,25,70,30,,,,,,,,,,,,,,,,,,,,,,,
RACK-R4-Z1-R1-08,Rack,RACK-R4-Z1-R1-08,20,25,70,30,,,,,,,,,,,,,,,,,,,,,,,
RACK-R4-Z1-R1-09,Rack,RACK-R4-Z1-R1-09,20,25,70,30,,,,,,,,,,,,,,,,,,,,,,,
RACK-R4-Z1-R1-10,Rack,RACK-R4-Z1-R1-10,20,25,70,30,,,,,,,,,,,,,,,,,,,,,,,
RACK-R4-Z1-R1-11,Rack,RACK-R4-Z1-R1-11,20,25,70,30,,,,,,,,,,,,,,,,,,,,,,,
RACK-R4-Z1-R1-12,Rack,RACK-R4-Z1-R1-12,20,25,70,30,,,,,,,,,,,,,,,,,,,,,,,
RACK-R4-Z1-R2-01,Rack,RACK-R4-Z1-R2-01,20,25,70,30,,,,,,,,,,,,,,,,,,,,,,,
RACK-R4-Z1-R2-02,Rack,RACK-R4-Z1-R2-02,20,25,70,30,,,,,,,,,,,,,,,,,,,,,,,
RACK-R4-Z1-R2-03,Rack,RACK-R4-Z1-R2-03,20,25,70,30,,,,,,,,,,,,,,,,,,,,,,,
RACK-R4-Z1-R2-04,Rack,RACK-R4-Z1-R2-04,20,25,70,30,,,,,,,,,,,,,,,,,,,,,,,
RACK-R4-Z1-R2-05,Rack,RACK-R4-Z1-R2-05,20,25,70,30,,,,,,,,,,,,,,,,,,,,,,,
RACK-R4-Z1-R2-06,Rack,RACK-R4-Z1-R2-06,20,25,70,30,,,,,,,,,,,,,,,,,,,,,,,
RACK-R4-Z1-R2-07,Rack,RACK-R4-Z1-R2-07,20,25,70,30,,,,,,,,,,,,,,,,,,,,,,,
RACK-R4-Z1-R2-08,Rack,RACK-R4-Z1-R2-08,20,25,70,30,,,,,,,,,,,,,,,,,,,,,,,
RACK-R4-Z1-R2-09,Rack,RACK-R4-Z1-R2-09,20,25,70,30,,,,,,,,,,,,,,,,,,,,,,,
RACK-R4-Z1-R2-10,Rack,RACK-R4-Z1-R2-10,20,25,70,30,,,,,,,,,,,,,,,,,,,,,,,
RACK-R4-Z1-R2-11,Rack,RACK-R4-Z1-R2-11,20,25,70,30,,,,,,,,,,,,,,,,,,,,,,,
RACK-R4-Z1-R2-12,Rack,RACK-R4-Z1-R2-12,20,25,70,30,,,,,,,,,,,,,,,,,,,,,,,
RACK-R5-Z1W-R1-01,Rack,RACK-R5-Z1W-R1-01,60,72,85,15,,,,,,,,,,,,,,,,,,,,,,,
RACK-R5-Z1W-R1-02,Rack,RACK-R5-Z1W-R1-02,60,72,85,15,,,,,,,,,,,,,,,,,,,,,,,
RACK-R5-Z1W-R1-03,Rack,RACK-R5-Z1W-R1-03,60,72,85,15,,,,,,,,,,,,,,,,,,,,,,,
RACK-R5-Z1W-R1-04,Rack,RACK-R5-Z1W-R1-04,60,72,85,15,,,,,,,,,,,,,,,,,,,,,,,
RACK-R5-Z1W-R1-05,Rack,RACK-R5-Z1W-R1-05,60,72,85,15,,,,,,,,,,,,,,,,,,,,,,,
RACK-R5-Z1W-R1-06,Rack,RACK-R5-Z1W-R1-06,60,72,85,15,,,,,,,,,,,,,,,,,,,,,,,
RACK-R5-Z1W-R1-07,Rack,RACK-R5-Z1W-R1-07,60,72,85,15,,,,,,,,,,,,,,,,,,,,,,,
RACK-R5-Z1W-R1-08,Rack,RACK-R5-Z1W-R1-08,60,72,85,15,,,,,,,,,,,,,,,,,,,,,,,
RACK-R5-Z1W-R1-09,Rack,RACK-R5-Z1W-R1-09,60,72,85,15,,,,,,,,,,,,,,,,,,,,,,,
RACK-R5-Z1W-R1-10,Rack,RACK-R5-Z1W-R1-10,60,72,85,15,,,,,,,,,,,,,,,,,,,,,,,
RACK-R5-Z1W-R1-11,Rack,RACK-R5-Z1W-R1-11,60,72,85,15,,,,,,,,,,,,,,,,,,,,,,,
RACK-R5-Z1W-R1-12,Rack,RACK-R5-Z1W-R1-12,60,72,85,15,,,,,,,,,,,,,,,,,,,,,,,
RACK-R5-Z1W-R2-01,Rack,RACK-R5-Z1W-R2-01,60,72,85,15,,,,,,,,,,,,,,,,,,,,,,,
RACK-R5-Z1W-R2-02,Rack,RACK-R5-Z1W-R2-02,60,72,85,15,,,,,,,,,,,,,,,,,,,,,,,
RACK-R5-Z1W-R2-03,Rack,RACK-R5-Z1W-R2-03,60,72,85,15,,,,,,,,,,,,,,,,,,,,,,,
RACK-R5-Z1W-R2-04,Rack,RACK-R5-Z1W-R2-04,60,72,85,15,,,,,,,,,,,,,,,,,,,,,,,
RACK-R5-Z1W-R2-05,Rack,RACK-R5-Z1W-R2-05,60,72,85,15,,,,,,,,,,,,,,,,,,,,,,,
RACK-R5-Z1W-R2-06,Rack,RACK-R5-Z1W-R2-06,60,72,85,15,,,,,,,,,,,,,,,,,,,,,,,
RACK-R5-Z1W-R2-07,Rack,RACK-R5-Z1W-R2-07,60,72,85,15,,,,,,,,,,,,,,,,,,,,,,,
RACK-R5-Z1W-R2-08,Rack,RACK-R5-Z1W-R2-08,60,72,85,15,,,,,,,,,,,,,,,,,,,,,,,
RACK-R5-Z1W-R2-09,Rack,RACK-R5-Z1W-R2-09,60,72,85,15,,,,,,,,,,,,,,,,,,,,,,,
RACK-R5-Z1W-R2-10,Rack,RACK-R5-Z1W-R2-10,60,72,85,15,,,,,,,,,,,,,,,,,,,,,,,
RACK-R5-Z1W-R2-11,Rack,RACK-R5-Z1W-R2-11,60,72,85,15,,,,,,,,,,,,,,,,,,,,,,,
RACK-R5-Z1W-R2-12,Rack,RACK-R5-Z1W-R2-12,60,72,85,15,,,,,,,,,,,,,,,,,,,,,,,
RACK-R5-Z2E-R1-01,Rack,RACK-R5-Z2E-R1-01,60,72,85,15,,,,,,,,,,,,,,,,,,,,,,,
RACK-R5-Z2E-R1-02,Rack,RACK-R5-Z2E-R1-02,60,72,85,15,,,,,,,,,,,,,,,,,,,,,,,
RACK-R5-Z2E-R1-03,Rack,RACK-R5-Z2E-R1-03,60,72,85,15,,,,,,,,,,,,,,,,,,,,,,,
RACK-R5-Z2E-R1-04,Rack,RACK-R5-Z2E-R1-04,60,72,85,15,,,,,,,,,,,,,,,,,,,,,,,
RACK-R5-Z2E-R1-05,Rack,RACK-R5-Z2E-R1-05,60,72,85,15,,,,,,,,,,,,,,,,,,,,,,,
RACK-R5-Z2E-R1-06,Rack,RACK-R5-Z2E-R1-06,60,72,85,15,,,,,,,,,,,,,,,,,,,,,,,
RACK-R5-Z2E-R1-07,Rack,RACK-R5-Z2E-R1-07,60,72,85,15,,,,,,,,,,,,,,,,,,,,,,,
RACK-R5-Z2E-R1-08,Rack,RACK-R5-Z2E-R1-08,60,72,85,15,,,,,,,,,,,,,,,,,,,,,,,
RACK-R5-Z2E-R1-09,Rack,RACK-R5-Z2E-R1-09,60,72,85,15,,,,,,,,,,,,,,,,,,,,,,,
RACK-R5-Z2E-R1-10,Rack,RACK-R5-Z2E-R1-10,60,72,85,15,,,,,,,,,,,,,,,,,,,,,,,
RACK-R5-Z2E-R1-11,Rack,RACK-R5-Z2E-R1-11,60,72,85,15,,,,,,,,,,,,,,,,,,,,,,,
RACK-R5-Z2E-R1-12,Rack,RACK-R5-Z2E-R1-12,60,72,85,15,,,,,,,,,,,,,,,,,,,,,,,
RACK-R5-Z2E-R2-01,Rack,RACK-R5-Z2E-R2-01,60,72,85,15,,,,,,,,,,,,,,,,,,,,,,,
RACK-R5-Z2E-R2-02,Rack,RACK-R5-Z2E-R2-02,60,72,85,15,,,,,,,,,,,,,,,,,,,,,,,
RACK-R5-Z2E-R2-03,Rack,RACK-R5-Z2E-R2-03,60,72,85,15,,,,,,,,,,,,,,,,,,,,,,,
RACK-R5-Z2E-R2-04,Rack,RACK-R5-Z2E-R2-04,60,72,85,15,,,,,,,,,,,,,,,,,,,,,,,
RACK-R5-Z2E-R2-05,Rack,RACK-R5-Z2E-R2-05,60,72,85,15,,,,,,,,,,,,,,,,,,,,,,,
RACK-R5-Z2E-R2-06,Rack,RACK-R5-Z2E-R2-06,60,72,85,15,,,,,,,,,,,,,,,,,,,,,,,
RACK-R5-Z2E-R2-07,Rack,RACK-R5-Z2E-R2-07,60,72,85,15,,,,,,,,,,,,,,,,,,,,,,,
RACK-R5-Z2E-R2-08,Rack,RACK-R5-Z2E-R2-08,60,72,85,15,,,,,,,,,,,,,,,,,,,,,,,
RACK-R5-Z2E-R2-09,Rack,RACK-R5-Z2E-R2-09,60,72,85,15,,,,,,,,,,,,,,,,,,,,,,,
RACK-R5-Z2E-R2-10,Rack,RACK-R5-Z2E-R2-10,60,72,85,15,,,,,,,,,,,,,,,,,,,,,,,
RACK-R5-Z2E-R2-11,Rack,RACK-R5-Z2E-R2-11,60,72,85,15,,,,,,,,,,,,,,,,,,,,,,,
RACK-R5-Z2E-R2-12,Rack,RACK-R5-Z2E-R2-12,60,72,85,15,,,,,,,,,,,,,,,,,,,,,,,
RDHX-RACK-R1-Z1-R1-01,RDHx,RDHx for RACK-R1-Z1-R1-01,,,,,8.333333333,,,,,,,,,,,,,,,,,,,,,,
RDHX-RACK-R1-Z1-R1-02,RDHx,RDHx for RACK-R1-Z1-R1-02,,,,,8.333333333,,,,,,,,,,,,,,,,,,,,,,
RDHX-RACK-R1-Z1-R1-03,RDHx,RDHx for RACK-R1-Z1-R1-03,,,,,8.333333333,,,,,,,,,,,,,,,,,,,,,,
RDHX-RACK-R1-Z1-R1-04,RDHx,RDHx for RACK-R1-Z1-R1-04,,,,,8.333333333,,,,,,,,,,,,,,,,,,,,,,
RDHX-RACK-R1-Z1-R1-05,RDHx,RDHx for RACK-R1-Z1-R1-05,,,,,8.333333333,,,,,,,,,,,,,,,,,,,,,,
RDHX-RACK-R1-Z1-R1-06,RDHx,RDHx for RACK-R1-Z1-R1-06,,,,,8.333333333,,,,,,,,,,,,,,,,,,,,,,
RDHX-RACK-R1-Z1-R2-01,RDHx,RDHx for RACK-R1-Z1-R2-01,,,,,8.333333333,,,,,,,,,,,,,,,,,,,,,,
RDHX-RACK-R1-Z1-R2-02,RDHx,RDHx for RACK-R1-Z1-R2-02,,,,,8.333333333,,,,,,,,,,,,,,,,,,,,,,
RDHX-RACK-R1-Z1-R2-03,RDHx,RDHx for RACK-R1-Z1-R2-03,,,,,8.333333333,,,,,,,,,,,,,,,,,,,,,,
RDHX-RACK-R1-Z1-R2-04,RDHx,RDHx for RACK-R1-Z1-R2-04,,,,,8.333333333,,,,,,,,,,,,,,,,,,,,,,
RDHX-RACK-R1-Z1-R2-05,RDHx,RDHx for RACK-R1-Z1-R2-05,,,,,8.333333333,,,,,,,,,,,,,,,,,,,,,,
RDHX-RACK-R1-Z1-R2-06,RDHx,RDHx for RACK-R1-Z1-R2-06,,,,,8.333333333,,,,,,,,,,,,,,,,,,,,,,
RDHX-RACK-R1-Z2-R1-01,RDHx,RDHx for RACK-R1-Z2-R1-01,,,,,8.333333333,,,,,,,,,,,,,,,,,,,,,,
RDHX-RACK-R1-Z2-R1-02,RDHx,RDHx for RACK-R1-Z2-R1-02,,,,,8.333333333,,,,,,,,,,,,,,,,,,,,,,
RDHX-RACK-R1-Z2-R1-03,RDHx,RDHx for RACK-R1-Z2-R1-03,,,,,8.333333333,,,,,,,,,,,,,,,,,,,,,,
RDHX-RACK-R1-Z2-R1-04,RDHx,RDHx for RACK-R1-Z2-R1-04,,,,,8.333333333,,,,,,,,,,,,,,,,,,,,,,
RDHX-RACK-R1-Z2-R1-05,RDHx,RDHx for RACK-R1-Z2-R1-05,,,,,8.333333333,,,,,,,,,,,,,,,,,,,,,,
RDHX-RACK-R1-Z2-R1-06,RDHx,RDHx for RACK-R1-Z2-R1-06,,,,,8.333333333,,,,,,,,,,,,,,,,,,,,,,
RDHX-RACK-R1-Z2-R2-01,RDHx,RDHx for RACK-R1-Z2-R2-01,,,,,8.333333333,,,,,,,,,,,,,,,,,,,,,,
RDHX-RACK-R1-Z2-R2-02,RDHx,RDHx for RACK-R1-Z2-R2-02,,,,,8.333333333,,,,,,,,,,,,,,,,,,,,,,
RDHX-RACK-R1-Z2-R2-03,RDHx,RDHx for RACK-R1-Z2-R2-03,,,,,8.333333333,,,,,,,,,,,,,,,,,,,,,,
RDHX-RACK-R1-Z2-R2-04,RDHx,RDHx for RACK-R1-Z2-R2-04,,,,,8.333333333,,,,,,,,,,,,,,,,,,,,,,
RDHX-RACK-R1-Z2-R2-05,RDHx,RDHx for RACK-R1-Z2-R2-05,,,,,8.333333333,,,,,,,,,,,,,,,,,,,,,,
RDHX-RACK-R1-Z2-R2-06,RDHx,RDHx for RACK-R1-Z2-R2-06,,,,,8.333333333,,,,,,,,,,,,,,,,,,,,,,
BDL-R1R2,Room Bundle,Room Bundle 01,,,,,,,,,,,,,,,,,,,,,,,,,,,
BDL-R3,Room Bundle,Room Bundle 02,,,,,,,,,,,,,,,,,,,,,,,,,,,
BDL-R4,Room Bundle,Room Bundle 03,,,,,,,,,,,,,,,,,,,,,,,,,,,
BDL-R5,Room Bundle,Room Bundle 04,,,,,,,,,,,,,,,,,,,,,,,,,,,
RPDU-R1,Room PDU,Room PDU for ROOM-1-1,,,,,,,,,,,,,,,,,,,,400,480,600,,,,,
RPDU-R2,Room PDU,Room PDU for ROOM-1-2,,,,,,,,,,,,,,,,,,,,400,480,600,,,,,
RPDU-R3-A,Room PDU,RPDU-R3-A,,,,,,,,,,,,,,,,,,,,4000,4000,5000,,,,,
RPDU-R4-A,Room PDU,RPDU-R4-A,,,,,,,,,,,,,,,,,,,,2500,3200,4000,,,,,
RPDU-R3-B,Room PDU,RPDU-R3-B,,,,,,,,,,,,,,,,,,,,3000,3200,4000,,,,,
RPDU-R3R4-B,Room PDU,RPDU-R3R4-B,,,,,,,,,,,,,,,,,,,,960,960,1200,,,,,
RPDU-R5-A,Room PDU,RPDU-R5-A,,,,,,,,,,,,,,,,,,,,4000,4000,5000,,,,,
RPDU-R5-B,Room PDU,RPDU-R5-B,,,,,,,,,,,,,,,,,,,,3000,3200,4000,,,,,
ROW-R1-Z1-R1,Row,Row 1 in ZONE-R1-Z1,90,,,,,,,,,,,,,,,,,,,,,,,,,,
ROW-R1-Z2-R1,Row,Row 1 in ZONE-R1-Z2,90,,,,,,,,,,,,,,,,,,,,,,,,,,
ROW-R2-Z1-R1,Row,Row 1 in ZONE-R2-Z1,90,,,,,,,,,,,,,,,,,,,,,,,,,,
ROW-R2-Z2-R1,Row,Row 1 in ZONE-R2-Z2,90,,,,,,,,,,,,,,,,,,,,,,,,,,
ROW-R1-Z1-R2,Row,Row 2 in ZONE-R1-Z1,90,,,,,,,,,,,,,,,,,,,,,,,,,,
ROW-R1-Z2-R2,Row,Row 2 in ZONE-R1-Z2,90,,,,,,,,,,,,,,,,,,,,,,,,,,
ROW-R2-Z1-R2,Row,Row 2 in ZONE-R2-Z1,90,,,,,,,,,,,,,,,,,,,,,,,,,,
ROW-R2-Z2-R2,Row,Row 2 in ZONE-R2-Z2,90,,,,,,,,,,,,,,,,,,,,,,,,,,
ROW-R3-Z1W-R1,Row,ROW-R3-Z1W-R1,360,,,,,,,,,,,,,,,,,,,,,,,,,,
ROW-R3-Z1W-R2,Row,ROW-R3-Z1W-R2,360,,,,,,,,,,,,,,,,,,,,,,,,,,
ROW-R3-Z2W-R1,Row,ROW-R3-Z2W-R1,360,,,,,,,,,,,,,,,,,,,,,,,,,,
ROW-R3-Z2W-R2,Row,ROW-R3-Z2W-R2,360,,,,,,,,,,,,,,,,,,,,,,,,,,
ROW-R3-Z3W-R1,Row,ROW-R3-Z3W-R1,360,,,,,,,,,,,,,,,,,,,,,,,,,,
ROW-R3-Z3W-R2,Row,ROW-R3-Z3W-R2,360,,,,,,,,,,,,,,,,,,,,,,,,,,
ROW-R3-Z4E-R1,Row,ROW-R3-Z4E-R1,540,,,,,,,,,,,,,,,,,,,,,,,,,,
ROW-R3-Z4E-R2,Row,ROW-R3-Z4E-R2,540,,,,,,,,,,,,,,,,,,,,,,,,,,
ROW-R3-Z5E-R1,Row,ROW-R3-Z5E-R1,540,,,,,,,,,,,,,,,,,,,,,,,,,,
ROW-R3-Z5E-R2,Row,ROW-R3-Z5E-R2,540,,,,,,,,,,,,,,,,,,,,,,,,,,
ROW-R3-Z6E-R1,Row,ROW-R3-Z6E-R1,540,,,,,,,,,,,,,,,,,,,,,,,,,,
ROW-R3-Z6E-R2,Row,ROW-R3-Z6E-R2,540,,,,,,,,,,,,,,,,,,,,,,,,,,
ROW-R4-Z1-R1,Row,ROW-R4-Z1-R1,240,,,,,,,,,,,,,,,,,,,,,,,,,,
ROW-R4-Z1-R2,Row,ROW-R4-Z1-R2,240,,,,,,,,,,,,,,,,,,,,,,,,,,
ROW-R5-Z1W-R1,Row,ROW-R5-Z1W-R1,720,,,,,,,,,,,,,,,,,,,,,,,,,,
ROW-R5-Z1W-R2,Row,ROW-R5-Z1W-R2,720,,,,,,,,,,,,,,,,,,,,,,,,,,
ROW-R5-Z2E-R1,Row,ROW-R5-Z2E-R1,720,,,,,,,,,,,,,,,,,,,,,,,,,,
ROW-R5-Z2E-R2,Row,ROW-R5-Z2E-R2,720,,,,,,,,,,,,,,,,,,,,,,,,,,
RPP-R1-1,RPP,RPP 1 for ROOM-1-1,,,,,,,230,54,12,,,,,,,,,,,,,,,,,,
RPP-R1-2,RPP,RPP 2 for ROOM-1-1,,,,,,,230,54,12,,,,,,,,,,,,,,,,,,
RPP-R2-1,RPP,RPP 1 for ROOM-1-2,,,,,,,230,54,12,,,,,,,,,,,,,,,,,,
RPP-R2-2,RPP,RPP 2 for ROOM-1-2,,,,,,,230,54,12,,,,,,,,,,,,,,,,,,
RPP-R3-A1,RPP,RPP-R3-A1,,,,,,,920,120,40,,,,,,,,,,,,,,,,,,
RPP-R3-A2,RPP,RPP-R3-A2,,,,,,,920,120,40,,,,,,,,,,,,,,,,,,
RPP-R3-A3,RPP,RPP-R3-A3,,,,,,,920,120,32,,,,,,,,,,,,,,,,,,
RPP-R3-A4,RPP,RPP-R3-A4,,,,,,,920,120,32,,,,,,,,,,,,,,,,,,
RPP-R4-A5,RPP,RPP-R4-A5,,,,,,,345,84,12,,,,,,,,,,,,,,,,,,
RPP-R4-A6,RPP,RPP-R4-A6,,,,,,,345,84,12,,,,,,,,,,,,,,,,,,
RPP-R5-A1,RPP,RPP-R5-A1,,,,,,,920,84,12,,,,,,,,,,,,,,,,,,
RPP-R5-A2,RPP,RPP-R5-A2,,,,,,,920,84,12,,,,,,,,,,,,,,,,,,
RPP-R5-A3,RPP,RPP-R5-A3,,,,,,,920,84,12,,,,,,,,,,,,,,,,,,
RPP-R5-A4,RPP,RPP-R5-A4,,,,,,,920,84,12,,,,,,,,,,,,,,,,,,
RPP-R3-B1,RPP,RPP-R3-B1,,,,,,,1380,120,36,,,,,,,,,,,,,,,,,,
RPP-R3-B2,RPP,RPP-R3-B2,,,,,,,1380,120,36,,,,,,,,,,,,,,,,,,
RPP-R3-B3,RPP,RPP-R3-B3,,,,,,,920,120,36,,,,,,,,,,,,,,,,,,
RPP-R3-B4,RPP,RPP-R3-B4,,,,,,,1380,120,36,,,,,,,,,,,,,,,,,,
RPP-R4-B5,RPP,RPP-R4-B5,,,,,,,345,84,12,,,,,,,,,,,,,,,,,,
RPP-R4-B6,RPP,RPP-R4-B6,,,,,,,345,84,12,,,,,,,,,,,,,,,,,,
RPP-R5-B1,RPP,RPP-R5-B1,,,,,,,920,84,12,,,,,,,,,,,,,,,,,,
RPP-R5-B2,RPP,RPP-R5-B2,,,,,,,920,84,12,,,,,,,,,,,,,,,,,,
RPP-R5-B3,RPP,RPP-R5-B3,,,,,,,920,84,12,,,,,,,,,,,,,,,,,,
RPP-R5-B4,RPP,RPP-R5-B4,,,,,,,920,84,12,,,,,,,,,,,,,,,,,,
UPS-01,UPS,UPS 01,,,,,,,,,,,,,,,,,,,,,,,780,800,1000,,
UPS-02-A,UPS,UPS-02-A,,,,,,,,,,,,,,,,,,,,,,,9000,9600,12000,,
UPS-02-B,UPS,UPS-02-B,,,,,,,,,,,,,,,,,,,,,,,9000,9600,12000,,
BDL-UPS-01,UPS Bundle,UPS Bundle 01,,,,,,,,,,,,,,,,,,,,,,,,,,,
BDL-UPS-02,UPS Bundle,UPS Bundle 02,,,,,,,,,,,,,,,,,,,,,,,,,,,
BDL-RPDU-R1R2,Room PDU Bundle,Room PDU Bundle 01,,,,,,,,,,,,,,,,,,,,,,,,,,,
BDL-RPDU-R3R4,Room PDU Bundle,Room PDU Bundle 02,,,,,,,,,,,,,,,,,,,,,,,,,,,
BDL-RPDU-R5,Room PDU Bundle,Room PDU Bundle 03,,,,,,,,,,,,,,,,,,,,,,,,,,,
